
===== 2026-09-09 09:58:44 开始上报 =====
========== report 请求 ==========
Server      : 9.134.117.127:8085
Namespace   : Test
Service     : lzb_llm_test
MetricTimeMs: 1788919124925
Nodes (3):
  [0] 1.1.1.1:8080 metrics=map[kv_cache_usage_perc:0.3 num_requests_running:50 num_requests_waiting:100]
  [1] 1.1.1.2:8080 metrics=map[kv_cache_usage_perc:0.7 num_requests_running:100 num_requests_waiting:70]
  [2] 1.1.1.3:8080 metrics=map[kv_cache_usage_perc:0.6 num_requests_running:20 num_requests_waiting:100]
========== report 响应 ==========
Code: 200000
Info: execute success
==================================
===== 2026-09-09 09:58:45 上报结束 =====

===== 2026-09-09 09:59:45 开始上报 =====
/Users/zhengbangli/code/GoLearn/polaris/global-scheduler/cmd/report/run_crontab.sh: line 36: /var/folders/l2/1wpn5kpd0715sc20jc_g372h0000gn/T/report.XXXXXX.01P12VW7x6/report: No such file or directory
===== 2026-09-09 09:59:45 上报结束 =====

===== 2026-09-09 10:00:46 开始上报 =====
/Users/zhengbangli/code/GoLearn/polaris/global-scheduler/cmd/report/run_crontab.sh: line 36: /var/folders/l2/1wpn5kpd0715sc20jc_g372h0000gn/T/report.XXXXXX.01P12VW7x6/report: No such file or directory
===== 2026-09-09 10:00:46 上报结束 =====

===== 2026-09-09 10:01:46 开始上报 =====
/Users/zhengbangli/code/GoLearn/polaris/global-scheduler/cmd/report/run_crontab.sh: line 36: /var/folders/l2/1wpn5kpd0715sc20jc_g372h0000gn/T/report.XXXXXX.01P12VW7x6/report: No such file or directory
===== 2026-09-09 10:01:46 上报结束 =====

===== 2026-09-09 10:02:47 开始上报 =====
/Users/zhengbangli/code/GoLearn/polaris/global-scheduler/cmd/report/run_crontab.sh: line 36: /var/folders/l2/1wpn5kpd0715sc20jc_g372h0000gn/T/report.XXXXXX.01P12VW7x6/report: No such file or directory
===== 2026-09-09 10:02:47 上报结束 =====

===== 2026-09-09 10:03:48 开始上报 =====
/Users/zhengbangli/code/GoLearn/polaris/global-scheduler/cmd/report/run_crontab.sh: line 36: /var/folders/l2/1wpn5kpd0715sc20jc_g372h0000gn/T/report.XXXXXX.01P12VW7x6/report: No such file or directory
===== 2026-09-09 10:03:48 上报结束 =====

===== 2026-09-09 10:04:48 开始上报 =====
/Users/zhengbangli/code/GoLearn/polaris/global-scheduler/cmd/report/run_crontab.sh: line 36: /var/folders/l2/1wpn5kpd0715sc20jc_g372h0000gn/T/report.XXXXXX.01P12VW7x6/report: No such file or directory
===== 2026-09-09 10:04:48 上报结束 =====

===== 2026-09-09 10:05:49 开始上报 =====
/Users/zhengbangli/code/GoLearn/polaris/global-scheduler/cmd/report/run_crontab.sh: line 36: /var/folders/l2/1wpn5kpd0715sc20jc_g372h0000gn/T/report.XXXXXX.01P12VW7x6/report: No such file or directory
===== 2026-09-09 10:05:49 上报结束 =====

===== 2026-09-09 10:06:50 开始上报 =====
/Users/zhengbangli/code/GoLearn/polaris/global-scheduler/cmd/report/run_crontab.sh: line 36: /var/folders/l2/1wpn5kpd0715sc20jc_g372h0000gn/T/report.XXXXXX.01P12VW7x6/report: No such file or directory
===== 2026-09-09 10:06:50 上报结束 =====

===== 2026-09-09 10:07:51 开始上报 =====
/Users/zhengbangli/code/GoLearn/polaris/global-scheduler/cmd/report/run_crontab.sh: line 36: /var/folders/l2/1wpn5kpd0715sc20jc_g372h0000gn/T/report.XXXXXX.01P12VW7x6/report: No such file or directory
===== 2026-09-09 10:07:51 上报结束 =====

===== 2026-09-09 10:08:51 开始上报 =====
/Users/zhengbangli/code/GoLearn/polaris/global-scheduler/cmd/report/run_crontab.sh: line 36: /var/folders/l2/1wpn5kpd0715sc20jc_g372h0000gn/T/report.XXXXXX.01P12VW7x6/report: No such file or directory
===== 2026-09-09 10:08:51 上报结束 =====

===== 2026-09-09 10:09:52 开始上报 =====
/Users/zhengbangli/code/GoLearn/polaris/global-scheduler/cmd/report/run_crontab.sh: line 36: /var/folders/l2/1wpn5kpd0715sc20jc_g372h0000gn/T/report.XXXXXX.01P12VW7x6/report: No such file or directory
===== 2026-09-09 10:09:52 上报结束 =====

===== 2026-09-09 10:10:53 开始上报 =====
/Users/zhengbangli/code/GoLearn/polaris/global-scheduler/cmd/report/run_crontab.sh: line 36: /var/folders/l2/1wpn5kpd0715sc20jc_g372h0000gn/T/report.XXXXXX.01P12VW7x6/report: No such file or directory
===== 2026-09-09 10:10:53 上报结束 =====

===== 2026-09-09 10:11:53 开始上报 =====
/Users/zhengbangli/code/GoLearn/polaris/global-scheduler/cmd/report/run_crontab.sh: line 36: /var/folders/l2/1wpn5kpd0715sc20jc_g372h0000gn/T/report.XXXXXX.01P12VW7x6/report: No such file or directory
===== 2026-09-09 10:11:53 上报结束 =====

===== 2026-09-09 10:12:54 开始上报 =====
/Users/zhengbangli/code/GoLearn/polaris/global-scheduler/cmd/report/run_crontab.sh: line 36: /var/folders/l2/1wpn5kpd0715sc20jc_g372h0000gn/T/report.XXXXXX.01P12VW7x6/report: No such file or directory
===== 2026-09-09 10:12:54 上报结束 =====

===== 2026-09-09 10:13:54 开始上报 =====
/Users/zhengbangli/code/GoLearn/polaris/global-scheduler/cmd/report/run_crontab.sh: line 36: /var/folders/l2/1wpn5kpd0715sc20jc_g372h0000gn/T/report.XXXXXX.01P12VW7x6/report: No such file or directory
===== 2026-09-09 10:13:54 上报结束 =====

===== 2026-09-09 10:14:55 开始上报 =====
/Users/zhengbangli/code/GoLearn/polaris/global-scheduler/cmd/report/run_crontab.sh: line 36: /var/folders/l2/1wpn5kpd0715sc20jc_g372h0000gn/T/report.XXXXXX.01P12VW7x6/report: No such file or directory
===== 2026-09-09 10:14:55 上报结束 =====

===== 2026-09-09 10:15:56 开始上报 =====
/Users/zhengbangli/code/GoLearn/polaris/global-scheduler/cmd/report/run_crontab.sh: line 36: /var/folders/l2/1wpn5kpd0715sc20jc_g372h0000gn/T/report.XXXXXX.01P12VW7x6/report: No such file or directory
===== 2026-09-09 10:15:56 上报结束 =====

===== 2026-09-09 10:16:57 开始上报 =====
/Users/zhengbangli/code/GoLearn/polaris/global-scheduler/cmd/report/run_crontab.sh: line 36: /var/folders/l2/1wpn5kpd0715sc20jc_g372h0000gn/T/report.XXXXXX.01P12VW7x6/report: No such file or directory
===== 2026-09-09 10:16:57 上报结束 =====

===== 2026-09-09 10:17:57 开始上报 =====
/Users/zhengbangli/code/GoLearn/polaris/global-scheduler/cmd/report/run_crontab.sh: line 36: /var/folders/l2/1wpn5kpd0715sc20jc_g372h0000gn/T/report.XXXXXX.01P12VW7x6/report: No such file or directory
===== 2026-09-09 10:17:57 上报结束 =====

===== 2026-09-09 10:18:58 开始上报 =====
/Users/zhengbangli/code/GoLearn/polaris/global-scheduler/cmd/report/run_crontab.sh: line 36: /var/folders/l2/1wpn5kpd0715sc20jc_g372h0000gn/T/report.XXXXXX.01P12VW7x6/report: No such file or directory
===== 2026-09-09 10:18:58 上报结束 =====

===== 2026-09-09 10:19:58 开始上报 =====
/Users/zhengbangli/code/GoLearn/polaris/global-scheduler/cmd/report/run_crontab.sh: line 36: /var/folders/l2/1wpn5kpd0715sc20jc_g372h0000gn/T/report.XXXXXX.01P12VW7x6/report: No such file or directory
===== 2026-09-09 10:19:58 上报结束 =====

===== 2026-09-09 10:20:59 开始上报 =====
/Users/zhengbangli/code/GoLearn/polaris/global-scheduler/cmd/report/run_crontab.sh: line 36: /var/folders/l2/1wpn5kpd0715sc20jc_g372h0000gn/T/report.XXXXXX.01P12VW7x6/report: No such file or directory
===== 2026-09-09 10:20:59 上报结束 =====

===== 2026-09-09 10:22:00 开始上报 =====
/Users/zhengbangli/code/GoLearn/polaris/global-scheduler/cmd/report/run_crontab.sh: line 36: /var/folders/l2/1wpn5kpd0715sc20jc_g372h0000gn/T/report.XXXXXX.01P12VW7x6/report: No such file or directory
===== 2026-09-09 10:22:00 上报结束 =====

===== 2026-09-09 10:23:00 开始上报 =====
/Users/zhengbangli/code/GoLearn/polaris/global-scheduler/cmd/report/run_crontab.sh: line 36: /var/folders/l2/1wpn5kpd0715sc20jc_g372h0000gn/T/report.XXXXXX.01P12VW7x6/report: No such file or directory
===== 2026-09-09 10:23:00 上报结束 =====

===== 2026-09-09 10:24:01 开始上报 =====
/Users/zhengbangli/code/GoLearn/polaris/global-scheduler/cmd/report/run_crontab.sh: line 36: /var/folders/l2/1wpn5kpd0715sc20jc_g372h0000gn/T/report.XXXXXX.01P12VW7x6/report: No such file or directory
===== 2026-09-09 10:24:01 上报结束 =====

===== 2026-09-09 10:25:01 开始上报 =====
/Users/zhengbangli/code/GoLearn/polaris/global-scheduler/cmd/report/run_crontab.sh: line 36: /var/folders/l2/1wpn5kpd0715sc20jc_g372h0000gn/T/report.XXXXXX.01P12VW7x6/report: No such file or directory
===== 2026-09-09 10:25:01 上报结束 =====

===== 2026-09-09 10:26:02 开始上报 =====
/Users/zhengbangli/code/GoLearn/polaris/global-scheduler/cmd/report/run_crontab.sh: line 36: /var/folders/l2/1wpn5kpd0715sc20jc_g372h0000gn/T/report.XXXXXX.01P12VW7x6/report: No such file or directory
===== 2026-09-09 10:26:02 上报结束 =====

===== 2026-09-09 10:27:03 开始上报 =====
/Users/zhengbangli/code/GoLearn/polaris/global-scheduler/cmd/report/run_crontab.sh: line 36: /var/folders/l2/1wpn5kpd0715sc20jc_g372h0000gn/T/report.XXXXXX.01P12VW7x6/report: No such file or directory
===== 2026-09-09 10:27:03 上报结束 =====

===== 2026-09-09 10:28:03 开始上报 =====
/Users/zhengbangli/code/GoLearn/polaris/global-scheduler/cmd/report/run_crontab.sh: line 36: /var/folders/l2/1wpn5kpd0715sc20jc_g372h0000gn/T/report.XXXXXX.01P12VW7x6/report: No such file or directory
===== 2026-09-09 10:28:03 上报结束 =====

===== 2026-09-09 10:29:04 开始上报 =====
/Users/zhengbangli/code/GoLearn/polaris/global-scheduler/cmd/report/run_crontab.sh: line 36: /var/folders/l2/1wpn5kpd0715sc20jc_g372h0000gn/T/report.XXXXXX.01P12VW7x6/report: No such file or directory
===== 2026-09-09 10:29:04 上报结束 =====

===== 2026-09-09 10:30:05 开始上报 =====
/Users/zhengbangli/code/GoLearn/polaris/global-scheduler/cmd/report/run_crontab.sh: line 36: /var/folders/l2/1wpn5kpd0715sc20jc_g372h0000gn/T/report.XXXXXX.01P12VW7x6/report: No such file or directory
===== 2026-09-09 10:30:05 上报结束 =====

===== 2026-09-09 10:31:05 开始上报 =====
/Users/zhengbangli/code/GoLearn/polaris/global-scheduler/cmd/report/run_crontab.sh: line 36: /var/folders/l2/1wpn5kpd0715sc20jc_g372h0000gn/T/report.XXXXXX.01P12VW7x6/report: No such file or directory
===== 2026-09-09 10:31:05 上报结束 =====

===== 2026-09-09 10:32:06 开始上报 =====
/Users/zhengbangli/code/GoLearn/polaris/global-scheduler/cmd/report/run_crontab.sh: line 36: /var/folders/l2/1wpn5kpd0715sc20jc_g372h0000gn/T/report.XXXXXX.01P12VW7x6/report: No such file or directory
===== 2026-09-09 10:32:06 上报结束 =====

===== 2026-09-09 10:33:06 开始上报 =====
/Users/zhengbangli/code/GoLearn/polaris/global-scheduler/cmd/report/run_crontab.sh: line 36: /var/folders/l2/1wpn5kpd0715sc20jc_g372h0000gn/T/report.XXXXXX.01P12VW7x6/report: No such file or directory
===== 2026-09-09 10:33:06 上报结束 =====

===== 2026-09-09 10:34:07 开始上报 =====
/Users/zhengbangli/code/GoLearn/polaris/global-scheduler/cmd/report/run_crontab.sh: line 36: /var/folders/l2/1wpn5kpd0715sc20jc_g372h0000gn/T/report.XXXXXX.01P12VW7x6/report: No such file or directory
===== 2026-09-09 10:34:07 上报结束 =====

===== 2026-09-09 10:35:08 开始上报 =====
/Users/zhengbangli/code/GoLearn/polaris/global-scheduler/cmd/report/run_crontab.sh: line 36: /var/folders/l2/1wpn5kpd0715sc20jc_g372h0000gn/T/report.XXXXXX.01P12VW7x6/report: No such file or directory
===== 2026-09-09 10:35:08 上报结束 =====

===== 2026-09-09 10:36:08 开始上报 =====
/Users/zhengbangli/code/GoLearn/polaris/global-scheduler/cmd/report/run_crontab.sh: line 36: /var/folders/l2/1wpn5kpd0715sc20jc_g372h0000gn/T/report.XXXXXX.01P12VW7x6/report: No such file or directory
===== 2026-09-09 10:36:08 上报结束 =====

===== 2026-09-09 10:37:09 开始上报 =====
/Users/zhengbangli/code/GoLearn/polaris/global-scheduler/cmd/report/run_crontab.sh: line 36: /var/folders/l2/1wpn5kpd0715sc20jc_g372h0000gn/T/report.XXXXXX.01P12VW7x6/report: No such file or directory
===== 2026-09-09 10:37:09 上报结束 =====

===== 2026-09-09 10:38:10 开始上报 =====
/Users/zhengbangli/code/GoLearn/polaris/global-scheduler/cmd/report/run_crontab.sh: line 36: /var/folders/l2/1wpn5kpd0715sc20jc_g372h0000gn/T/report.XXXXXX.01P12VW7x6/report: No such file or directory
===== 2026-09-09 10:38:10 上报结束 =====

===== 2026-09-09 10:39:10 开始上报 =====
/Users/zhengbangli/code/GoLearn/polaris/global-scheduler/cmd/report/run_crontab.sh: line 36: /var/folders/l2/1wpn5kpd0715sc20jc_g372h0000gn/T/report.XXXXXX.01P12VW7x6/report: No such file or directory
===== 2026-09-09 10:39:10 上报结束 =====

===== 2026-09-09 10:40:11 开始上报 =====
/Users/zhengbangli/code/GoLearn/polaris/global-scheduler/cmd/report/run_crontab.sh: line 36: /var/folders/l2/1wpn5kpd0715sc20jc_g372h0000gn/T/report.XXXXXX.01P12VW7x6/report: No such file or directory
===== 2026-09-09 10:40:11 上报结束 =====

===== 2026-09-09 10:41:11 开始上报 =====
/Users/zhengbangli/code/GoLearn/polaris/global-scheduler/cmd/report/run_crontab.sh: line 36: /var/folders/l2/1wpn5kpd0715sc20jc_g372h0000gn/T/report.XXXXXX.01P12VW7x6/report: No such file or directory
===== 2026-09-09 10:41:11 上报结束 =====

===== 2026-09-09 10:42:12 开始上报 =====
/Users/zhengbangli/code/GoLearn/polaris/global-scheduler/cmd/report/run_crontab.sh: line 36: /var/folders/l2/1wpn5kpd0715sc20jc_g372h0000gn/T/report.XXXXXX.01P12VW7x6/report: No such file or directory
===== 2026-09-09 10:42:12 上报结束 =====

===== 2026-09-09 10:43:13 开始上报 =====
/Users/zhengbangli/code/GoLearn/polaris/global-scheduler/cmd/report/run_crontab.sh: line 36: /var/folders/l2/1wpn5kpd0715sc20jc_g372h0000gn/T/report.XXXXXX.01P12VW7x6/report: No such file or directory
===== 2026-09-09 10:43:13 上报结束 =====

===== 2026-09-09 10:44:13 开始上报 =====
/Users/zhengbangli/code/GoLearn/polaris/global-scheduler/cmd/report/run_crontab.sh: line 36: /var/folders/l2/1wpn5kpd0715sc20jc_g372h0000gn/T/report.XXXXXX.01P12VW7x6/report: No such file or directory
===== 2026-09-09 10:44:13 上报结束 =====

===== 2026-09-09 10:45:14 开始上报 =====
/Users/zhengbangli/code/GoLearn/polaris/global-scheduler/cmd/report/run_crontab.sh: line 36: /var/folders/l2/1wpn5kpd0715sc20jc_g372h0000gn/T/report.XXXXXX.01P12VW7x6/report: No such file or directory
===== 2026-09-09 10:45:14 上报结束 =====

===== 2026-09-09 10:46:15 开始上报 =====
/Users/zhengbangli/code/GoLearn/polaris/global-scheduler/cmd/report/run_crontab.sh: line 36: /var/folders/l2/1wpn5kpd0715sc20jc_g372h0000gn/T/report.XXXXXX.01P12VW7x6/report: No such file or directory
===== 2026-09-09 10:46:15 上报结束 =====

===== 2026-09-09 10:47:15 开始上报 =====
/Users/zhengbangli/code/GoLearn/polaris/global-scheduler/cmd/report/run_crontab.sh: line 36: /var/folders/l2/1wpn5kpd0715sc20jc_g372h0000gn/T/report.XXXXXX.01P12VW7x6/report: No such file or directory
===== 2026-09-09 10:47:15 上报结束 =====

===== 2026-09-09 10:48:16 开始上报 =====
/Users/zhengbangli/code/GoLearn/polaris/global-scheduler/cmd/report/run_crontab.sh: line 36: /var/folders/l2/1wpn5kpd0715sc20jc_g372h0000gn/T/report.XXXXXX.01P12VW7x6/report: No such file or directory
===== 2026-09-09 10:48:16 上报结束 =====

===== 2026-09-09 10:49:17 开始上报 =====
/Users/zhengbangli/code/GoLearn/polaris/global-scheduler/cmd/report/run_crontab.sh: line 36: /var/folders/l2/1wpn5kpd0715sc20jc_g372h0000gn/T/report.XXXXXX.01P12VW7x6/report: No such file or directory
===== 2026-09-09 10:49:17 上报结束 =====

===== 2026-09-09 10:50:18 开始上报 =====
/Users/zhengbangli/code/GoLearn/polaris/global-scheduler/cmd/report/run_crontab.sh: line 36: /var/folders/l2/1wpn5kpd0715sc20jc_g372h0000gn/T/report.XXXXXX.01P12VW7x6/report: No such file or directory
===== 2026-09-09 10:50:18 上报结束 =====

===== 2026-09-09 10:51:18 开始上报 =====
/Users/zhengbangli/code/GoLearn/polaris/global-scheduler/cmd/report/run_crontab.sh: line 36: /var/folders/l2/1wpn5kpd0715sc20jc_g372h0000gn/T/report.XXXXXX.01P12VW7x6/report: No such file or directory
===== 2026-09-09 10:51:18 上报结束 =====

===== 2026-09-09 10:52:19 开始上报 =====
/Users/zhengbangli/code/GoLearn/polaris/global-scheduler/cmd/report/run_crontab.sh: line 36: /var/folders/l2/1wpn5kpd0715sc20jc_g372h0000gn/T/report.XXXXXX.01P12VW7x6/report: No such file or directory
===== 2026-09-09 10:52:19 上报结束 =====

===== 2026-09-09 10:53:19 开始上报 =====
/Users/zhengbangli/code/GoLearn/polaris/global-scheduler/cmd/report/run_crontab.sh: line 36: /var/folders/l2/1wpn5kpd0715sc20jc_g372h0000gn/T/report.XXXXXX.01P12VW7x6/report: No such file or directory
===== 2026-09-09 10:53:19 上报结束 =====

===== 2026-09-09 10:54:20 开始上报 =====
/Users/zhengbangli/code/GoLearn/polaris/global-scheduler/cmd/report/run_crontab.sh: line 36: /var/folders/l2/1wpn5kpd0715sc20jc_g372h0000gn/T/report.XXXXXX.01P12VW7x6/report: No such file or directory
===== 2026-09-09 10:54:20 上报结束 =====

===== 2026-09-09 10:55:21 开始上报 =====
/Users/zhengbangli/code/GoLearn/polaris/global-scheduler/cmd/report/run_crontab.sh: line 36: /var/folders/l2/1wpn5kpd0715sc20jc_g372h0000gn/T/report.XXXXXX.01P12VW7x6/report: No such file or directory
===== 2026-09-09 10:55:21 上报结束 =====

===== 2026-09-09 10:56:21 开始上报 =====
/Users/zhengbangli/code/GoLearn/polaris/global-scheduler/cmd/report/run_crontab.sh: line 36: /var/folders/l2/1wpn5kpd0715sc20jc_g372h0000gn/T/report.XXXXXX.01P12VW7x6/report: No such file or directory
===== 2026-09-09 10:56:21 上报结束 =====

===== 2026-09-09 10:57:22 开始上报 =====
/Users/zhengbangli/code/GoLearn/polaris/global-scheduler/cmd/report/run_crontab.sh: line 36: /var/folders/l2/1wpn5kpd0715sc20jc_g372h0000gn/T/report.XXXXXX.01P12VW7x6/report: No such file or directory
===== 2026-09-09 10:57:22 上报结束 =====

===== 2026-09-09 10:58:22 开始上报 =====
/Users/zhengbangli/code/GoLearn/polaris/global-scheduler/cmd/report/run_crontab.sh: line 36: /var/folders/l2/1wpn5kpd0715sc20jc_g372h0000gn/T/report.XXXXXX.01P12VW7x6/report: No such file or directory
===== 2026-09-09 10:58:22 上报结束 =====

===== 2026-09-09 10:59:23 开始上报 =====
/Users/zhengbangli/code/GoLearn/polaris/global-scheduler/cmd/report/run_crontab.sh: line 36: /var/folders/l2/1wpn5kpd0715sc20jc_g372h0000gn/T/report.XXXXXX.01P12VW7x6/report: No such file or directory
===== 2026-09-09 10:59:23 上报结束 =====

===== 2026-09-09 11:00:24 开始上报 =====
/Users/zhengbangli/code/GoLearn/polaris/global-scheduler/cmd/report/run_crontab.sh: line 36: /var/folders/l2/1wpn5kpd0715sc20jc_g372h0000gn/T/report.XXXXXX.01P12VW7x6/report: No such file or directory
===== 2026-09-09 11:00:24 上报结束 =====

===== 2026-09-09 11:01:24 开始上报 =====
/Users/zhengbangli/code/GoLearn/polaris/global-scheduler/cmd/report/run_crontab.sh: line 36: /var/folders/l2/1wpn5kpd0715sc20jc_g372h0000gn/T/report.XXXXXX.01P12VW7x6/report: No such file or directory
===== 2026-09-09 11:01:24 上报结束 =====

===== 2026-09-09 11:02:25 开始上报 =====
/Users/zhengbangli/code/GoLearn/polaris/global-scheduler/cmd/report/run_crontab.sh: line 36: /var/folders/l2/1wpn5kpd0715sc20jc_g372h0000gn/T/report.XXXXXX.01P12VW7x6/report: No such file or directory
===== 2026-09-09 11:02:25 上报结束 =====

===== 2026-09-09 11:03:25 开始上报 =====
/Users/zhengbangli/code/GoLearn/polaris/global-scheduler/cmd/report/run_crontab.sh: line 36: /var/folders/l2/1wpn5kpd0715sc20jc_g372h0000gn/T/report.XXXXXX.01P12VW7x6/report: No such file or directory
===== 2026-09-09 11:03:25 上报结束 =====

===== 2026-09-09 11:04:26 开始上报 =====
/Users/zhengbangli/code/GoLearn/polaris/global-scheduler/cmd/report/run_crontab.sh: line 36: /var/folders/l2/1wpn5kpd0715sc20jc_g372h0000gn/T/report.XXXXXX.01P12VW7x6/report: No such file or directory
===== 2026-09-09 11:04:26 上报结束 =====

===== 2026-09-09 11:05:27 开始上报 =====
/Users/zhengbangli/code/GoLearn/polaris/global-scheduler/cmd/report/run_crontab.sh: line 36: /var/folders/l2/1wpn5kpd0715sc20jc_g372h0000gn/T/report.XXXXXX.01P12VW7x6/report: No such file or directory
===== 2026-09-09 11:05:27 上报结束 =====

===== 2026-09-09 11:06:27 开始上报 =====
/Users/zhengbangli/code/GoLearn/polaris/global-scheduler/cmd/report/run_crontab.sh: line 36: /var/folders/l2/1wpn5kpd0715sc20jc_g372h0000gn/T/report.XXXXXX.01P12VW7x6/report: No such file or directory
===== 2026-09-09 11:06:27 上报结束 =====

===== 2026-09-09 11:07:28 开始上报 =====
/Users/zhengbangli/code/GoLearn/polaris/global-scheduler/cmd/report/run_crontab.sh: line 36: /var/folders/l2/1wpn5kpd0715sc20jc_g372h0000gn/T/report.XXXXXX.01P12VW7x6/report: No such file or directory
===== 2026-09-09 11:07:28 上报结束 =====

===== 2026-09-09 11:08:29 开始上报 =====
/Users/zhengbangli/code/GoLearn/polaris/global-scheduler/cmd/report/run_crontab.sh: line 36: /var/folders/l2/1wpn5kpd0715sc20jc_g372h0000gn/T/report.XXXXXX.01P12VW7x6/report: No such file or directory
===== 2026-09-09 11:08:29 上报结束 =====

===== 2026-09-09 11:09:29 开始上报 =====
/Users/zhengbangli/code/GoLearn/polaris/global-scheduler/cmd/report/run_crontab.sh: line 36: /var/folders/l2/1wpn5kpd0715sc20jc_g372h0000gn/T/report.XXXXXX.01P12VW7x6/report: No such file or directory
===== 2026-09-09 11:09:29 上报结束 =====

===== 2026-09-09 11:10:30 开始上报 =====
/Users/zhengbangli/code/GoLearn/polaris/global-scheduler/cmd/report/run_crontab.sh: line 36: /var/folders/l2/1wpn5kpd0715sc20jc_g372h0000gn/T/report.XXXXXX.01P12VW7x6/report: No such file or directory
===== 2026-09-09 11:10:30 上报结束 =====

===== 2026-09-09 11:11:31 开始上报 =====
/Users/zhengbangli/code/GoLearn/polaris/global-scheduler/cmd/report/run_crontab.sh: line 36: /var/folders/l2/1wpn5kpd0715sc20jc_g372h0000gn/T/report.XXXXXX.01P12VW7x6/report: No such file or directory
===== 2026-09-09 11:11:31 上报结束 =====

===== 2026-09-09 11:12:31 开始上报 =====
/Users/zhengbangli/code/GoLearn/polaris/global-scheduler/cmd/report/run_crontab.sh: line 36: /var/folders/l2/1wpn5kpd0715sc20jc_g372h0000gn/T/report.XXXXXX.01P12VW7x6/report: No such file or directory
===== 2026-09-09 11:12:31 上报结束 =====

===== 2026-09-09 11:13:32 开始上报 =====
/Users/zhengbangli/code/GoLearn/polaris/global-scheduler/cmd/report/run_crontab.sh: line 36: /var/folders/l2/1wpn5kpd0715sc20jc_g372h0000gn/T/report.XXXXXX.01P12VW7x6/report: No such file or directory
===== 2026-09-09 11:13:32 上报结束 =====

===== 2026-09-09 11:14:33 开始上报 =====
/Users/zhengbangli/code/GoLearn/polaris/global-scheduler/cmd/report/run_crontab.sh: line 36: /var/folders/l2/1wpn5kpd0715sc20jc_g372h0000gn/T/report.XXXXXX.01P12VW7x6/report: No such file or directory
===== 2026-09-09 11:14:33 上报结束 =====

===== 2026-09-09 11:15:33 开始上报 =====
/Users/zhengbangli/code/GoLearn/polaris/global-scheduler/cmd/report/run_crontab.sh: line 36: /var/folders/l2/1wpn5kpd0715sc20jc_g372h0000gn/T/report.XXXXXX.01P12VW7x6/report: No such file or directory
===== 2026-09-09 11:15:33 上报结束 =====

===== 2026-09-09 11:16:34 开始上报 =====
/Users/zhengbangli/code/GoLearn/polaris/global-scheduler/cmd/report/run_crontab.sh: line 36: /var/folders/l2/1wpn5kpd0715sc20jc_g372h0000gn/T/report.XXXXXX.01P12VW7x6/report: No such file or directory
===== 2026-09-09 11:16:34 上报结束 =====

===== 2026-09-09 11:17:35 开始上报 =====
/Users/zhengbangli/code/GoLearn/polaris/global-scheduler/cmd/report/run_crontab.sh: line 36: /var/folders/l2/1wpn5kpd0715sc20jc_g372h0000gn/T/report.XXXXXX.01P12VW7x6/report: No such file or directory
===== 2026-09-09 11:17:35 上报结束 =====

===== 2026-09-09 11:18:35 开始上报 =====
/Users/zhengbangli/code/GoLearn/polaris/global-scheduler/cmd/report/run_crontab.sh: line 36: /var/folders/l2/1wpn5kpd0715sc20jc_g372h0000gn/T/report.XXXXXX.01P12VW7x6/report: No such file or directory
===== 2026-09-09 11:18:35 上报结束 =====

===== 2026-09-09 11:19:36 开始上报 =====
/Users/zhengbangli/code/GoLearn/polaris/global-scheduler/cmd/report/run_crontab.sh: line 36: /var/folders/l2/1wpn5kpd0715sc20jc_g372h0000gn/T/report.XXXXXX.01P12VW7x6/report: No such file or directory
===== 2026-09-09 11:19:36 上报结束 =====

===== 2026-09-09 11:20:37 开始上报 =====
/Users/zhengbangli/code/GoLearn/polaris/global-scheduler/cmd/report/run_crontab.sh: line 36: /var/folders/l2/1wpn5kpd0715sc20jc_g372h0000gn/T/report.XXXXXX.01P12VW7x6/report: No such file or directory
===== 2026-09-09 11:20:37 上报结束 =====

===== 2026-09-09 11:21:37 开始上报 =====
/Users/zhengbangli/code/GoLearn/polaris/global-scheduler/cmd/report/run_crontab.sh: line 36: /var/folders/l2/1wpn5kpd0715sc20jc_g372h0000gn/T/report.XXXXXX.01P12VW7x6/report: No such file or directory
===== 2026-09-09 11:21:37 上报结束 =====

===== 2026-09-09 11:22:38 开始上报 =====
/Users/zhengbangli/code/GoLearn/polaris/global-scheduler/cmd/report/run_crontab.sh: line 36: /var/folders/l2/1wpn5kpd0715sc20jc_g372h0000gn/T/report.XXXXXX.01P12VW7x6/report: No such file or directory
===== 2026-09-09 11:22:38 上报结束 =====

===== 2026-09-09 11:23:39 开始上报 =====
/Users/zhengbangli/code/GoLearn/polaris/global-scheduler/cmd/report/run_crontab.sh: line 36: /var/folders/l2/1wpn5kpd0715sc20jc_g372h0000gn/T/report.XXXXXX.01P12VW7x6/report: No such file or directory
===== 2026-09-09 11:23:39 上报结束 =====

===== 2026-09-09 11:24:39 开始上报 =====
/Users/zhengbangli/code/GoLearn/polaris/global-scheduler/cmd/report/run_crontab.sh: line 36: /var/folders/l2/1wpn5kpd0715sc20jc_g372h0000gn/T/report.XXXXXX.01P12VW7x6/report: No such file or directory
===== 2026-09-09 11:24:39 上报结束 =====

===== 2026-09-09 11:25:40 开始上报 =====
/Users/zhengbangli/code/GoLearn/polaris/global-scheduler/cmd/report/run_crontab.sh: line 36: /var/folders/l2/1wpn5kpd0715sc20jc_g372h0000gn/T/report.XXXXXX.01P12VW7x6/report: No such file or directory
===== 2026-09-09 11:25:40 上报结束 =====

===== 2026-09-09 11:26:41 开始上报 =====
/Users/zhengbangli/code/GoLearn/polaris/global-scheduler/cmd/report/run_crontab.sh: line 36: /var/folders/l2/1wpn5kpd0715sc20jc_g372h0000gn/T/report.XXXXXX.01P12VW7x6/report: No such file or directory
===== 2026-09-09 11:26:41 上报结束 =====

===== 2026-09-09 11:27:41 开始上报 =====
/Users/zhengbangli/code/GoLearn/polaris/global-scheduler/cmd/report/run_crontab.sh: line 36: /var/folders/l2/1wpn5kpd0715sc20jc_g372h0000gn/T/report.XXXXXX.01P12VW7x6/report: No such file or directory
===== 2026-09-09 11:27:41 上报结束 =====

===== 2026-09-09 11:28:42 开始上报 =====
/Users/zhengbangli/code/GoLearn/polaris/global-scheduler/cmd/report/run_crontab.sh: line 36: /var/folders/l2/1wpn5kpd0715sc20jc_g372h0000gn/T/report.XXXXXX.01P12VW7x6/report: No such file or directory
===== 2026-09-09 11:28:42 上报结束 =====

===== 2026-09-09 11:29:43 开始上报 =====
/Users/zhengbangli/code/GoLearn/polaris/global-scheduler/cmd/report/run_crontab.sh: line 36: /var/folders/l2/1wpn5kpd0715sc20jc_g372h0000gn/T/report.XXXXXX.01P12VW7x6/report: No such file or directory
===== 2026-09-09 11:29:43 上报结束 =====

===== 2026-09-09 11:30:44 开始上报 =====
/Users/zhengbangli/code/GoLearn/polaris/global-scheduler/cmd/report/run_crontab.sh: line 36: /var/folders/l2/1wpn5kpd0715sc20jc_g372h0000gn/T/report.XXXXXX.01P12VW7x6/report: No such file or directory
===== 2026-09-09 11:30:44 上报结束 =====

===== 2026-09-09 11:31:44 开始上报 =====
/Users/zhengbangli/code/GoLearn/polaris/global-scheduler/cmd/report/run_crontab.sh: line 36: /var/folders/l2/1wpn5kpd0715sc20jc_g372h0000gn/T/report.XXXXXX.01P12VW7x6/report: No such file or directory
===== 2026-09-09 11:31:44 上报结束 =====

===== 2026-09-09 11:32:45 开始上报 =====
/Users/zhengbangli/code/GoLearn/polaris/global-scheduler/cmd/report/run_crontab.sh: line 36: /var/folders/l2/1wpn5kpd0715sc20jc_g372h0000gn/T/report.XXXXXX.01P12VW7x6/report: No such file or directory
===== 2026-09-09 11:32:45 上报结束 =====

===== 2026-09-09 11:33:46 开始上报 =====
/Users/zhengbangli/code/GoLearn/polaris/global-scheduler/cmd/report/run_crontab.sh: line 36: /var/folders/l2/1wpn5kpd0715sc20jc_g372h0000gn/T/report.XXXXXX.01P12VW7x6/report: No such file or directory
===== 2026-09-09 11:33:46 上报结束 =====

===== 2026-09-09 11:34:46 开始上报 =====
/Users/zhengbangli/code/GoLearn/polaris/global-scheduler/cmd/report/run_crontab.sh: line 36: /var/folders/l2/1wpn5kpd0715sc20jc_g372h0000gn/T/report.XXXXXX.01P12VW7x6/report: No such file or directory
===== 2026-09-09 11:34:46 上报结束 =====

===== 2026-09-09 11:35:47 开始上报 =====
/Users/zhengbangli/code/GoLearn/polaris/global-scheduler/cmd/report/run_crontab.sh: line 36: /var/folders/l2/1wpn5kpd0715sc20jc_g372h0000gn/T/report.XXXXXX.01P12VW7x6/report: No such file or directory
===== 2026-09-09 11:35:47 上报结束 =====

===== 2026-09-09 11:36:47 开始上报 =====
/Users/zhengbangli/code/GoLearn/polaris/global-scheduler/cmd/report/run_crontab.sh: line 36: /var/folders/l2/1wpn5kpd0715sc20jc_g372h0000gn/T/report.XXXXXX.01P12VW7x6/report: No such file or directory
===== 2026-09-09 11:36:47 上报结束 =====

===== 2026-09-09 11:37:48 开始上报 =====
/Users/zhengbangli/code/GoLearn/polaris/global-scheduler/cmd/report/run_crontab.sh: line 36: /var/folders/l2/1wpn5kpd0715sc20jc_g372h0000gn/T/report.XXXXXX.01P12VW7x6/report: No such file or directory
===== 2026-09-09 11:37:48 上报结束 =====

===== 2026-09-09 11:38:49 开始上报 =====
/Users/zhengbangli/code/GoLearn/polaris/global-scheduler/cmd/report/run_crontab.sh: line 36: /var/folders/l2/1wpn5kpd0715sc20jc_g372h0000gn/T/report.XXXXXX.01P12VW7x6/report: No such file or directory
===== 2026-09-09 11:38:49 上报结束 =====

===== 2026-09-09 11:39:49 开始上报 =====
/Users/zhengbangli/code/GoLearn/polaris/global-scheduler/cmd/report/run_crontab.sh: line 36: /var/folders/l2/1wpn5kpd0715sc20jc_g372h0000gn/T/report.XXXXXX.01P12VW7x6/report: No such file or directory
===== 2026-09-09 11:39:49 上报结束 =====

===== 2026-09-09 11:40:50 开始上报 =====
/Users/zhengbangli/code/GoLearn/polaris/global-scheduler/cmd/report/run_crontab.sh: line 36: /var/folders/l2/1wpn5kpd0715sc20jc_g372h0000gn/T/report.XXXXXX.01P12VW7x6/report: No such file or directory
===== 2026-09-09 11:40:50 上报结束 =====

===== 2026-09-09 11:41:51 开始上报 =====
/Users/zhengbangli/code/GoLearn/polaris/global-scheduler/cmd/report/run_crontab.sh: line 36: /var/folders/l2/1wpn5kpd0715sc20jc_g372h0000gn/T/report.XXXXXX.01P12VW7x6/report: No such file or directory
===== 2026-09-09 11:41:51 上报结束 =====

===== 2026-09-09 11:42:52 开始上报 =====
/Users/zhengbangli/code/GoLearn/polaris/global-scheduler/cmd/report/run_crontab.sh: line 36: /var/folders/l2/1wpn5kpd0715sc20jc_g372h0000gn/T/report.XXXXXX.01P12VW7x6/report: No such file or directory
===== 2026-09-09 11:42:52 上报结束 =====

===== 2026-09-09 11:43:52 开始上报 =====
/Users/zhengbangli/code/GoLearn/polaris/global-scheduler/cmd/report/run_crontab.sh: line 36: /var/folders/l2/1wpn5kpd0715sc20jc_g372h0000gn/T/report.XXXXXX.01P12VW7x6/report: No such file or directory
===== 2026-09-09 11:43:52 上报结束 =====

===== 2026-09-09 11:44:53 开始上报 =====
/Users/zhengbangli/code/GoLearn/polaris/global-scheduler/cmd/report/run_crontab.sh: line 36: /var/folders/l2/1wpn5kpd0715sc20jc_g372h0000gn/T/report.XXXXXX.01P12VW7x6/report: No such file or directory
===== 2026-09-09 11:44:53 上报结束 =====

===== 2026-09-09 11:45:54 开始上报 =====
/Users/zhengbangli/code/GoLearn/polaris/global-scheduler/cmd/report/run_crontab.sh: line 36: /var/folders/l2/1wpn5kpd0715sc20jc_g372h0000gn/T/report.XXXXXX.01P12VW7x6/report: No such file or directory
===== 2026-09-09 11:45:54 上报结束 =====

===== 2026-09-09 11:46:54 开始上报 =====
/Users/zhengbangli/code/GoLearn/polaris/global-scheduler/cmd/report/run_crontab.sh: line 36: /var/folders/l2/1wpn5kpd0715sc20jc_g372h0000gn/T/report.XXXXXX.01P12VW7x6/report: No such file or directory
===== 2026-09-09 11:46:54 上报结束 =====

===== 2026-09-09 11:47:55 开始上报 =====
/Users/zhengbangli/code/GoLearn/polaris/global-scheduler/cmd/report/run_crontab.sh: line 36: /var/folders/l2/1wpn5kpd0715sc20jc_g372h0000gn/T/report.XXXXXX.01P12VW7x6/report: No such file or directory
===== 2026-09-09 11:47:55 上报结束 =====

===== 2026-09-09 11:48:56 开始上报 =====
/Users/zhengbangli/code/GoLearn/polaris/global-scheduler/cmd/report/run_crontab.sh: line 36: /var/folders/l2/1wpn5kpd0715sc20jc_g372h0000gn/T/report.XXXXXX.01P12VW7x6/report: No such file or directory
===== 2026-09-09 11:48:56 上报结束 =====

===== 2026-09-09 11:49:56 开始上报 =====
/Users/zhengbangli/code/GoLearn/polaris/global-scheduler/cmd/report/run_crontab.sh: line 36: /var/folders/l2/1wpn5kpd0715sc20jc_g372h0000gn/T/report.XXXXXX.01P12VW7x6/report: No such file or directory
===== 2026-09-09 11:49:56 上报结束 =====

===== 2026-09-09 11:50:57 开始上报 =====
/Users/zhengbangli/code/GoLearn/polaris/global-scheduler/cmd/report/run_crontab.sh: line 36: /var/folders/l2/1wpn5kpd0715sc20jc_g372h0000gn/T/report.XXXXXX.01P12VW7x6/report: No such file or directory
===== 2026-09-09 11:50:57 上报结束 =====

===== 2026-09-09 11:51:58 开始上报 =====
/Users/zhengbangli/code/GoLearn/polaris/global-scheduler/cmd/report/run_crontab.sh: line 36: /var/folders/l2/1wpn5kpd0715sc20jc_g372h0000gn/T/report.XXXXXX.01P12VW7x6/report: No such file or directory
===== 2026-09-09 11:51:58 上报结束 =====

===== 2026-09-09 11:52:58 开始上报 =====
/Users/zhengbangli/code/GoLearn/polaris/global-scheduler/cmd/report/run_crontab.sh: line 36: /var/folders/l2/1wpn5kpd0715sc20jc_g372h0000gn/T/report.XXXXXX.01P12VW7x6/report: No such file or directory
===== 2026-09-09 11:52:58 上报结束 =====

===== 2026-09-09 11:53:59 开始上报 =====
/Users/zhengbangli/code/GoLearn/polaris/global-scheduler/cmd/report/run_crontab.sh: line 36: /var/folders/l2/1wpn5kpd0715sc20jc_g372h0000gn/T/report.XXXXXX.01P12VW7x6/report: No such file or directory
===== 2026-09-09 11:53:59 上报结束 =====

===== 2026-09-09 11:55:00 开始上报 =====
/Users/zhengbangli/code/GoLearn/polaris/global-scheduler/cmd/report/run_crontab.sh: line 36: /var/folders/l2/1wpn5kpd0715sc20jc_g372h0000gn/T/report.XXXXXX.01P12VW7x6/report: No such file or directory
===== 2026-09-09 11:55:00 上报结束 =====

===== 2026-09-09 11:56:00 开始上报 =====
/Users/zhengbangli/code/GoLearn/polaris/global-scheduler/cmd/report/run_crontab.sh: line 36: /var/folders/l2/1wpn5kpd0715sc20jc_g372h0000gn/T/report.XXXXXX.01P12VW7x6/report: No such file or directory
===== 2026-09-09 11:56:00 上报结束 =====

===== 2026-09-09 11:57:01 开始上报 =====
/Users/zhengbangli/code/GoLearn/polaris/global-scheduler/cmd/report/run_crontab.sh: line 36: /var/folders/l2/1wpn5kpd0715sc20jc_g372h0000gn/T/report.XXXXXX.01P12VW7x6/report: No such file or directory
===== 2026-09-09 11:57:01 上报结束 =====

===== 2026-09-09 11:58:02 开始上报 =====
/Users/zhengbangli/code/GoLearn/polaris/global-scheduler/cmd/report/run_crontab.sh: line 36: /var/folders/l2/1wpn5kpd0715sc20jc_g372h0000gn/T/report.XXXXXX.01P12VW7x6/report: No such file or directory
===== 2026-09-09 11:58:02 上报结束 =====

===== 2026-09-09 11:59:02 开始上报 =====
/Users/zhengbangli/code/GoLearn/polaris/global-scheduler/cmd/report/run_crontab.sh: line 36: /var/folders/l2/1wpn5kpd0715sc20jc_g372h0000gn/T/report.XXXXXX.01P12VW7x6/report: No such file or directory
===== 2026-09-09 11:59:02 上报结束 =====

===== 2026-09-09 12:00:03 开始上报 =====
/Users/zhengbangli/code/GoLearn/polaris/global-scheduler/cmd/report/run_crontab.sh: line 36: /var/folders/l2/1wpn5kpd0715sc20jc_g372h0000gn/T/report.XXXXXX.01P12VW7x6/report: No such file or directory
===== 2026-09-09 12:00:03 上报结束 =====

===== 2026-09-09 12:01:04 开始上报 =====
/Users/zhengbangli/code/GoLearn/polaris/global-scheduler/cmd/report/run_crontab.sh: line 36: /var/folders/l2/1wpn5kpd0715sc20jc_g372h0000gn/T/report.XXXXXX.01P12VW7x6/report: No such file or directory
===== 2026-09-09 12:01:04 上报结束 =====

===== 2026-09-09 12:02:04 开始上报 =====
/Users/zhengbangli/code/GoLearn/polaris/global-scheduler/cmd/report/run_crontab.sh: line 36: /var/folders/l2/1wpn5kpd0715sc20jc_g372h0000gn/T/report.XXXXXX.01P12VW7x6/report: No such file or directory
===== 2026-09-09 12:02:04 上报结束 =====

===== 2026-09-09 12:03:05 开始上报 =====
/Users/zhengbangli/code/GoLearn/polaris/global-scheduler/cmd/report/run_crontab.sh: line 36: /var/folders/l2/1wpn5kpd0715sc20jc_g372h0000gn/T/report.XXXXXX.01P12VW7x6/report: No such file or directory
===== 2026-09-09 12:03:05 上报结束 =====

===== 2026-09-09 12:04:06 开始上报 =====
/Users/zhengbangli/code/GoLearn/polaris/global-scheduler/cmd/report/run_crontab.sh: line 36: /var/folders/l2/1wpn5kpd0715sc20jc_g372h0000gn/T/report.XXXXXX.01P12VW7x6/report: No such file or directory
===== 2026-09-09 12:04:06 上报结束 =====

===== 2026-09-09 12:05:06 开始上报 =====
/Users/zhengbangli/code/GoLearn/polaris/global-scheduler/cmd/report/run_crontab.sh: line 36: /var/folders/l2/1wpn5kpd0715sc20jc_g372h0000gn/T/report.XXXXXX.01P12VW7x6/report: No such file or directory
===== 2026-09-09 12:05:06 上报结束 =====

===== 2026-09-09 12:06:07 开始上报 =====
/Users/zhengbangli/code/GoLearn/polaris/global-scheduler/cmd/report/run_crontab.sh: line 36: /var/folders/l2/1wpn5kpd0715sc20jc_g372h0000gn/T/report.XXXXXX.01P12VW7x6/report: No such file or directory
===== 2026-09-09 12:06:07 上报结束 =====

===== 2026-09-09 12:07:08 开始上报 =====
/Users/zhengbangli/code/GoLearn/polaris/global-scheduler/cmd/report/run_crontab.sh: line 36: /var/folders/l2/1wpn5kpd0715sc20jc_g372h0000gn/T/report.XXXXXX.01P12VW7x6/report: No such file or directory
===== 2026-09-09 12:07:08 上报结束 =====

===== 2026-09-09 12:08:09 开始上报 =====
/Users/zhengbangli/code/GoLearn/polaris/global-scheduler/cmd/report/run_crontab.sh: line 36: /var/folders/l2/1wpn5kpd0715sc20jc_g372h0000gn/T/report.XXXXXX.01P12VW7x6/report: No such file or directory
===== 2026-09-09 12:08:09 上报结束 =====

===== 2026-09-09 12:09:09 开始上报 =====
/Users/zhengbangli/code/GoLearn/polaris/global-scheduler/cmd/report/run_crontab.sh: line 36: /var/folders/l2/1wpn5kpd0715sc20jc_g372h0000gn/T/report.XXXXXX.01P12VW7x6/report: No such file or directory
===== 2026-09-09 12:09:09 上报结束 =====

===== 2026-09-09 12:10:10 开始上报 =====
/Users/zhengbangli/code/GoLearn/polaris/global-scheduler/cmd/report/run_crontab.sh: line 36: /var/folders/l2/1wpn5kpd0715sc20jc_g372h0000gn/T/report.XXXXXX.01P12VW7x6/report: No such file or directory
===== 2026-09-09 12:10:10 上报结束 =====

===== 2026-09-09 12:11:11 开始上报 =====
/Users/zhengbangli/code/GoLearn/polaris/global-scheduler/cmd/report/run_crontab.sh: line 36: /var/folders/l2/1wpn5kpd0715sc20jc_g372h0000gn/T/report.XXXXXX.01P12VW7x6/report: No such file or directory
===== 2026-09-09 12:11:11 上报结束 =====

===== 2026-09-09 12:12:11 开始上报 =====
/Users/zhengbangli/code/GoLearn/polaris/global-scheduler/cmd/report/run_crontab.sh: line 36: /var/folders/l2/1wpn5kpd0715sc20jc_g372h0000gn/T/report.XXXXXX.01P12VW7x6/report: No such file or directory
===== 2026-09-09 12:12:11 上报结束 =====

===== 2026-09-09 12:13:12 开始上报 =====
/Users/zhengbangli/code/GoLearn/polaris/global-scheduler/cmd/report/run_crontab.sh: line 36: /var/folders/l2/1wpn5kpd0715sc20jc_g372h0000gn/T/report.XXXXXX.01P12VW7x6/report: No such file or directory
===== 2026-09-09 12:13:12 上报结束 =====

===== 2026-09-09 12:14:13 开始上报 =====
/Users/zhengbangli/code/GoLearn/polaris/global-scheduler/cmd/report/run_crontab.sh: line 36: /var/folders/l2/1wpn5kpd0715sc20jc_g372h0000gn/T/report.XXXXXX.01P12VW7x6/report: No such file or directory
===== 2026-09-09 12:14:13 上报结束 =====

===== 2026-09-09 12:15:14 开始上报 =====
/Users/zhengbangli/code/GoLearn/polaris/global-scheduler/cmd/report/run_crontab.sh: line 36: /var/folders/l2/1wpn5kpd0715sc20jc_g372h0000gn/T/report.XXXXXX.01P12VW7x6/report: No such file or directory
===== 2026-09-09 12:15:14 上报结束 =====

===== 2026-09-09 12:16:15 开始上报 =====
/Users/zhengbangli/code/GoLearn/polaris/global-scheduler/cmd/report/run_crontab.sh: line 36: /var/folders/l2/1wpn5kpd0715sc20jc_g372h0000gn/T/report.XXXXXX.01P12VW7x6/report: No such file or directory
===== 2026-09-09 12:16:15 上报结束 =====

===== 2026-09-09 12:17:16 开始上报 =====
/Users/zhengbangli/code/GoLearn/polaris/global-scheduler/cmd/report/run_crontab.sh: line 36: /var/folders/l2/1wpn5kpd0715sc20jc_g372h0000gn/T/report.XXXXXX.01P12VW7x6/report: No such file or directory
===== 2026-09-09 12:17:16 上报结束 =====

===== 2026-09-09 12:18:17 开始上报 =====
/Users/zhengbangli/code/GoLearn/polaris/global-scheduler/cmd/report/run_crontab.sh: line 36: /var/folders/l2/1wpn5kpd0715sc20jc_g372h0000gn/T/report.XXXXXX.01P12VW7x6/report: No such file or directory
===== 2026-09-09 12:18:17 上报结束 =====

===== 2026-09-09 12:19:18 开始上报 =====
/Users/zhengbangli/code/GoLearn/polaris/global-scheduler/cmd/report/run_crontab.sh: line 36: /var/folders/l2/1wpn5kpd0715sc20jc_g372h0000gn/T/report.XXXXXX.01P12VW7x6/report: No such file or directory
===== 2026-09-09 12:19:18 上报结束 =====

===== 2026-09-09 12:20:19 开始上报 =====
/Users/zhengbangli/code/GoLearn/polaris/global-scheduler/cmd/report/run_crontab.sh: line 36: /var/folders/l2/1wpn5kpd0715sc20jc_g372h0000gn/T/report.XXXXXX.01P12VW7x6/report: No such file or directory
===== 2026-09-09 12:20:19 上报结束 =====

===== 2026-09-09 12:21:20 开始上报 =====
/Users/zhengbangli/code/GoLearn/polaris/global-scheduler/cmd/report/run_crontab.sh: line 36: /var/folders/l2/1wpn5kpd0715sc20jc_g372h0000gn/T/report.XXXXXX.01P12VW7x6/report: No such file or directory
===== 2026-09-09 12:21:20 上报结束 =====

===== 2026-09-09 12:22:21 开始上报 =====
/Users/zhengbangli/code/GoLearn/polaris/global-scheduler/cmd/report/run_crontab.sh: line 36: /var/folders/l2/1wpn5kpd0715sc20jc_g372h0000gn/T/report.XXXXXX.01P12VW7x6/report: No such file or directory
===== 2026-09-09 12:22:21 上报结束 =====

===== 2026-09-09 12:23:22 开始上报 =====
/Users/zhengbangli/code/GoLearn/polaris/global-scheduler/cmd/report/run_crontab.sh: line 36: /var/folders/l2/1wpn5kpd0715sc20jc_g372h0000gn/T/report.XXXXXX.01P12VW7x6/report: No such file or directory
===== 2026-09-09 12:23:22 上报结束 =====

===== 2026-09-09 12:24:23 开始上报 =====
/Users/zhengbangli/code/GoLearn/polaris/global-scheduler/cmd/report/run_crontab.sh: line 36: /var/folders/l2/1wpn5kpd0715sc20jc_g372h0000gn/T/report.XXXXXX.01P12VW7x6/report: No such file or directory
===== 2026-09-09 12:24:23 上报结束 =====

===== 2026-09-09 12:25:24 开始上报 =====
/Users/zhengbangli/code/GoLearn/polaris/global-scheduler/cmd/report/run_crontab.sh: line 36: /var/folders/l2/1wpn5kpd0715sc20jc_g372h0000gn/T/report.XXXXXX.01P12VW7x6/report: No such file or directory
===== 2026-09-09 12:25:24 上报结束 =====

===== 2026-09-09 12:26:25 开始上报 =====
/Users/zhengbangli/code/GoLearn/polaris/global-scheduler/cmd/report/run_crontab.sh: line 36: /var/folders/l2/1wpn5kpd0715sc20jc_g372h0000gn/T/report.XXXXXX.01P12VW7x6/report: No such file or directory
===== 2026-09-09 12:26:25 上报结束 =====

===== 2026-09-09 12:27:26 开始上报 =====
/Users/zhengbangli/code/GoLearn/polaris/global-scheduler/cmd/report/run_crontab.sh: line 36: /var/folders/l2/1wpn5kpd0715sc20jc_g372h0000gn/T/report.XXXXXX.01P12VW7x6/report: No such file or directory
===== 2026-09-09 12:27:26 上报结束 =====

===== 2026-09-09 12:28:27 开始上报 =====
/Users/zhengbangli/code/GoLearn/polaris/global-scheduler/cmd/report/run_crontab.sh: line 36: /var/folders/l2/1wpn5kpd0715sc20jc_g372h0000gn/T/report.XXXXXX.01P12VW7x6/report: No such file or directory
===== 2026-09-09 12:28:27 上报结束 =====

===== 2026-09-09 12:29:28 开始上报 =====
/Users/zhengbangli/code/GoLearn/polaris/global-scheduler/cmd/report/run_crontab.sh: line 36: /var/folders/l2/1wpn5kpd0715sc20jc_g372h0000gn/T/report.XXXXXX.01P12VW7x6/report: No such file or directory
===== 2026-09-09 12:29:28 上报结束 =====

===== 2026-09-09 12:30:29 开始上报 =====
/Users/zhengbangli/code/GoLearn/polaris/global-scheduler/cmd/report/run_crontab.sh: line 36: /var/folders/l2/1wpn5kpd0715sc20jc_g372h0000gn/T/report.XXXXXX.01P12VW7x6/report: No such file or directory
===== 2026-09-09 12:30:29 上报结束 =====

===== 2026-09-09 12:31:30 开始上报 =====
/Users/zhengbangli/code/GoLearn/polaris/global-scheduler/cmd/report/run_crontab.sh: line 36: /var/folders/l2/1wpn5kpd0715sc20jc_g372h0000gn/T/report.XXXXXX.01P12VW7x6/report: No such file or directory
===== 2026-09-09 12:31:30 上报结束 =====

===== 2026-09-09 12:32:31 开始上报 =====
/Users/zhengbangli/code/GoLearn/polaris/global-scheduler/cmd/report/run_crontab.sh: line 36: /var/folders/l2/1wpn5kpd0715sc20jc_g372h0000gn/T/report.XXXXXX.01P12VW7x6/report: No such file or directory
===== 2026-09-09 12:32:31 上报结束 =====

===== 2026-09-09 12:33:32 开始上报 =====
/Users/zhengbangli/code/GoLearn/polaris/global-scheduler/cmd/report/run_crontab.sh: line 36: /var/folders/l2/1wpn5kpd0715sc20jc_g372h0000gn/T/report.XXXXXX.01P12VW7x6/report: No such file or directory
===== 2026-09-09 12:33:32 上报结束 =====

===== 2026-09-09 12:34:33 开始上报 =====
/Users/zhengbangli/code/GoLearn/polaris/global-scheduler/cmd/report/run_crontab.sh: line 36: /var/folders/l2/1wpn5kpd0715sc20jc_g372h0000gn/T/report.XXXXXX.01P12VW7x6/report: No such file or directory
===== 2026-09-09 12:34:33 上报结束 =====

===== 2026-09-09 12:35:34 开始上报 =====
/Users/zhengbangli/code/GoLearn/polaris/global-scheduler/cmd/report/run_crontab.sh: line 36: /var/folders/l2/1wpn5kpd0715sc20jc_g372h0000gn/T/report.XXXXXX.01P12VW7x6/report: No such file or directory
===== 2026-09-09 12:35:34 上报结束 =====

===== 2026-09-09 12:36:35 开始上报 =====
/Users/zhengbangli/code/GoLearn/polaris/global-scheduler/cmd/report/run_crontab.sh: line 36: /var/folders/l2/1wpn5kpd0715sc20jc_g372h0000gn/T/report.XXXXXX.01P12VW7x6/report: No such file or directory
===== 2026-09-09 12:36:35 上报结束 =====

===== 2026-09-09 12:37:36 开始上报 =====
/Users/zhengbangli/code/GoLearn/polaris/global-scheduler/cmd/report/run_crontab.sh: line 36: /var/folders/l2/1wpn5kpd0715sc20jc_g372h0000gn/T/report.XXXXXX.01P12VW7x6/report: No such file or directory
===== 2026-09-09 12:37:36 上报结束 =====

===== 2026-09-09 12:38:37 开始上报 =====
/Users/zhengbangli/code/GoLearn/polaris/global-scheduler/cmd/report/run_crontab.sh: line 36: /var/folders/l2/1wpn5kpd0715sc20jc_g372h0000gn/T/report.XXXXXX.01P12VW7x6/report: No such file or directory
===== 2026-09-09 12:38:37 上报结束 =====

===== 2026-09-09 12:39:38 开始上报 =====
/Users/zhengbangli/code/GoLearn/polaris/global-scheduler/cmd/report/run_crontab.sh: line 36: /var/folders/l2/1wpn5kpd0715sc20jc_g372h0000gn/T/report.XXXXXX.01P12VW7x6/report: No such file or directory
===== 2026-09-09 12:39:38 上报结束 =====

===== 2026-09-09 12:40:39 开始上报 =====
/Users/zhengbangli/code/GoLearn/polaris/global-scheduler/cmd/report/run_crontab.sh: line 36: /var/folders/l2/1wpn5kpd0715sc20jc_g372h0000gn/T/report.XXXXXX.01P12VW7x6/report: No such file or directory
===== 2026-09-09 12:40:39 上报结束 =====

===== 2026-09-09 12:41:40 开始上报 =====
/Users/zhengbangli/code/GoLearn/polaris/global-scheduler/cmd/report/run_crontab.sh: line 36: /var/folders/l2/1wpn5kpd0715sc20jc_g372h0000gn/T/report.XXXXXX.01P12VW7x6/report: No such file or directory
===== 2026-09-09 12:41:40 上报结束 =====

===== 2026-09-09 12:42:41 开始上报 =====
/Users/zhengbangli/code/GoLearn/polaris/global-scheduler/cmd/report/run_crontab.sh: line 36: /var/folders/l2/1wpn5kpd0715sc20jc_g372h0000gn/T/report.XXXXXX.01P12VW7x6/report: No such file or directory
===== 2026-09-09 12:42:41 上报结束 =====

===== 2026-09-09 12:43:42 开始上报 =====
/Users/zhengbangli/code/GoLearn/polaris/global-scheduler/cmd/report/run_crontab.sh: line 36: /var/folders/l2/1wpn5kpd0715sc20jc_g372h0000gn/T/report.XXXXXX.01P12VW7x6/report: No such file or directory
===== 2026-09-09 12:43:42 上报结束 =====

===== 2026-09-09 12:44:43 开始上报 =====
/Users/zhengbangli/code/GoLearn/polaris/global-scheduler/cmd/report/run_crontab.sh: line 36: /var/folders/l2/1wpn5kpd0715sc20jc_g372h0000gn/T/report.XXXXXX.01P12VW7x6/report: No such file or directory
===== 2026-09-09 12:44:43 上报结束 =====

===== 2026-09-09 12:45:44 开始上报 =====
/Users/zhengbangli/code/GoLearn/polaris/global-scheduler/cmd/report/run_crontab.sh: line 36: /var/folders/l2/1wpn5kpd0715sc20jc_g372h0000gn/T/report.XXXXXX.01P12VW7x6/report: No such file or directory
===== 2026-09-09 12:45:44 上报结束 =====

===== 2026-09-09 12:46:45 开始上报 =====
/Users/zhengbangli/code/GoLearn/polaris/global-scheduler/cmd/report/run_crontab.sh: line 36: /var/folders/l2/1wpn5kpd0715sc20jc_g372h0000gn/T/report.XXXXXX.01P12VW7x6/report: No such file or directory
===== 2026-09-09 12:46:45 上报结束 =====

===== 2026-09-09 12:47:46 开始上报 =====
/Users/zhengbangli/code/GoLearn/polaris/global-scheduler/cmd/report/run_crontab.sh: line 36: /var/folders/l2/1wpn5kpd0715sc20jc_g372h0000gn/T/report.XXXXXX.01P12VW7x6/report: No such file or directory
===== 2026-09-09 12:47:46 上报结束 =====

===== 2026-09-09 12:48:47 开始上报 =====
/Users/zhengbangli/code/GoLearn/polaris/global-scheduler/cmd/report/run_crontab.sh: line 36: /var/folders/l2/1wpn5kpd0715sc20jc_g372h0000gn/T/report.XXXXXX.01P12VW7x6/report: No such file or directory
===== 2026-09-09 12:48:47 上报结束 =====

===== 2026-09-09 12:49:48 开始上报 =====
/Users/zhengbangli/code/GoLearn/polaris/global-scheduler/cmd/report/run_crontab.sh: line 36: /var/folders/l2/1wpn5kpd0715sc20jc_g372h0000gn/T/report.XXXXXX.01P12VW7x6/report: No such file or directory
===== 2026-09-09 12:49:48 上报结束 =====

===== 2026-09-09 12:50:49 开始上报 =====
/Users/zhengbangli/code/GoLearn/polaris/global-scheduler/cmd/report/run_crontab.sh: line 36: /var/folders/l2/1wpn5kpd0715sc20jc_g372h0000gn/T/report.XXXXXX.01P12VW7x6/report: No such file or directory
===== 2026-09-09 12:50:49 上报结束 =====

===== 2026-09-09 12:51:50 开始上报 =====
/Users/zhengbangli/code/GoLearn/polaris/global-scheduler/cmd/report/run_crontab.sh: line 36: /var/folders/l2/1wpn5kpd0715sc20jc_g372h0000gn/T/report.XXXXXX.01P12VW7x6/report: No such file or directory
===== 2026-09-09 12:51:50 上报结束 =====

===== 2026-09-09 12:52:51 开始上报 =====
/Users/zhengbangli/code/GoLearn/polaris/global-scheduler/cmd/report/run_crontab.sh: line 36: /var/folders/l2/1wpn5kpd0715sc20jc_g372h0000gn/T/report.XXXXXX.01P12VW7x6/report: No such file or directory
===== 2026-09-09 12:52:51 上报结束 =====

===== 2026-09-09 12:53:52 开始上报 =====
/Users/zhengbangli/code/GoLearn/polaris/global-scheduler/cmd/report/run_crontab.sh: line 36: /var/folders/l2/1wpn5kpd0715sc20jc_g372h0000gn/T/report.XXXXXX.01P12VW7x6/report: No such file or directory
===== 2026-09-09 12:53:52 上报结束 =====

===== 2026-09-09 12:54:53 开始上报 =====
/Users/zhengbangli/code/GoLearn/polaris/global-scheduler/cmd/report/run_crontab.sh: line 36: /var/folders/l2/1wpn5kpd0715sc20jc_g372h0000gn/T/report.XXXXXX.01P12VW7x6/report: No such file or directory
===== 2026-09-09 12:54:53 上报结束 =====

===== 2026-09-09 12:55:54 开始上报 =====
/Users/zhengbangli/code/GoLearn/polaris/global-scheduler/cmd/report/run_crontab.sh: line 36: /var/folders/l2/1wpn5kpd0715sc20jc_g372h0000gn/T/report.XXXXXX.01P12VW7x6/report: No such file or directory
===== 2026-09-09 12:55:55 上报结束 =====

===== 2026-09-09 12:56:56 开始上报 =====
/Users/zhengbangli/code/GoLearn/polaris/global-scheduler/cmd/report/run_crontab.sh: line 36: /var/folders/l2/1wpn5kpd0715sc20jc_g372h0000gn/T/report.XXXXXX.01P12VW7x6/report: No such file or directory
===== 2026-09-09 12:56:56 上报结束 =====

===== 2026-09-09 12:57:57 开始上报 =====
/Users/zhengbangli/code/GoLearn/polaris/global-scheduler/cmd/report/run_crontab.sh: line 36: /var/folders/l2/1wpn5kpd0715sc20jc_g372h0000gn/T/report.XXXXXX.01P12VW7x6/report: No such file or directory
===== 2026-09-09 12:57:57 上报结束 =====

===== 2026-09-09 12:58:58 开始上报 =====
/Users/zhengbangli/code/GoLearn/polaris/global-scheduler/cmd/report/run_crontab.sh: line 36: /var/folders/l2/1wpn5kpd0715sc20jc_g372h0000gn/T/report.XXXXXX.01P12VW7x6/report: No such file or directory
===== 2026-09-09 12:58:58 上报结束 =====

===== 2026-09-09 12:59:59 开始上报 =====
/Users/zhengbangli/code/GoLearn/polaris/global-scheduler/cmd/report/run_crontab.sh: line 36: /var/folders/l2/1wpn5kpd0715sc20jc_g372h0000gn/T/report.XXXXXX.01P12VW7x6/report: No such file or directory
===== 2026-09-09 12:59:59 上报结束 =====

===== 2026-09-09 13:00:59 开始上报 =====
/Users/zhengbangli/code/GoLearn/polaris/global-scheduler/cmd/report/run_crontab.sh: line 36: /var/folders/l2/1wpn5kpd0715sc20jc_g372h0000gn/T/report.XXXXXX.01P12VW7x6/report: No such file or directory
===== 2026-09-09 13:00:59 上报结束 =====

===== 2026-09-09 13:02:00 开始上报 =====
/Users/zhengbangli/code/GoLearn/polaris/global-scheduler/cmd/report/run_crontab.sh: line 36: /var/folders/l2/1wpn5kpd0715sc20jc_g372h0000gn/T/report.XXXXXX.01P12VW7x6/report: No such file or directory
===== 2026-09-09 13:02:00 上报结束 =====

===== 2026-09-09 13:03:01 开始上报 =====
/Users/zhengbangli/code/GoLearn/polaris/global-scheduler/cmd/report/run_crontab.sh: line 36: /var/folders/l2/1wpn5kpd0715sc20jc_g372h0000gn/T/report.XXXXXX.01P12VW7x6/report: No such file or directory
===== 2026-09-09 13:03:01 上报结束 =====

===== 2026-09-09 13:04:01 开始上报 =====
/Users/zhengbangli/code/GoLearn/polaris/global-scheduler/cmd/report/run_crontab.sh: line 36: /var/folders/l2/1wpn5kpd0715sc20jc_g372h0000gn/T/report.XXXXXX.01P12VW7x6/report: No such file or directory
===== 2026-09-09 13:04:01 上报结束 =====

===== 2026-09-09 13:05:02 开始上报 =====
/Users/zhengbangli/code/GoLearn/polaris/global-scheduler/cmd/report/run_crontab.sh: line 36: /var/folders/l2/1wpn5kpd0715sc20jc_g372h0000gn/T/report.XXXXXX.01P12VW7x6/report: No such file or directory
===== 2026-09-09 13:05:02 上报结束 =====

===== 2026-09-09 13:06:03 开始上报 =====
/Users/zhengbangli/code/GoLearn/polaris/global-scheduler/cmd/report/run_crontab.sh: line 36: /var/folders/l2/1wpn5kpd0715sc20jc_g372h0000gn/T/report.XXXXXX.01P12VW7x6/report: No such file or directory
===== 2026-09-09 13:06:03 上报结束 =====

===== 2026-09-09 13:07:03 开始上报 =====
/Users/zhengbangli/code/GoLearn/polaris/global-scheduler/cmd/report/run_crontab.sh: line 36: /var/folders/l2/1wpn5kpd0715sc20jc_g372h0000gn/T/report.XXXXXX.01P12VW7x6/report: No such file or directory
===== 2026-09-09 13:07:03 上报结束 =====

===== 2026-09-09 13:08:04 开始上报 =====
/Users/zhengbangli/code/GoLearn/polaris/global-scheduler/cmd/report/run_crontab.sh: line 36: /var/folders/l2/1wpn5kpd0715sc20jc_g372h0000gn/T/report.XXXXXX.01P12VW7x6/report: No such file or directory
===== 2026-09-09 13:08:04 上报结束 =====

===== 2026-09-09 13:09:05 开始上报 =====
/Users/zhengbangli/code/GoLearn/polaris/global-scheduler/cmd/report/run_crontab.sh: line 36: /var/folders/l2/1wpn5kpd0715sc20jc_g372h0000gn/T/report.XXXXXX.01P12VW7x6/report: No such file or directory
===== 2026-09-09 13:09:05 上报结束 =====

===== 2026-09-09 13:10:06 开始上报 =====
/Users/zhengbangli/code/GoLearn/polaris/global-scheduler/cmd/report/run_crontab.sh: line 36: /var/folders/l2/1wpn5kpd0715sc20jc_g372h0000gn/T/report.XXXXXX.01P12VW7x6/report: No such file or directory
===== 2026-09-09 13:10:06 上报结束 =====

===== 2026-09-09 13:11:07 开始上报 =====
/Users/zhengbangli/code/GoLearn/polaris/global-scheduler/cmd/report/run_crontab.sh: line 36: /var/folders/l2/1wpn5kpd0715sc20jc_g372h0000gn/T/report.XXXXXX.01P12VW7x6/report: No such file or directory
===== 2026-09-09 13:11:07 上报结束 =====

===== 2026-09-09 13:12:08 开始上报 =====
/Users/zhengbangli/code/GoLearn/polaris/global-scheduler/cmd/report/run_crontab.sh: line 36: /var/folders/l2/1wpn5kpd0715sc20jc_g372h0000gn/T/report.XXXXXX.01P12VW7x6/report: No such file or directory
===== 2026-09-09 13:12:08 上报结束 =====

===== 2026-09-09 13:13:08 开始上报 =====
/Users/zhengbangli/code/GoLearn/polaris/global-scheduler/cmd/report/run_crontab.sh: line 36: /var/folders/l2/1wpn5kpd0715sc20jc_g372h0000gn/T/report.XXXXXX.01P12VW7x6/report: No such file or directory
===== 2026-09-09 13:13:08 上报结束 =====

===== 2026-09-09 13:14:09 开始上报 =====
/Users/zhengbangli/code/GoLearn/polaris/global-scheduler/cmd/report/run_crontab.sh: line 36: /var/folders/l2/1wpn5kpd0715sc20jc_g372h0000gn/T/report.XXXXXX.01P12VW7x6/report: No such file or directory
===== 2026-09-09 13:14:09 上报结束 =====

===== 2026-09-09 13:15:10 开始上报 =====
/Users/zhengbangli/code/GoLearn/polaris/global-scheduler/cmd/report/run_crontab.sh: line 36: /var/folders/l2/1wpn5kpd0715sc20jc_g372h0000gn/T/report.XXXXXX.01P12VW7x6/report: No such file or directory
===== 2026-09-09 13:15:10 上报结束 =====

===== 2026-09-09 13:16:11 开始上报 =====
/Users/zhengbangli/code/GoLearn/polaris/global-scheduler/cmd/report/run_crontab.sh: line 36: /var/folders/l2/1wpn5kpd0715sc20jc_g372h0000gn/T/report.XXXXXX.01P12VW7x6/report: No such file or directory
===== 2026-09-09 13:16:11 上报结束 =====

===== 2026-09-09 13:17:12 开始上报 =====
/Users/zhengbangli/code/GoLearn/polaris/global-scheduler/cmd/report/run_crontab.sh: line 36: /var/folders/l2/1wpn5kpd0715sc20jc_g372h0000gn/T/report.XXXXXX.01P12VW7x6/report: No such file or directory
===== 2026-09-09 13:17:12 上报结束 =====

===== 2026-09-09 13:18:13 开始上报 =====
/Users/zhengbangli/code/GoLearn/polaris/global-scheduler/cmd/report/run_crontab.sh: line 36: /var/folders/l2/1wpn5kpd0715sc20jc_g372h0000gn/T/report.XXXXXX.01P12VW7x6/report: No such file or directory
===== 2026-09-09 13:18:13 上报结束 =====

===== 2026-09-09 13:19:14 开始上报 =====
/Users/zhengbangli/code/GoLearn/polaris/global-scheduler/cmd/report/run_crontab.sh: line 36: /var/folders/l2/1wpn5kpd0715sc20jc_g372h0000gn/T/report.XXXXXX.01P12VW7x6/report: No such file or directory
===== 2026-09-09 13:19:14 上报结束 =====

===== 2026-09-09 13:20:15 开始上报 =====
/Users/zhengbangli/code/GoLearn/polaris/global-scheduler/cmd/report/run_crontab.sh: line 36: /var/folders/l2/1wpn5kpd0715sc20jc_g372h0000gn/T/report.XXXXXX.01P12VW7x6/report: No such file or directory
===== 2026-09-09 13:20:15 上报结束 =====

===== 2026-09-09 13:21:16 开始上报 =====
/Users/zhengbangli/code/GoLearn/polaris/global-scheduler/cmd/report/run_crontab.sh: line 36: /var/folders/l2/1wpn5kpd0715sc20jc_g372h0000gn/T/report.XXXXXX.01P12VW7x6/report: No such file or directory
===== 2026-09-09 13:21:16 上报结束 =====

===== 2026-09-09 13:22:17 开始上报 =====
/Users/zhengbangli/code/GoLearn/polaris/global-scheduler/cmd/report/run_crontab.sh: line 36: /var/folders/l2/1wpn5kpd0715sc20jc_g372h0000gn/T/report.XXXXXX.01P12VW7x6/report: No such file or directory
===== 2026-09-09 13:22:17 上报结束 =====

===== 2026-09-09 13:23:18 开始上报 =====
/Users/zhengbangli/code/GoLearn/polaris/global-scheduler/cmd/report/run_crontab.sh: line 36: /var/folders/l2/1wpn5kpd0715sc20jc_g372h0000gn/T/report.XXXXXX.01P12VW7x6/report: No such file or directory
===== 2026-09-09 13:23:18 上报结束 =====

===== 2026-09-09 13:24:19 开始上报 =====
/Users/zhengbangli/code/GoLearn/polaris/global-scheduler/cmd/report/run_crontab.sh: line 36: /var/folders/l2/1wpn5kpd0715sc20jc_g372h0000gn/T/report.XXXXXX.01P12VW7x6/report: No such file or directory
===== 2026-09-09 13:24:19 上报结束 =====

===== 2026-09-09 13:25:20 开始上报 =====
/Users/zhengbangli/code/GoLearn/polaris/global-scheduler/cmd/report/run_crontab.sh: line 36: /var/folders/l2/1wpn5kpd0715sc20jc_g372h0000gn/T/report.XXXXXX.01P12VW7x6/report: No such file or directory
===== 2026-09-09 13:25:20 上报结束 =====

===== 2026-09-09 13:26:21 开始上报 =====
/Users/zhengbangli/code/GoLearn/polaris/global-scheduler/cmd/report/run_crontab.sh: line 36: /var/folders/l2/1wpn5kpd0715sc20jc_g372h0000gn/T/report.XXXXXX.01P12VW7x6/report: No such file or directory
===== 2026-09-09 13:26:21 上报结束 =====

===== 2026-09-09 13:27:22 开始上报 =====
/Users/zhengbangli/code/GoLearn/polaris/global-scheduler/cmd/report/run_crontab.sh: line 36: /var/folders/l2/1wpn5kpd0715sc20jc_g372h0000gn/T/report.XXXXXX.01P12VW7x6/report: No such file or directory
===== 2026-09-09 13:27:22 上报结束 =====

===== 2026-09-09 13:28:23 开始上报 =====
/Users/zhengbangli/code/GoLearn/polaris/global-scheduler/cmd/report/run_crontab.sh: line 36: /var/folders/l2/1wpn5kpd0715sc20jc_g372h0000gn/T/report.XXXXXX.01P12VW7x6/report: No such file or directory
===== 2026-09-09 13:28:23 上报结束 =====

===== 2026-09-09 13:29:24 开始上报 =====
/Users/zhengbangli/code/GoLearn/polaris/global-scheduler/cmd/report/run_crontab.sh: line 36: /var/folders/l2/1wpn5kpd0715sc20jc_g372h0000gn/T/report.XXXXXX.01P12VW7x6/report: No such file or directory
===== 2026-09-09 13:29:24 上报结束 =====

===== 2026-09-09 13:30:25 开始上报 =====
/Users/zhengbangli/code/GoLearn/polaris/global-scheduler/cmd/report/run_crontab.sh: line 36: /var/folders/l2/1wpn5kpd0715sc20jc_g372h0000gn/T/report.XXXXXX.01P12VW7x6/report: No such file or directory
===== 2026-09-09 13:30:25 上报结束 =====

===== 2026-09-09 13:31:26 开始上报 =====
/Users/zhengbangli/code/GoLearn/polaris/global-scheduler/cmd/report/run_crontab.sh: line 36: /var/folders/l2/1wpn5kpd0715sc20jc_g372h0000gn/T/report.XXXXXX.01P12VW7x6/report: No such file or directory
===== 2026-09-09 13:31:26 上报结束 =====

===== 2026-09-09 13:32:27 开始上报 =====
/Users/zhengbangli/code/GoLearn/polaris/global-scheduler/cmd/report/run_crontab.sh: line 36: /var/folders/l2/1wpn5kpd0715sc20jc_g372h0000gn/T/report.XXXXXX.01P12VW7x6/report: No such file or directory
===== 2026-09-09 13:32:27 上报结束 =====

===== 2026-09-09 13:33:28 开始上报 =====
/Users/zhengbangli/code/GoLearn/polaris/global-scheduler/cmd/report/run_crontab.sh: line 36: /var/folders/l2/1wpn5kpd0715sc20jc_g372h0000gn/T/report.XXXXXX.01P12VW7x6/report: No such file or directory
===== 2026-09-09 13:33:28 上报结束 =====

===== 2026-09-09 13:34:29 开始上报 =====
/Users/zhengbangli/code/GoLearn/polaris/global-scheduler/cmd/report/run_crontab.sh: line 36: /var/folders/l2/1wpn5kpd0715sc20jc_g372h0000gn/T/report.XXXXXX.01P12VW7x6/report: No such file or directory
===== 2026-09-09 13:34:29 上报结束 =====

===== 2026-09-09 13:35:30 开始上报 =====
/Users/zhengbangli/code/GoLearn/polaris/global-scheduler/cmd/report/run_crontab.sh: line 36: /var/folders/l2/1wpn5kpd0715sc20jc_g372h0000gn/T/report.XXXXXX.01P12VW7x6/report: No such file or directory
===== 2026-09-09 13:35:30 上报结束 =====

===== 2026-09-09 13:36:31 开始上报 =====
/Users/zhengbangli/code/GoLearn/polaris/global-scheduler/cmd/report/run_crontab.sh: line 36: /var/folders/l2/1wpn5kpd0715sc20jc_g372h0000gn/T/report.XXXXXX.01P12VW7x6/report: No such file or directory
===== 2026-09-09 13:36:31 上报结束 =====

===== 2026-09-09 13:37:32 开始上报 =====
/Users/zhengbangli/code/GoLearn/polaris/global-scheduler/cmd/report/run_crontab.sh: line 36: /var/folders/l2/1wpn5kpd0715sc20jc_g372h0000gn/T/report.XXXXXX.01P12VW7x6/report: No such file or directory
===== 2026-09-09 13:37:32 上报结束 =====

===== 2026-09-09 13:38:33 开始上报 =====
/Users/zhengbangli/code/GoLearn/polaris/global-scheduler/cmd/report/run_crontab.sh: line 36: /var/folders/l2/1wpn5kpd0715sc20jc_g372h0000gn/T/report.XXXXXX.01P12VW7x6/report: No such file or directory
===== 2026-09-09 13:38:33 上报结束 =====

===== 2026-09-09 13:39:34 开始上报 =====
/Users/zhengbangli/code/GoLearn/polaris/global-scheduler/cmd/report/run_crontab.sh: line 36: /var/folders/l2/1wpn5kpd0715sc20jc_g372h0000gn/T/report.XXXXXX.01P12VW7x6/report: No such file or directory
===== 2026-09-09 13:39:34 上报结束 =====

===== 2026-09-09 13:40:35 开始上报 =====
/Users/zhengbangli/code/GoLearn/polaris/global-scheduler/cmd/report/run_crontab.sh: line 36: /var/folders/l2/1wpn5kpd0715sc20jc_g372h0000gn/T/report.XXXXXX.01P12VW7x6/report: No such file or directory
===== 2026-09-09 13:40:35 上报结束 =====

===== 2026-09-09 13:41:36 开始上报 =====
/Users/zhengbangli/code/GoLearn/polaris/global-scheduler/cmd/report/run_crontab.sh: line 36: /var/folders/l2/1wpn5kpd0715sc20jc_g372h0000gn/T/report.XXXXXX.01P12VW7x6/report: No such file or directory
===== 2026-09-09 13:41:36 上报结束 =====

===== 2026-09-09 13:42:37 开始上报 =====
/Users/zhengbangli/code/GoLearn/polaris/global-scheduler/cmd/report/run_crontab.sh: line 36: /var/folders/l2/1wpn5kpd0715sc20jc_g372h0000gn/T/report.XXXXXX.01P12VW7x6/report: No such file or directory
===== 2026-09-09 13:42:37 上报结束 =====

===== 2026-09-09 13:43:38 开始上报 =====
/Users/zhengbangli/code/GoLearn/polaris/global-scheduler/cmd/report/run_crontab.sh: line 36: /var/folders/l2/1wpn5kpd0715sc20jc_g372h0000gn/T/report.XXXXXX.01P12VW7x6/report: No such file or directory
===== 2026-09-09 13:43:38 上报结束 =====

===== 2026-09-09 13:44:39 开始上报 =====
/Users/zhengbangli/code/GoLearn/polaris/global-scheduler/cmd/report/run_crontab.sh: line 36: /var/folders/l2/1wpn5kpd0715sc20jc_g372h0000gn/T/report.XXXXXX.01P12VW7x6/report: No such file or directory
===== 2026-09-09 13:44:39 上报结束 =====

===== 2026-09-09 13:45:40 开始上报 =====
/Users/zhengbangli/code/GoLearn/polaris/global-scheduler/cmd/report/run_crontab.sh: line 36: /var/folders/l2/1wpn5kpd0715sc20jc_g372h0000gn/T/report.XXXXXX.01P12VW7x6/report: No such file or directory
===== 2026-09-09 13:45:40 上报结束 =====

===== 2026-09-09 13:46:41 开始上报 =====
/Users/zhengbangli/code/GoLearn/polaris/global-scheduler/cmd/report/run_crontab.sh: line 36: /var/folders/l2/1wpn5kpd0715sc20jc_g372h0000gn/T/report.XXXXXX.01P12VW7x6/report: No such file or directory
===== 2026-09-09 13:46:41 上报结束 =====

===== 2026-09-09 13:47:42 开始上报 =====
/Users/zhengbangli/code/GoLearn/polaris/global-scheduler/cmd/report/run_crontab.sh: line 36: /var/folders/l2/1wpn5kpd0715sc20jc_g372h0000gn/T/report.XXXXXX.01P12VW7x6/report: No such file or directory
===== 2026-09-09 13:47:42 上报结束 =====

===== 2026-09-09 13:48:43 开始上报 =====
/Users/zhengbangli/code/GoLearn/polaris/global-scheduler/cmd/report/run_crontab.sh: line 36: /var/folders/l2/1wpn5kpd0715sc20jc_g372h0000gn/T/report.XXXXXX.01P12VW7x6/report: No such file or directory
===== 2026-09-09 13:48:43 上报结束 =====

===== 2026-09-09 13:49:44 开始上报 =====
/Users/zhengbangli/code/GoLearn/polaris/global-scheduler/cmd/report/run_crontab.sh: line 36: /var/folders/l2/1wpn5kpd0715sc20jc_g372h0000gn/T/report.XXXXXX.01P12VW7x6/report: No such file or directory
===== 2026-09-09 13:49:44 上报结束 =====

===== 2026-09-09 13:50:45 开始上报 =====
/Users/zhengbangli/code/GoLearn/polaris/global-scheduler/cmd/report/run_crontab.sh: line 36: /var/folders/l2/1wpn5kpd0715sc20jc_g372h0000gn/T/report.XXXXXX.01P12VW7x6/report: No such file or directory
===== 2026-09-09 13:50:45 上报结束 =====

===== 2026-09-09 13:51:46 开始上报 =====
/Users/zhengbangli/code/GoLearn/polaris/global-scheduler/cmd/report/run_crontab.sh: line 36: /var/folders/l2/1wpn5kpd0715sc20jc_g372h0000gn/T/report.XXXXXX.01P12VW7x6/report: No such file or directory
===== 2026-09-09 13:51:46 上报结束 =====

===== 2026-09-09 13:52:47 开始上报 =====
/Users/zhengbangli/code/GoLearn/polaris/global-scheduler/cmd/report/run_crontab.sh: line 36: /var/folders/l2/1wpn5kpd0715sc20jc_g372h0000gn/T/report.XXXXXX.01P12VW7x6/report: No such file or directory
===== 2026-09-09 13:52:47 上报结束 =====

===== 2026-09-09 13:53:48 开始上报 =====
/Users/zhengbangli/code/GoLearn/polaris/global-scheduler/cmd/report/run_crontab.sh: line 36: /var/folders/l2/1wpn5kpd0715sc20jc_g372h0000gn/T/report.XXXXXX.01P12VW7x6/report: No such file or directory
===== 2026-09-09 13:53:48 上报结束 =====

===== 2026-09-09 13:54:49 开始上报 =====
/Users/zhengbangli/code/GoLearn/polaris/global-scheduler/cmd/report/run_crontab.sh: line 36: /var/folders/l2/1wpn5kpd0715sc20jc_g372h0000gn/T/report.XXXXXX.01P12VW7x6/report: No such file or directory
===== 2026-09-09 13:54:49 上报结束 =====

===== 2026-09-09 13:55:50 开始上报 =====
/Users/zhengbangli/code/GoLearn/polaris/global-scheduler/cmd/report/run_crontab.sh: line 36: /var/folders/l2/1wpn5kpd0715sc20jc_g372h0000gn/T/report.XXXXXX.01P12VW7x6/report: No such file or directory
===== 2026-09-09 13:55:50 上报结束 =====

===== 2026-09-09 13:56:51 开始上报 =====
/Users/zhengbangli/code/GoLearn/polaris/global-scheduler/cmd/report/run_crontab.sh: line 36: /var/folders/l2/1wpn5kpd0715sc20jc_g372h0000gn/T/report.XXXXXX.01P12VW7x6/report: No such file or directory
===== 2026-09-09 13:56:51 上报结束 =====

===== 2026-09-09 13:57:52 开始上报 =====
/Users/zhengbangli/code/GoLearn/polaris/global-scheduler/cmd/report/run_crontab.sh: line 36: /var/folders/l2/1wpn5kpd0715sc20jc_g372h0000gn/T/report.XXXXXX.01P12VW7x6/report: No such file or directory
===== 2026-09-09 13:57:52 上报结束 =====

===== 2026-09-09 13:58:53 开始上报 =====
/Users/zhengbangli/code/GoLearn/polaris/global-scheduler/cmd/report/run_crontab.sh: line 36: /var/folders/l2/1wpn5kpd0715sc20jc_g372h0000gn/T/report.XXXXXX.01P12VW7x6/report: No such file or directory
===== 2026-09-09 13:58:53 上报结束 =====

===== 2026-09-09 13:59:54 开始上报 =====
/Users/zhengbangli/code/GoLearn/polaris/global-scheduler/cmd/report/run_crontab.sh: line 36: /var/folders/l2/1wpn5kpd0715sc20jc_g372h0000gn/T/report.XXXXXX.01P12VW7x6/report: No such file or directory
===== 2026-09-09 13:59:54 上报结束 =====

===== 2026-09-09 14:00:55 开始上报 =====
/Users/zhengbangli/code/GoLearn/polaris/global-scheduler/cmd/report/run_crontab.sh: line 36: /var/folders/l2/1wpn5kpd0715sc20jc_g372h0000gn/T/report.XXXXXX.01P12VW7x6/report: No such file or directory
===== 2026-09-09 14:00:55 上报结束 =====

===== 2026-09-09 14:01:56 开始上报 =====
/Users/zhengbangli/code/GoLearn/polaris/global-scheduler/cmd/report/run_crontab.sh: line 36: /var/folders/l2/1wpn5kpd0715sc20jc_g372h0000gn/T/report.XXXXXX.01P12VW7x6/report: No such file or directory
===== 2026-09-09 14:01:56 上报结束 =====

===== 2026-09-09 14:02:57 开始上报 =====
/Users/zhengbangli/code/GoLearn/polaris/global-scheduler/cmd/report/run_crontab.sh: line 36: /var/folders/l2/1wpn5kpd0715sc20jc_g372h0000gn/T/report.XXXXXX.01P12VW7x6/report: No such file or directory
===== 2026-09-09 14:02:57 上报结束 =====

===== 2026-09-09 14:03:58 开始上报 =====
/Users/zhengbangli/code/GoLearn/polaris/global-scheduler/cmd/report/run_crontab.sh: line 36: /var/folders/l2/1wpn5kpd0715sc20jc_g372h0000gn/T/report.XXXXXX.01P12VW7x6/report: No such file or directory
===== 2026-09-09 14:03:58 上报结束 =====

===== 2026-09-09 14:04:59 开始上报 =====
/Users/zhengbangli/code/GoLearn/polaris/global-scheduler/cmd/report/run_crontab.sh: line 36: /var/folders/l2/1wpn5kpd0715sc20jc_g372h0000gn/T/report.XXXXXX.01P12VW7x6/report: No such file or directory
===== 2026-09-09 14:04:59 上报结束 =====

===== 2026-09-09 14:06:00 开始上报 =====
/Users/zhengbangli/code/GoLearn/polaris/global-scheduler/cmd/report/run_crontab.sh: line 36: /var/folders/l2/1wpn5kpd0715sc20jc_g372h0000gn/T/report.XXXXXX.01P12VW7x6/report: No such file or directory
===== 2026-09-09 14:06:00 上报结束 =====

===== 2026-09-09 14:07:01 开始上报 =====
/Users/zhengbangli/code/GoLearn/polaris/global-scheduler/cmd/report/run_crontab.sh: line 36: /var/folders/l2/1wpn5kpd0715sc20jc_g372h0000gn/T/report.XXXXXX.01P12VW7x6/report: No such file or directory
===== 2026-09-09 14:07:01 上报结束 =====

===== 2026-09-09 14:08:01 开始上报 =====
/Users/zhengbangli/code/GoLearn/polaris/global-scheduler/cmd/report/run_crontab.sh: line 36: /var/folders/l2/1wpn5kpd0715sc20jc_g372h0000gn/T/report.XXXXXX.01P12VW7x6/report: No such file or directory
===== 2026-09-09 14:08:01 上报结束 =====

===== 2026-09-09 14:09:02 开始上报 =====
/Users/zhengbangli/code/GoLearn/polaris/global-scheduler/cmd/report/run_crontab.sh: line 36: /var/folders/l2/1wpn5kpd0715sc20jc_g372h0000gn/T/report.XXXXXX.01P12VW7x6/report: No such file or directory
===== 2026-09-09 14:09:02 上报结束 =====

===== 2026-09-09 14:10:03 开始上报 =====
/Users/zhengbangli/code/GoLearn/polaris/global-scheduler/cmd/report/run_crontab.sh: line 36: /var/folders/l2/1wpn5kpd0715sc20jc_g372h0000gn/T/report.XXXXXX.01P12VW7x6/report: No such file or directory
===== 2026-09-09 14:10:03 上报结束 =====

===== 2026-09-09 14:11:03 开始上报 =====
/Users/zhengbangli/code/GoLearn/polaris/global-scheduler/cmd/report/run_crontab.sh: line 36: /var/folders/l2/1wpn5kpd0715sc20jc_g372h0000gn/T/report.XXXXXX.01P12VW7x6/report: No such file or directory
===== 2026-09-09 14:11:03 上报结束 =====

===== 2026-09-09 14:12:04 开始上报 =====
/Users/zhengbangli/code/GoLearn/polaris/global-scheduler/cmd/report/run_crontab.sh: line 36: /var/folders/l2/1wpn5kpd0715sc20jc_g372h0000gn/T/report.XXXXXX.01P12VW7x6/report: No such file or directory
===== 2026-09-09 14:12:04 上报结束 =====

===== 2026-09-09 14:13:05 开始上报 =====
/Users/zhengbangli/code/GoLearn/polaris/global-scheduler/cmd/report/run_crontab.sh: line 36: /var/folders/l2/1wpn5kpd0715sc20jc_g372h0000gn/T/report.XXXXXX.01P12VW7x6/report: No such file or directory
===== 2026-09-09 14:13:05 上报结束 =====

===== 2026-09-09 14:14:05 开始上报 =====
/Users/zhengbangli/code/GoLearn/polaris/global-scheduler/cmd/report/run_crontab.sh: line 36: /var/folders/l2/1wpn5kpd0715sc20jc_g372h0000gn/T/report.XXXXXX.01P12VW7x6/report: No such file or directory
===== 2026-09-09 14:14:05 上报结束 =====

===== 2026-09-09 14:15:06 开始上报 =====
/Users/zhengbangli/code/GoLearn/polaris/global-scheduler/cmd/report/run_crontab.sh: line 36: /var/folders/l2/1wpn5kpd0715sc20jc_g372h0000gn/T/report.XXXXXX.01P12VW7x6/report: No such file or directory
===== 2026-09-09 14:15:06 上报结束 =====

===== 2026-09-09 14:16:07 开始上报 =====
/Users/zhengbangli/code/GoLearn/polaris/global-scheduler/cmd/report/run_crontab.sh: line 36: /var/folders/l2/1wpn5kpd0715sc20jc_g372h0000gn/T/report.XXXXXX.01P12VW7x6/report: No such file or directory
===== 2026-09-09 14:16:07 上报结束 =====

===== 2026-09-09 14:17:07 开始上报 =====
/Users/zhengbangli/code/GoLearn/polaris/global-scheduler/cmd/report/run_crontab.sh: line 36: /var/folders/l2/1wpn5kpd0715sc20jc_g372h0000gn/T/report.XXXXXX.01P12VW7x6/report: No such file or directory
===== 2026-09-09 14:17:07 上报结束 =====

===== 2026-09-09 14:18:08 开始上报 =====
/Users/zhengbangli/code/GoLearn/polaris/global-scheduler/cmd/report/run_crontab.sh: line 36: /var/folders/l2/1wpn5kpd0715sc20jc_g372h0000gn/T/report.XXXXXX.01P12VW7x6/report: No such file or directory
===== 2026-09-09 14:18:08 上报结束 =====

===== 2026-09-09 14:19:09 开始上报 =====
/Users/zhengbangli/code/GoLearn/polaris/global-scheduler/cmd/report/run_crontab.sh: line 36: /var/folders/l2/1wpn5kpd0715sc20jc_g372h0000gn/T/report.XXXXXX.01P12VW7x6/report: No such file or directory
===== 2026-09-09 14:19:09 上报结束 =====

===== 2026-09-09 14:20:09 开始上报 =====
/Users/zhengbangli/code/GoLearn/polaris/global-scheduler/cmd/report/run_crontab.sh: line 36: /var/folders/l2/1wpn5kpd0715sc20jc_g372h0000gn/T/report.XXXXXX.01P12VW7x6/report: No such file or directory
===== 2026-09-09 14:20:09 上报结束 =====

===== 2026-09-09 14:21:10 开始上报 =====
/Users/zhengbangli/code/GoLearn/polaris/global-scheduler/cmd/report/run_crontab.sh: line 36: /var/folders/l2/1wpn5kpd0715sc20jc_g372h0000gn/T/report.XXXXXX.01P12VW7x6/report: No such file or directory
===== 2026-09-09 14:21:10 上报结束 =====

===== 2026-09-09 14:22:11 开始上报 =====
/Users/zhengbangli/code/GoLearn/polaris/global-scheduler/cmd/report/run_crontab.sh: line 36: /var/folders/l2/1wpn5kpd0715sc20jc_g372h0000gn/T/report.XXXXXX.01P12VW7x6/report: No such file or directory
===== 2026-09-09 14:22:11 上报结束 =====

===== 2026-09-09 14:23:11 开始上报 =====
/Users/zhengbangli/code/GoLearn/polaris/global-scheduler/cmd/report/run_crontab.sh: line 36: /var/folders/l2/1wpn5kpd0715sc20jc_g372h0000gn/T/report.XXXXXX.01P12VW7x6/report: No such file or directory
===== 2026-09-09 14:23:11 上报结束 =====

===== 2026-09-09 14:24:12 开始上报 =====
/Users/zhengbangli/code/GoLearn/polaris/global-scheduler/cmd/report/run_crontab.sh: line 36: /var/folders/l2/1wpn5kpd0715sc20jc_g372h0000gn/T/report.XXXXXX.01P12VW7x6/report: No such file or directory
===== 2026-09-09 14:24:12 上报结束 =====

===== 2026-09-09 14:25:13 开始上报 =====
/Users/zhengbangli/code/GoLearn/polaris/global-scheduler/cmd/report/run_crontab.sh: line 36: /var/folders/l2/1wpn5kpd0715sc20jc_g372h0000gn/T/report.XXXXXX.01P12VW7x6/report: No such file or directory
===== 2026-09-09 14:25:13 上报结束 =====

===== 2026-09-09 14:26:13 开始上报 =====
/Users/zhengbangli/code/GoLearn/polaris/global-scheduler/cmd/report/run_crontab.sh: line 36: /var/folders/l2/1wpn5kpd0715sc20jc_g372h0000gn/T/report.XXXXXX.01P12VW7x6/report: No such file or directory
===== 2026-09-09 14:26:13 上报结束 =====

===== 2026-09-09 14:27:14 开始上报 =====
/Users/zhengbangli/code/GoLearn/polaris/global-scheduler/cmd/report/run_crontab.sh: line 36: /var/folders/l2/1wpn5kpd0715sc20jc_g372h0000gn/T/report.XXXXXX.01P12VW7x6/report: No such file or directory
===== 2026-09-09 14:27:14 上报结束 =====

===== 2026-09-09 14:28:15 开始上报 =====
/Users/zhengbangli/code/GoLearn/polaris/global-scheduler/cmd/report/run_crontab.sh: line 36: /var/folders/l2/1wpn5kpd0715sc20jc_g372h0000gn/T/report.XXXXXX.01P12VW7x6/report: No such file or directory
===== 2026-09-09 14:28:15 上报结束 =====

===== 2026-09-09 14:29:15 开始上报 =====
/Users/zhengbangli/code/GoLearn/polaris/global-scheduler/cmd/report/run_crontab.sh: line 36: /var/folders/l2/1wpn5kpd0715sc20jc_g372h0000gn/T/report.XXXXXX.01P12VW7x6/report: No such file or directory
===== 2026-09-09 14:29:15 上报结束 =====

===== 2026-09-09 14:30:16 开始上报 =====
/Users/zhengbangli/code/GoLearn/polaris/global-scheduler/cmd/report/run_crontab.sh: line 36: /var/folders/l2/1wpn5kpd0715sc20jc_g372h0000gn/T/report.XXXXXX.01P12VW7x6/report: No such file or directory
===== 2026-09-09 14:30:16 上报结束 =====

===== 2026-09-09 14:31:17 开始上报 =====
/Users/zhengbangli/code/GoLearn/polaris/global-scheduler/cmd/report/run_crontab.sh: line 36: /var/folders/l2/1wpn5kpd0715sc20jc_g372h0000gn/T/report.XXXXXX.01P12VW7x6/report: No such file or directory
===== 2026-09-09 14:31:17 上报结束 =====

===== 2026-09-09 14:32:17 开始上报 =====
/Users/zhengbangli/code/GoLearn/polaris/global-scheduler/cmd/report/run_crontab.sh: line 36: /var/folders/l2/1wpn5kpd0715sc20jc_g372h0000gn/T/report.XXXXXX.01P12VW7x6/report: No such file or directory
===== 2026-09-09 14:32:17 上报结束 =====

===== 2026-09-09 14:33:18 开始上报 =====
/Users/zhengbangli/code/GoLearn/polaris/global-scheduler/cmd/report/run_crontab.sh: line 36: /var/folders/l2/1wpn5kpd0715sc20jc_g372h0000gn/T/report.XXXXXX.01P12VW7x6/report: No such file or directory
===== 2026-09-09 14:33:18 上报结束 =====

===== 2026-09-09 14:34:18 开始上报 =====
/Users/zhengbangli/code/GoLearn/polaris/global-scheduler/cmd/report/run_crontab.sh: line 36: /var/folders/l2/1wpn5kpd0715sc20jc_g372h0000gn/T/report.XXXXXX.01P12VW7x6/report: No such file or directory
===== 2026-09-09 14:34:18 上报结束 =====

===== 2026-09-09 14:35:19 开始上报 =====
/Users/zhengbangli/code/GoLearn/polaris/global-scheduler/cmd/report/run_crontab.sh: line 36: /var/folders/l2/1wpn5kpd0715sc20jc_g372h0000gn/T/report.XXXXXX.01P12VW7x6/report: No such file or directory
===== 2026-09-09 14:35:19 上报结束 =====

===== 2026-09-09 14:36:20 开始上报 =====
/Users/zhengbangli/code/GoLearn/polaris/global-scheduler/cmd/report/run_crontab.sh: line 36: /var/folders/l2/1wpn5kpd0715sc20jc_g372h0000gn/T/report.XXXXXX.01P12VW7x6/report: No such file or directory
===== 2026-09-09 14:36:20 上报结束 =====

===== 2026-09-09 14:37:20 开始上报 =====
/Users/zhengbangli/code/GoLearn/polaris/global-scheduler/cmd/report/run_crontab.sh: line 36: /var/folders/l2/1wpn5kpd0715sc20jc_g372h0000gn/T/report.XXXXXX.01P12VW7x6/report: No such file or directory
===== 2026-09-09 14:37:20 上报结束 =====

===== 2026-09-09 14:38:21 开始上报 =====
/Users/zhengbangli/code/GoLearn/polaris/global-scheduler/cmd/report/run_crontab.sh: line 36: /var/folders/l2/1wpn5kpd0715sc20jc_g372h0000gn/T/report.XXXXXX.01P12VW7x6/report: No such file or directory
===== 2026-09-09 14:38:21 上报结束 =====

===== 2026-09-09 14:39:22 开始上报 =====
/Users/zhengbangli/code/GoLearn/polaris/global-scheduler/cmd/report/run_crontab.sh: line 36: /var/folders/l2/1wpn5kpd0715sc20jc_g372h0000gn/T/report.XXXXXX.01P12VW7x6/report: No such file or directory
===== 2026-09-09 14:39:22 上报结束 =====

===== 2026-09-09 14:40:23 开始上报 =====
/Users/zhengbangli/code/GoLearn/polaris/global-scheduler/cmd/report/run_crontab.sh: line 36: /var/folders/l2/1wpn5kpd0715sc20jc_g372h0000gn/T/report.XXXXXX.01P12VW7x6/report: No such file or directory
===== 2026-09-09 14:40:23 上报结束 =====

===== 2026-09-09 14:41:23 开始上报 =====
/Users/zhengbangli/code/GoLearn/polaris/global-scheduler/cmd/report/run_crontab.sh: line 36: /var/folders/l2/1wpn5kpd0715sc20jc_g372h0000gn/T/report.XXXXXX.01P12VW7x6/report: No such file or directory
===== 2026-09-09 14:41:23 上报结束 =====

===== 2026-09-09 14:42:24 开始上报 =====
/Users/zhengbangli/code/GoLearn/polaris/global-scheduler/cmd/report/run_crontab.sh: line 36: /var/folders/l2/1wpn5kpd0715sc20jc_g372h0000gn/T/report.XXXXXX.01P12VW7x6/report: No such file or directory
===== 2026-09-09 14:42:24 上报结束 =====

===== 2026-09-09 14:43:24 开始上报 =====
/Users/zhengbangli/code/GoLearn/polaris/global-scheduler/cmd/report/run_crontab.sh: line 36: /var/folders/l2/1wpn5kpd0715sc20jc_g372h0000gn/T/report.XXXXXX.01P12VW7x6/report: No such file or directory
===== 2026-09-09 14:43:24 上报结束 =====

===== 2026-09-09 14:44:25 开始上报 =====
/Users/zhengbangli/code/GoLearn/polaris/global-scheduler/cmd/report/run_crontab.sh: line 36: /var/folders/l2/1wpn5kpd0715sc20jc_g372h0000gn/T/report.XXXXXX.01P12VW7x6/report: No such file or directory
===== 2026-09-09 14:44:25 上报结束 =====

===== 2026-09-09 14:45:26 开始上报 =====
/Users/zhengbangli/code/GoLearn/polaris/global-scheduler/cmd/report/run_crontab.sh: line 36: /var/folders/l2/1wpn5kpd0715sc20jc_g372h0000gn/T/report.XXXXXX.01P12VW7x6/report: No such file or directory
===== 2026-09-09 14:45:26 上报结束 =====

===== 2026-09-09 14:46:26 开始上报 =====
/Users/zhengbangli/code/GoLearn/polaris/global-scheduler/cmd/report/run_crontab.sh: line 36: /var/folders/l2/1wpn5kpd0715sc20jc_g372h0000gn/T/report.XXXXXX.01P12VW7x6/report: No such file or directory
===== 2026-09-09 14:46:26 上报结束 =====

===== 2026-09-09 14:47:27 开始上报 =====
/Users/zhengbangli/code/GoLearn/polaris/global-scheduler/cmd/report/run_crontab.sh: line 36: /var/folders/l2/1wpn5kpd0715sc20jc_g372h0000gn/T/report.XXXXXX.01P12VW7x6/report: No such file or directory
===== 2026-09-09 14:47:27 上报结束 =====

===== 2026-09-09 14:48:28 开始上报 =====
/Users/zhengbangli/code/GoLearn/polaris/global-scheduler/cmd/report/run_crontab.sh: line 36: /var/folders/l2/1wpn5kpd0715sc20jc_g372h0000gn/T/report.XXXXXX.01P12VW7x6/report: No such file or directory
===== 2026-09-09 14:48:28 上报结束 =====

===== 2026-09-09 14:49:28 开始上报 =====
/Users/zhengbangli/code/GoLearn/polaris/global-scheduler/cmd/report/run_crontab.sh: line 36: /var/folders/l2/1wpn5kpd0715sc20jc_g372h0000gn/T/report.XXXXXX.01P12VW7x6/report: No such file or directory
===== 2026-09-09 14:49:28 上报结束 =====

===== 2026-09-09 14:50:29 开始上报 =====
/Users/zhengbangli/code/GoLearn/polaris/global-scheduler/cmd/report/run_crontab.sh: line 36: /var/folders/l2/1wpn5kpd0715sc20jc_g372h0000gn/T/report.XXXXXX.01P12VW7x6/report: No such file or directory
===== 2026-09-09 14:50:29 上报结束 =====

===== 2026-09-09 14:51:30 开始上报 =====
/Users/zhengbangli/code/GoLearn/polaris/global-scheduler/cmd/report/run_crontab.sh: line 36: /var/folders/l2/1wpn5kpd0715sc20jc_g372h0000gn/T/report.XXXXXX.01P12VW7x6/report: No such file or directory
===== 2026-09-09 14:51:30 上报结束 =====

===== 2026-09-09 14:52:30 开始上报 =====
/Users/zhengbangli/code/GoLearn/polaris/global-scheduler/cmd/report/run_crontab.sh: line 36: /var/folders/l2/1wpn5kpd0715sc20jc_g372h0000gn/T/report.XXXXXX.01P12VW7x6/report: No such file or directory
===== 2026-09-09 14:52:30 上报结束 =====

===== 2026-09-09 14:53:31 开始上报 =====
/Users/zhengbangli/code/GoLearn/polaris/global-scheduler/cmd/report/run_crontab.sh: line 36: /var/folders/l2/1wpn5kpd0715sc20jc_g372h0000gn/T/report.XXXXXX.01P12VW7x6/report: No such file or directory
===== 2026-09-09 14:53:31 上报结束 =====

===== 2026-09-09 14:54:32 开始上报 =====
/Users/zhengbangli/code/GoLearn/polaris/global-scheduler/cmd/report/run_crontab.sh: line 36: /var/folders/l2/1wpn5kpd0715sc20jc_g372h0000gn/T/report.XXXXXX.01P12VW7x6/report: No such file or directory
===== 2026-09-09 14:54:32 上报结束 =====

===== 2026-09-09 14:55:32 开始上报 =====
/Users/zhengbangli/code/GoLearn/polaris/global-scheduler/cmd/report/run_crontab.sh: line 36: /var/folders/l2/1wpn5kpd0715sc20jc_g372h0000gn/T/report.XXXXXX.01P12VW7x6/report: No such file or directory
===== 2026-09-09 14:55:32 上报结束 =====

===== 2026-09-09 14:56:33 开始上报 =====
/Users/zhengbangli/code/GoLearn/polaris/global-scheduler/cmd/report/run_crontab.sh: line 36: /var/folders/l2/1wpn5kpd0715sc20jc_g372h0000gn/T/report.XXXXXX.01P12VW7x6/report: No such file or directory
===== 2026-09-09 14:56:33 上报结束 =====

===== 2026-09-09 14:57:34 开始上报 =====
/Users/zhengbangli/code/GoLearn/polaris/global-scheduler/cmd/report/run_crontab.sh: line 36: /var/folders/l2/1wpn5kpd0715sc20jc_g372h0000gn/T/report.XXXXXX.01P12VW7x6/report: No such file or directory
===== 2026-09-09 14:57:34 上报结束 =====

===== 2026-09-09 14:58:35 开始上报 =====
/Users/zhengbangli/code/GoLearn/polaris/global-scheduler/cmd/report/run_crontab.sh: line 36: /var/folders/l2/1wpn5kpd0715sc20jc_g372h0000gn/T/report.XXXXXX.01P12VW7x6/report: No such file or directory
===== 2026-09-09 14:58:35 上报结束 =====

===== 2026-09-09 14:59:36 开始上报 =====
/Users/zhengbangli/code/GoLearn/polaris/global-scheduler/cmd/report/run_crontab.sh: line 36: /var/folders/l2/1wpn5kpd0715sc20jc_g372h0000gn/T/report.XXXXXX.01P12VW7x6/report: No such file or directory
===== 2026-09-09 14:59:36 上报结束 =====

===== 2026-09-09 15:00:36 开始上报 =====
/Users/zhengbangli/code/GoLearn/polaris/global-scheduler/cmd/report/run_crontab.sh: line 36: /var/folders/l2/1wpn5kpd0715sc20jc_g372h0000gn/T/report.XXXXXX.01P12VW7x6/report: No such file or directory
===== 2026-09-09 15:00:36 上报结束 =====

===== 2026-09-09 15:01:37 开始上报 =====
/Users/zhengbangli/code/GoLearn/polaris/global-scheduler/cmd/report/run_crontab.sh: line 36: /var/folders/l2/1wpn5kpd0715sc20jc_g372h0000gn/T/report.XXXXXX.01P12VW7x6/report: No such file or directory
===== 2026-09-09 15:01:37 上报结束 =====

===== 2026-09-09 15:02:38 开始上报 =====
/Users/zhengbangli/code/GoLearn/polaris/global-scheduler/cmd/report/run_crontab.sh: line 36: /var/folders/l2/1wpn5kpd0715sc20jc_g372h0000gn/T/report.XXXXXX.01P12VW7x6/report: No such file or directory
===== 2026-09-09 15:02:38 上报结束 =====

===== 2026-09-09 15:03:38 开始上报 =====
/Users/zhengbangli/code/GoLearn/polaris/global-scheduler/cmd/report/run_crontab.sh: line 36: /var/folders/l2/1wpn5kpd0715sc20jc_g372h0000gn/T/report.XXXXXX.01P12VW7x6/report: No such file or directory
===== 2026-09-09 15:03:38 上报结束 =====

===== 2026-09-09 15:04:39 开始上报 =====
/Users/zhengbangli/code/GoLearn/polaris/global-scheduler/cmd/report/run_crontab.sh: line 36: /var/folders/l2/1wpn5kpd0715sc20jc_g372h0000gn/T/report.XXXXXX.01P12VW7x6/report: No such file or directory
===== 2026-09-09 15:04:39 上报结束 =====

===== 2026-09-09 15:05:40 开始上报 =====
/Users/zhengbangli/code/GoLearn/polaris/global-scheduler/cmd/report/run_crontab.sh: line 36: /var/folders/l2/1wpn5kpd0715sc20jc_g372h0000gn/T/report.XXXXXX.01P12VW7x6/report: No such file or directory
===== 2026-09-09 15:05:40 上报结束 =====

===== 2026-09-09 15:06:40 开始上报 =====
/Users/zhengbangli/code/GoLearn/polaris/global-scheduler/cmd/report/run_crontab.sh: line 36: /var/folders/l2/1wpn5kpd0715sc20jc_g372h0000gn/T/report.XXXXXX.01P12VW7x6/report: No such file or directory
===== 2026-09-09 15:06:40 上报结束 =====

===== 2026-09-09 15:07:41 开始上报 =====
/Users/zhengbangli/code/GoLearn/polaris/global-scheduler/cmd/report/run_crontab.sh: line 36: /var/folders/l2/1wpn5kpd0715sc20jc_g372h0000gn/T/report.XXXXXX.01P12VW7x6/report: No such file or directory
===== 2026-09-09 15:07:41 上报结束 =====

===== 2026-09-09 15:08:42 开始上报 =====
/Users/zhengbangli/code/GoLearn/polaris/global-scheduler/cmd/report/run_crontab.sh: line 36: /var/folders/l2/1wpn5kpd0715sc20jc_g372h0000gn/T/report.XXXXXX.01P12VW7x6/report: No such file or directory
===== 2026-09-09 15:08:42 上报结束 =====

===== 2026-09-09 15:09:42 开始上报 =====
/Users/zhengbangli/code/GoLearn/polaris/global-scheduler/cmd/report/run_crontab.sh: line 36: /var/folders/l2/1wpn5kpd0715sc20jc_g372h0000gn/T/report.XXXXXX.01P12VW7x6/report: No such file or directory
===== 2026-09-09 15:09:42 上报结束 =====

===== 2026-09-09 15:10:43 开始上报 =====
/Users/zhengbangli/code/GoLearn/polaris/global-scheduler/cmd/report/run_crontab.sh: line 36: /var/folders/l2/1wpn5kpd0715sc20jc_g372h0000gn/T/report.XXXXXX.01P12VW7x6/report: No such file or directory
===== 2026-09-09 15:10:43 上报结束 =====

===== 2026-09-09 15:11:44 开始上报 =====
/Users/zhengbangli/code/GoLearn/polaris/global-scheduler/cmd/report/run_crontab.sh: line 36: /var/folders/l2/1wpn5kpd0715sc20jc_g372h0000gn/T/report.XXXXXX.01P12VW7x6/report: No such file or directory
===== 2026-09-09 15:11:44 上报结束 =====

===== 2026-09-09 15:12:44 开始上报 =====
/Users/zhengbangli/code/GoLearn/polaris/global-scheduler/cmd/report/run_crontab.sh: line 36: /var/folders/l2/1wpn5kpd0715sc20jc_g372h0000gn/T/report.XXXXXX.01P12VW7x6/report: No such file or directory
===== 2026-09-09 15:12:44 上报结束 =====

===== 2026-09-09 15:13:45 开始上报 =====
/Users/zhengbangli/code/GoLearn/polaris/global-scheduler/cmd/report/run_crontab.sh: line 36: /var/folders/l2/1wpn5kpd0715sc20jc_g372h0000gn/T/report.XXXXXX.01P12VW7x6/report: No such file or directory
===== 2026-09-09 15:13:45 上报结束 =====

===== 2026-09-09 15:14:46 开始上报 =====
/Users/zhengbangli/code/GoLearn/polaris/global-scheduler/cmd/report/run_crontab.sh: line 36: /var/folders/l2/1wpn5kpd0715sc20jc_g372h0000gn/T/report.XXXXXX.01P12VW7x6/report: No such file or directory
===== 2026-09-09 15:14:46 上报结束 =====

===== 2026-09-09 15:15:46 开始上报 =====
/Users/zhengbangli/code/GoLearn/polaris/global-scheduler/cmd/report/run_crontab.sh: line 36: /var/folders/l2/1wpn5kpd0715sc20jc_g372h0000gn/T/report.XXXXXX.01P12VW7x6/report: No such file or directory
===== 2026-09-09 15:15:46 上报结束 =====

===== 2026-09-09 15:16:47 开始上报 =====
/Users/zhengbangli/code/GoLearn/polaris/global-scheduler/cmd/report/run_crontab.sh: line 36: /var/folders/l2/1wpn5kpd0715sc20jc_g372h0000gn/T/report.XXXXXX.01P12VW7x6/report: No such file or directory
===== 2026-09-09 15:16:47 上报结束 =====

===== 2026-09-09 15:17:48 开始上报 =====
/Users/zhengbangli/code/GoLearn/polaris/global-scheduler/cmd/report/run_crontab.sh: line 36: /var/folders/l2/1wpn5kpd0715sc20jc_g372h0000gn/T/report.XXXXXX.01P12VW7x6/report: No such file or directory
===== 2026-09-09 15:17:48 上报结束 =====

===== 2026-09-09 15:18:48 开始上报 =====
/Users/zhengbangli/code/GoLearn/polaris/global-scheduler/cmd/report/run_crontab.sh: line 36: /var/folders/l2/1wpn5kpd0715sc20jc_g372h0000gn/T/report.XXXXXX.01P12VW7x6/report: No such file or directory
===== 2026-09-09 15:18:48 上报结束 =====

===== 2026-09-09 15:19:49 开始上报 =====
/Users/zhengbangli/code/GoLearn/polaris/global-scheduler/cmd/report/run_crontab.sh: line 36: /var/folders/l2/1wpn5kpd0715sc20jc_g372h0000gn/T/report.XXXXXX.01P12VW7x6/report: No such file or directory
===== 2026-09-09 15:19:49 上报结束 =====

===== 2026-09-09 15:20:50 开始上报 =====
/Users/zhengbangli/code/GoLearn/polaris/global-scheduler/cmd/report/run_crontab.sh: line 36: /var/folders/l2/1wpn5kpd0715sc20jc_g372h0000gn/T/report.XXXXXX.01P12VW7x6/report: No such file or directory
===== 2026-09-09 15:20:50 上报结束 =====

===== 2026-09-09 15:21:50 开始上报 =====
/Users/zhengbangli/code/GoLearn/polaris/global-scheduler/cmd/report/run_crontab.sh: line 36: /var/folders/l2/1wpn5kpd0715sc20jc_g372h0000gn/T/report.XXXXXX.01P12VW7x6/report: No such file or directory
===== 2026-09-09 15:21:50 上报结束 =====

===== 2026-09-09 15:22:51 开始上报 =====
/Users/zhengbangli/code/GoLearn/polaris/global-scheduler/cmd/report/run_crontab.sh: line 36: /var/folders/l2/1wpn5kpd0715sc20jc_g372h0000gn/T/report.XXXXXX.01P12VW7x6/report: No such file or directory
===== 2026-09-09 15:22:51 上报结束 =====

===== 2026-09-09 15:23:52 开始上报 =====
/Users/zhengbangli/code/GoLearn/polaris/global-scheduler/cmd/report/run_crontab.sh: line 36: /var/folders/l2/1wpn5kpd0715sc20jc_g372h0000gn/T/report.XXXXXX.01P12VW7x6/report: No such file or directory
===== 2026-09-09 15:23:52 上报结束 =====

===== 2026-09-09 15:24:52 开始上报 =====
/Users/zhengbangli/code/GoLearn/polaris/global-scheduler/cmd/report/run_crontab.sh: line 36: /var/folders/l2/1wpn5kpd0715sc20jc_g372h0000gn/T/report.XXXXXX.01P12VW7x6/report: No such file or directory
===== 2026-09-09 15:24:52 上报结束 =====

===== 2026-09-09 15:25:53 开始上报 =====
/Users/zhengbangli/code/GoLearn/polaris/global-scheduler/cmd/report/run_crontab.sh: line 36: /var/folders/l2/1wpn5kpd0715sc20jc_g372h0000gn/T/report.XXXXXX.01P12VW7x6/report: No such file or directory
===== 2026-09-09 15:25:53 上报结束 =====

===== 2026-09-09 15:26:54 开始上报 =====
/Users/zhengbangli/code/GoLearn/polaris/global-scheduler/cmd/report/run_crontab.sh: line 36: /var/folders/l2/1wpn5kpd0715sc20jc_g372h0000gn/T/report.XXXXXX.01P12VW7x6/report: No such file or directory
===== 2026-09-09 15:26:54 上报结束 =====

===== 2026-09-09 15:27:54 开始上报 =====
/Users/zhengbangli/code/GoLearn/polaris/global-scheduler/cmd/report/run_crontab.sh: line 36: /var/folders/l2/1wpn5kpd0715sc20jc_g372h0000gn/T/report.XXXXXX.01P12VW7x6/report: No such file or directory
===== 2026-09-09 15:27:54 上报结束 =====

===== 2026-09-09 15:28:55 开始上报 =====
/Users/zhengbangli/code/GoLearn/polaris/global-scheduler/cmd/report/run_crontab.sh: line 36: /var/folders/l2/1wpn5kpd0715sc20jc_g372h0000gn/T/report.XXXXXX.01P12VW7x6/report: No such file or directory
===== 2026-09-09 15:28:55 上报结束 =====

===== 2026-09-09 15:29:56 开始上报 =====
/Users/zhengbangli/code/GoLearn/polaris/global-scheduler/cmd/report/run_crontab.sh: line 36: /var/folders/l2/1wpn5kpd0715sc20jc_g372h0000gn/T/report.XXXXXX.01P12VW7x6/report: No such file or directory
===== 2026-09-09 15:29:56 上报结束 =====

===== 2026-09-09 15:30:56 开始上报 =====
/Users/zhengbangli/code/GoLearn/polaris/global-scheduler/cmd/report/run_crontab.sh: line 36: /var/folders/l2/1wpn5kpd0715sc20jc_g372h0000gn/T/report.XXXXXX.01P12VW7x6/report: No such file or directory
===== 2026-09-09 15:30:56 上报结束 =====

===== 2026-09-09 15:31:57 开始上报 =====
/Users/zhengbangli/code/GoLearn/polaris/global-scheduler/cmd/report/run_crontab.sh: line 36: /var/folders/l2/1wpn5kpd0715sc20jc_g372h0000gn/T/report.XXXXXX.01P12VW7x6/report: No such file or directory
===== 2026-09-09 15:31:57 上报结束 =====

===== 2026-09-09 15:32:58 开始上报 =====
/Users/zhengbangli/code/GoLearn/polaris/global-scheduler/cmd/report/run_crontab.sh: line 36: /var/folders/l2/1wpn5kpd0715sc20jc_g372h0000gn/T/report.XXXXXX.01P12VW7x6/report: No such file or directory
===== 2026-09-09 15:32:58 上报结束 =====

===== 2026-09-09 15:33:58 开始上报 =====
/Users/zhengbangli/code/GoLearn/polaris/global-scheduler/cmd/report/run_crontab.sh: line 36: /var/folders/l2/1wpn5kpd0715sc20jc_g372h0000gn/T/report.XXXXXX.01P12VW7x6/report: No such file or directory
===== 2026-09-09 15:33:58 上报结束 =====

===== 2026-09-09 15:34:59 开始上报 =====
/Users/zhengbangli/code/GoLearn/polaris/global-scheduler/cmd/report/run_crontab.sh: line 36: /var/folders/l2/1wpn5kpd0715sc20jc_g372h0000gn/T/report.XXXXXX.01P12VW7x6/report: No such file or directory
===== 2026-09-09 15:34:59 上报结束 =====

===== 2026-09-09 15:36:00 开始上报 =====
/Users/zhengbangli/code/GoLearn/polaris/global-scheduler/cmd/report/run_crontab.sh: line 36: /var/folders/l2/1wpn5kpd0715sc20jc_g372h0000gn/T/report.XXXXXX.01P12VW7x6/report: No such file or directory
===== 2026-09-09 15:36:00 上报结束 =====

===== 2026-09-09 15:37:00 开始上报 =====
/Users/zhengbangli/code/GoLearn/polaris/global-scheduler/cmd/report/run_crontab.sh: line 36: /var/folders/l2/1wpn5kpd0715sc20jc_g372h0000gn/T/report.XXXXXX.01P12VW7x6/report: No such file or directory
===== 2026-09-09 15:37:00 上报结束 =====

===== 2026-09-09 15:38:01 开始上报 =====
/Users/zhengbangli/code/GoLearn/polaris/global-scheduler/cmd/report/run_crontab.sh: line 36: /var/folders/l2/1wpn5kpd0715sc20jc_g372h0000gn/T/report.XXXXXX.01P12VW7x6/report: No such file or directory
===== 2026-09-09 15:38:01 上报结束 =====

===== 2026-09-09 15:39:02 开始上报 =====
/Users/zhengbangli/code/GoLearn/polaris/global-scheduler/cmd/report/run_crontab.sh: line 36: /var/folders/l2/1wpn5kpd0715sc20jc_g372h0000gn/T/report.XXXXXX.01P12VW7x6/report: No such file or directory
===== 2026-09-09 15:39:02 上报结束 =====

===== 2026-09-09 15:40:02 开始上报 =====
/Users/zhengbangli/code/GoLearn/polaris/global-scheduler/cmd/report/run_crontab.sh: line 36: /var/folders/l2/1wpn5kpd0715sc20jc_g372h0000gn/T/report.XXXXXX.01P12VW7x6/report: No such file or directory
===== 2026-09-09 15:40:02 上报结束 =====

===== 2026-09-09 15:41:03 开始上报 =====
/Users/zhengbangli/code/GoLearn/polaris/global-scheduler/cmd/report/run_crontab.sh: line 36: /var/folders/l2/1wpn5kpd0715sc20jc_g372h0000gn/T/report.XXXXXX.01P12VW7x6/report: No such file or directory
===== 2026-09-09 15:41:03 上报结束 =====

===== 2026-09-09 15:42:03 开始上报 =====
/Users/zhengbangli/code/GoLearn/polaris/global-scheduler/cmd/report/run_crontab.sh: line 36: /var/folders/l2/1wpn5kpd0715sc20jc_g372h0000gn/T/report.XXXXXX.01P12VW7x6/report: No such file or directory
===== 2026-09-09 15:42:03 上报结束 =====

===== 2026-09-09 15:43:04 开始上报 =====
/Users/zhengbangli/code/GoLearn/polaris/global-scheduler/cmd/report/run_crontab.sh: line 36: /var/folders/l2/1wpn5kpd0715sc20jc_g372h0000gn/T/report.XXXXXX.01P12VW7x6/report: No such file or directory
===== 2026-09-09 15:43:04 上报结束 =====

===== 2026-09-09 15:44:05 开始上报 =====
/Users/zhengbangli/code/GoLearn/polaris/global-scheduler/cmd/report/run_crontab.sh: line 36: /var/folders/l2/1wpn5kpd0715sc20jc_g372h0000gn/T/report.XXXXXX.01P12VW7x6/report: No such file or directory
===== 2026-09-09 15:44:05 上报结束 =====

===== 2026-09-09 15:45:05 开始上报 =====
/Users/zhengbangli/code/GoLearn/polaris/global-scheduler/cmd/report/run_crontab.sh: line 36: /var/folders/l2/1wpn5kpd0715sc20jc_g372h0000gn/T/report.XXXXXX.01P12VW7x6/report: No such file or directory
===== 2026-09-09 15:45:05 上报结束 =====

===== 2026-09-09 15:46:06 开始上报 =====
/Users/zhengbangli/code/GoLearn/polaris/global-scheduler/cmd/report/run_crontab.sh: line 36: /var/folders/l2/1wpn5kpd0715sc20jc_g372h0000gn/T/report.XXXXXX.01P12VW7x6/report: No such file or directory
===== 2026-09-09 15:46:06 上报结束 =====

===== 2026-09-09 15:47:07 开始上报 =====
/Users/zhengbangli/code/GoLearn/polaris/global-scheduler/cmd/report/run_crontab.sh: line 36: /var/folders/l2/1wpn5kpd0715sc20jc_g372h0000gn/T/report.XXXXXX.01P12VW7x6/report: No such file or directory
===== 2026-09-09 15:47:07 上报结束 =====

===== 2026-09-09 15:48:07 开始上报 =====
/Users/zhengbangli/code/GoLearn/polaris/global-scheduler/cmd/report/run_crontab.sh: line 36: /var/folders/l2/1wpn5kpd0715sc20jc_g372h0000gn/T/report.XXXXXX.01P12VW7x6/report: No such file or directory
===== 2026-09-09 15:48:07 上报结束 =====

===== 2026-09-09 15:49:08 开始上报 =====
/Users/zhengbangli/code/GoLearn/polaris/global-scheduler/cmd/report/run_crontab.sh: line 36: /var/folders/l2/1wpn5kpd0715sc20jc_g372h0000gn/T/report.XXXXXX.01P12VW7x6/report: No such file or directory
===== 2026-09-09 15:49:08 上报结束 =====

===== 2026-09-09 15:50:09 开始上报 =====
/Users/zhengbangli/code/GoLearn/polaris/global-scheduler/cmd/report/run_crontab.sh: line 36: /var/folders/l2/1wpn5kpd0715sc20jc_g372h0000gn/T/report.XXXXXX.01P12VW7x6/report: No such file or directory
===== 2026-09-09 15:50:09 上报结束 =====

===== 2026-09-09 15:51:09 开始上报 =====
/Users/zhengbangli/code/GoLearn/polaris/global-scheduler/cmd/report/run_crontab.sh: line 36: /var/folders/l2/1wpn5kpd0715sc20jc_g372h0000gn/T/report.XXXXXX.01P12VW7x6/report: No such file or directory
===== 2026-09-09 15:51:09 上报结束 =====

===== 2026-09-09 15:52:10 开始上报 =====
/Users/zhengbangli/code/GoLearn/polaris/global-scheduler/cmd/report/run_crontab.sh: line 36: /var/folders/l2/1wpn5kpd0715sc20jc_g372h0000gn/T/report.XXXXXX.01P12VW7x6/report: No such file or directory
===== 2026-09-09 15:52:10 上报结束 =====

===== 2026-09-09 15:53:11 开始上报 =====
/Users/zhengbangli/code/GoLearn/polaris/global-scheduler/cmd/report/run_crontab.sh: line 36: /var/folders/l2/1wpn5kpd0715sc20jc_g372h0000gn/T/report.XXXXXX.01P12VW7x6/report: No such file or directory
===== 2026-09-09 15:53:11 上报结束 =====

===== 2026-09-09 15:54:11 开始上报 =====
/Users/zhengbangli/code/GoLearn/polaris/global-scheduler/cmd/report/run_crontab.sh: line 36: /var/folders/l2/1wpn5kpd0715sc20jc_g372h0000gn/T/report.XXXXXX.01P12VW7x6/report: No such file or directory
===== 2026-09-09 15:54:11 上报结束 =====

===== 2026-09-09 15:55:12 开始上报 =====
/Users/zhengbangli/code/GoLearn/polaris/global-scheduler/cmd/report/run_crontab.sh: line 36: /var/folders/l2/1wpn5kpd0715sc20jc_g372h0000gn/T/report.XXXXXX.01P12VW7x6/report: No such file or directory
===== 2026-09-09 15:55:12 上报结束 =====

===== 2026-09-09 15:56:13 开始上报 =====
/Users/zhengbangli/code/GoLearn/polaris/global-scheduler/cmd/report/run_crontab.sh: line 36: /var/folders/l2/1wpn5kpd0715sc20jc_g372h0000gn/T/report.XXXXXX.01P12VW7x6/report: No such file or directory
===== 2026-09-09 15:56:13 上报结束 =====

===== 2026-09-09 15:57:13 开始上报 =====
/Users/zhengbangli/code/GoLearn/polaris/global-scheduler/cmd/report/run_crontab.sh: line 36: /var/folders/l2/1wpn5kpd0715sc20jc_g372h0000gn/T/report.XXXXXX.01P12VW7x6/report: No such file or directory
===== 2026-09-09 15:57:13 上报结束 =====

===== 2026-09-09 15:58:14 开始上报 =====
/Users/zhengbangli/code/GoLearn/polaris/global-scheduler/cmd/report/run_crontab.sh: line 36: /var/folders/l2/1wpn5kpd0715sc20jc_g372h0000gn/T/report.XXXXXX.01P12VW7x6/report: No such file or directory
===== 2026-09-09 15:58:14 上报结束 =====

===== 2026-09-09 15:59:15 开始上报 =====
/Users/zhengbangli/code/GoLearn/polaris/global-scheduler/cmd/report/run_crontab.sh: line 36: /var/folders/l2/1wpn5kpd0715sc20jc_g372h0000gn/T/report.XXXXXX.01P12VW7x6/report: No such file or directory
===== 2026-09-09 15:59:15 上报结束 =====

===== 2026-09-09 16:00:15 开始上报 =====
/Users/zhengbangli/code/GoLearn/polaris/global-scheduler/cmd/report/run_crontab.sh: line 36: /var/folders/l2/1wpn5kpd0715sc20jc_g372h0000gn/T/report.XXXXXX.01P12VW7x6/report: No such file or directory
===== 2026-09-09 16:00:15 上报结束 =====

===== 2026-09-09 16:01:16 开始上报 =====
/Users/zhengbangli/code/GoLearn/polaris/global-scheduler/cmd/report/run_crontab.sh: line 36: /var/folders/l2/1wpn5kpd0715sc20jc_g372h0000gn/T/report.XXXXXX.01P12VW7x6/report: No such file or directory
===== 2026-09-09 16:01:16 上报结束 =====

===== 2026-09-09 16:02:17 开始上报 =====
/Users/zhengbangli/code/GoLearn/polaris/global-scheduler/cmd/report/run_crontab.sh: line 36: /var/folders/l2/1wpn5kpd0715sc20jc_g372h0000gn/T/report.XXXXXX.01P12VW7x6/report: No such file or directory
===== 2026-09-09 16:02:17 上报结束 =====

===== 2026-09-09 16:03:17 开始上报 =====
/Users/zhengbangli/code/GoLearn/polaris/global-scheduler/cmd/report/run_crontab.sh: line 36: /var/folders/l2/1wpn5kpd0715sc20jc_g372h0000gn/T/report.XXXXXX.01P12VW7x6/report: No such file or directory
===== 2026-09-09 16:03:17 上报结束 =====

===== 2026-09-09 16:04:18 开始上报 =====
/Users/zhengbangli/code/GoLearn/polaris/global-scheduler/cmd/report/run_crontab.sh: line 36: /var/folders/l2/1wpn5kpd0715sc20jc_g372h0000gn/T/report.XXXXXX.01P12VW7x6/report: No such file or directory
===== 2026-09-09 16:04:18 上报结束 =====

===== 2026-09-09 16:05:19 开始上报 =====
/Users/zhengbangli/code/GoLearn/polaris/global-scheduler/cmd/report/run_crontab.sh: line 36: /var/folders/l2/1wpn5kpd0715sc20jc_g372h0000gn/T/report.XXXXXX.01P12VW7x6/report: No such file or directory
===== 2026-09-09 16:05:19 上报结束 =====

===== 2026-09-09 16:06:19 开始上报 =====
/Users/zhengbangli/code/GoLearn/polaris/global-scheduler/cmd/report/run_crontab.sh: line 36: /var/folders/l2/1wpn5kpd0715sc20jc_g372h0000gn/T/report.XXXXXX.01P12VW7x6/report: No such file or directory
===== 2026-09-09 16:06:19 上报结束 =====

===== 2026-09-09 16:07:20 开始上报 =====
/Users/zhengbangli/code/GoLearn/polaris/global-scheduler/cmd/report/run_crontab.sh: line 36: /var/folders/l2/1wpn5kpd0715sc20jc_g372h0000gn/T/report.XXXXXX.01P12VW7x6/report: No such file or directory
===== 2026-09-09 16:07:20 上报结束 =====

===== 2026-09-09 16:08:21 开始上报 =====
/Users/zhengbangli/code/GoLearn/polaris/global-scheduler/cmd/report/run_crontab.sh: line 36: /var/folders/l2/1wpn5kpd0715sc20jc_g372h0000gn/T/report.XXXXXX.01P12VW7x6/report: No such file or directory
===== 2026-09-09 16:08:21 上报结束 =====

===== 2026-09-09 16:09:21 开始上报 =====
/Users/zhengbangli/code/GoLearn/polaris/global-scheduler/cmd/report/run_crontab.sh: line 36: /var/folders/l2/1wpn5kpd0715sc20jc_g372h0000gn/T/report.XXXXXX.01P12VW7x6/report: No such file or directory
===== 2026-09-09 16:09:21 上报结束 =====

===== 2026-09-09 16:10:22 开始上报 =====
/Users/zhengbangli/code/GoLearn/polaris/global-scheduler/cmd/report/run_crontab.sh: line 36: /var/folders/l2/1wpn5kpd0715sc20jc_g372h0000gn/T/report.XXXXXX.01P12VW7x6/report: No such file or directory
===== 2026-09-09 16:10:22 上报结束 =====

===== 2026-09-09 16:11:23 开始上报 =====
/Users/zhengbangli/code/GoLearn/polaris/global-scheduler/cmd/report/run_crontab.sh: line 36: /var/folders/l2/1wpn5kpd0715sc20jc_g372h0000gn/T/report.XXXXXX.01P12VW7x6/report: No such file or directory
===== 2026-09-09 16:11:23 上报结束 =====

===== 2026-09-09 16:12:23 开始上报 =====
/Users/zhengbangli/code/GoLearn/polaris/global-scheduler/cmd/report/run_crontab.sh: line 36: /var/folders/l2/1wpn5kpd0715sc20jc_g372h0000gn/T/report.XXXXXX.01P12VW7x6/report: No such file or directory
===== 2026-09-09 16:12:23 上报结束 =====

===== 2026-09-09 16:13:24 开始上报 =====
/Users/zhengbangli/code/GoLearn/polaris/global-scheduler/cmd/report/run_crontab.sh: line 36: /var/folders/l2/1wpn5kpd0715sc20jc_g372h0000gn/T/report.XXXXXX.01P12VW7x6/report: No such file or directory
===== 2026-09-09 16:13:24 上报结束 =====

===== 2026-09-09 16:14:24 开始上报 =====
/Users/zhengbangli/code/GoLearn/polaris/global-scheduler/cmd/report/run_crontab.sh: line 36: /var/folders/l2/1wpn5kpd0715sc20jc_g372h0000gn/T/report.XXXXXX.01P12VW7x6/report: No such file or directory
===== 2026-09-09 16:14:24 上报结束 =====

===== 2026-09-09 16:15:25 开始上报 =====
/Users/zhengbangli/code/GoLearn/polaris/global-scheduler/cmd/report/run_crontab.sh: line 36: /var/folders/l2/1wpn5kpd0715sc20jc_g372h0000gn/T/report.XXXXXX.01P12VW7x6/report: No such file or directory
===== 2026-09-09 16:15:25 上报结束 =====

===== 2026-09-09 16:16:26 开始上报 =====
/Users/zhengbangli/code/GoLearn/polaris/global-scheduler/cmd/report/run_crontab.sh: line 36: /var/folders/l2/1wpn5kpd0715sc20jc_g372h0000gn/T/report.XXXXXX.01P12VW7x6/report: No such file or directory
===== 2026-09-09 16:16:26 上报结束 =====

===== 2026-09-09 16:17:26 开始上报 =====
/Users/zhengbangli/code/GoLearn/polaris/global-scheduler/cmd/report/run_crontab.sh: line 36: /var/folders/l2/1wpn5kpd0715sc20jc_g372h0000gn/T/report.XXXXXX.01P12VW7x6/report: No such file or directory
===== 2026-09-09 16:17:26 上报结束 =====

===== 2026-09-09 16:18:27 开始上报 =====
/Users/zhengbangli/code/GoLearn/polaris/global-scheduler/cmd/report/run_crontab.sh: line 36: /var/folders/l2/1wpn5kpd0715sc20jc_g372h0000gn/T/report.XXXXXX.01P12VW7x6/report: No such file or directory
===== 2026-09-09 16:18:27 上报结束 =====

===== 2026-09-09 16:19:28 开始上报 =====
/Users/zhengbangli/code/GoLearn/polaris/global-scheduler/cmd/report/run_crontab.sh: line 36: /var/folders/l2/1wpn5kpd0715sc20jc_g372h0000gn/T/report.XXXXXX.01P12VW7x6/report: No such file or directory
===== 2026-09-09 16:19:28 上报结束 =====

===== 2026-09-09 16:20:28 开始上报 =====
/Users/zhengbangli/code/GoLearn/polaris/global-scheduler/cmd/report/run_crontab.sh: line 36: /var/folders/l2/1wpn5kpd0715sc20jc_g372h0000gn/T/report.XXXXXX.01P12VW7x6/report: No such file or directory
===== 2026-09-09 16:20:28 上报结束 =====

===== 2026-09-09 16:21:29 开始上报 =====
/Users/zhengbangli/code/GoLearn/polaris/global-scheduler/cmd/report/run_crontab.sh: line 36: /var/folders/l2/1wpn5kpd0715sc20jc_g372h0000gn/T/report.XXXXXX.01P12VW7x6/report: No such file or directory
===== 2026-09-09 16:21:29 上报结束 =====

===== 2026-09-09 16:22:30 开始上报 =====
/Users/zhengbangli/code/GoLearn/polaris/global-scheduler/cmd/report/run_crontab.sh: line 36: /var/folders/l2/1wpn5kpd0715sc20jc_g372h0000gn/T/report.XXXXXX.01P12VW7x6/report: No such file or directory
===== 2026-09-09 16:22:30 上报结束 =====

===== 2026-09-09 16:23:30 开始上报 =====
/Users/zhengbangli/code/GoLearn/polaris/global-scheduler/cmd/report/run_crontab.sh: line 36: /var/folders/l2/1wpn5kpd0715sc20jc_g372h0000gn/T/report.XXXXXX.01P12VW7x6/report: No such file or directory
===== 2026-09-09 16:23:30 上报结束 =====

===== 2026-09-09 16:24:31 开始上报 =====
/Users/zhengbangli/code/GoLearn/polaris/global-scheduler/cmd/report/run_crontab.sh: line 36: /var/folders/l2/1wpn5kpd0715sc20jc_g372h0000gn/T/report.XXXXXX.01P12VW7x6/report: No such file or directory
===== 2026-09-09 16:24:31 上报结束 =====

===== 2026-09-09 16:25:32 开始上报 =====
/Users/zhengbangli/code/GoLearn/polaris/global-scheduler/cmd/report/run_crontab.sh: line 36: /var/folders/l2/1wpn5kpd0715sc20jc_g372h0000gn/T/report.XXXXXX.01P12VW7x6/report: No such file or directory
===== 2026-09-09 16:25:32 上报结束 =====

===== 2026-09-09 16:26:32 开始上报 =====
/Users/zhengbangli/code/GoLearn/polaris/global-scheduler/cmd/report/run_crontab.sh: line 36: /var/folders/l2/1wpn5kpd0715sc20jc_g372h0000gn/T/report.XXXXXX.01P12VW7x6/report: No such file or directory
===== 2026-09-09 16:26:32 上报结束 =====

===== 2026-09-09 16:27:33 开始上报 =====
/Users/zhengbangli/code/GoLearn/polaris/global-scheduler/cmd/report/run_crontab.sh: line 36: /var/folders/l2/1wpn5kpd0715sc20jc_g372h0000gn/T/report.XXXXXX.01P12VW7x6/report: No such file or directory
===== 2026-09-09 16:27:33 上报结束 =====

===== 2026-09-09 16:28:34 开始上报 =====
/Users/zhengbangli/code/GoLearn/polaris/global-scheduler/cmd/report/run_crontab.sh: line 36: /var/folders/l2/1wpn5kpd0715sc20jc_g372h0000gn/T/report.XXXXXX.01P12VW7x6/report: No such file or directory
===== 2026-09-09 16:28:34 上报结束 =====

===== 2026-09-09 16:29:34 开始上报 =====
/Users/zhengbangli/code/GoLearn/polaris/global-scheduler/cmd/report/run_crontab.sh: line 36: /var/folders/l2/1wpn5kpd0715sc20jc_g372h0000gn/T/report.XXXXXX.01P12VW7x6/report: No such file or directory
===== 2026-09-09 16:29:34 上报结束 =====

===== 2026-09-09 16:30:35 开始上报 =====
/Users/zhengbangli/code/GoLearn/polaris/global-scheduler/cmd/report/run_crontab.sh: line 36: /var/folders/l2/1wpn5kpd0715sc20jc_g372h0000gn/T/report.XXXXXX.01P12VW7x6/report: No such file or directory
===== 2026-09-09 16:30:35 上报结束 =====

===== 2026-09-09 16:31:36 开始上报 =====
/Users/zhengbangli/code/GoLearn/polaris/global-scheduler/cmd/report/run_crontab.sh: line 36: /var/folders/l2/1wpn5kpd0715sc20jc_g372h0000gn/T/report.XXXXXX.01P12VW7x6/report: No such file or directory
===== 2026-09-09 16:31:36 上报结束 =====

===== 2026-09-09 16:32:37 开始上报 =====
/Users/zhengbangli/code/GoLearn/polaris/global-scheduler/cmd/report/run_crontab.sh: line 36: /var/folders/l2/1wpn5kpd0715sc20jc_g372h0000gn/T/report.XXXXXX.01P12VW7x6/report: No such file or directory
===== 2026-09-09 16:32:37 上报结束 =====

===== 2026-09-09 16:33:38 开始上报 =====
/Users/zhengbangli/code/GoLearn/polaris/global-scheduler/cmd/report/run_crontab.sh: line 36: /var/folders/l2/1wpn5kpd0715sc20jc_g372h0000gn/T/report.XXXXXX.01P12VW7x6/report: No such file or directory
===== 2026-09-09 16:33:38 上报结束 =====

===== 2026-09-09 16:34:39 开始上报 =====
/Users/zhengbangli/code/GoLearn/polaris/global-scheduler/cmd/report/run_crontab.sh: line 36: /var/folders/l2/1wpn5kpd0715sc20jc_g372h0000gn/T/report.XXXXXX.01P12VW7x6/report: No such file or directory
===== 2026-09-09 16:34:39 上报结束 =====

===== 2026-09-09 16:35:40 开始上报 =====
/Users/zhengbangli/code/GoLearn/polaris/global-scheduler/cmd/report/run_crontab.sh: line 36: /var/folders/l2/1wpn5kpd0715sc20jc_g372h0000gn/T/report.XXXXXX.01P12VW7x6/report: No such file or directory
===== 2026-09-09 16:35:40 上报结束 =====

===== 2026-09-09 16:36:41 开始上报 =====
/Users/zhengbangli/code/GoLearn/polaris/global-scheduler/cmd/report/run_crontab.sh: line 36: /var/folders/l2/1wpn5kpd0715sc20jc_g372h0000gn/T/report.XXXXXX.01P12VW7x6/report: No such file or directory
===== 2026-09-09 16:36:41 上报结束 =====

===== 2026-09-09 16:37:42 开始上报 =====
/Users/zhengbangli/code/GoLearn/polaris/global-scheduler/cmd/report/run_crontab.sh: line 36: /var/folders/l2/1wpn5kpd0715sc20jc_g372h0000gn/T/report.XXXXXX.01P12VW7x6/report: No such file or directory
===== 2026-09-09 16:37:42 上报结束 =====

===== 2026-09-09 16:38:43 开始上报 =====
/Users/zhengbangli/code/GoLearn/polaris/global-scheduler/cmd/report/run_crontab.sh: line 36: /var/folders/l2/1wpn5kpd0715sc20jc_g372h0000gn/T/report.XXXXXX.01P12VW7x6/report: No such file or directory
===== 2026-09-09 16:38:43 上报结束 =====

===== 2026-09-09 16:39:43 开始上报 =====
/Users/zhengbangli/code/GoLearn/polaris/global-scheduler/cmd/report/run_crontab.sh: line 36: /var/folders/l2/1wpn5kpd0715sc20jc_g372h0000gn/T/report.XXXXXX.01P12VW7x6/report: No such file or directory
===== 2026-09-09 16:39:43 上报结束 =====

===== 2026-09-09 16:40:44 开始上报 =====
/Users/zhengbangli/code/GoLearn/polaris/global-scheduler/cmd/report/run_crontab.sh: line 36: /var/folders/l2/1wpn5kpd0715sc20jc_g372h0000gn/T/report.XXXXXX.01P12VW7x6/report: No such file or directory
===== 2026-09-09 16:40:44 上报结束 =====

===== 2026-09-09 16:41:44 开始上报 =====
/Users/zhengbangli/code/GoLearn/polaris/global-scheduler/cmd/report/run_crontab.sh: line 36: /var/folders/l2/1wpn5kpd0715sc20jc_g372h0000gn/T/report.XXXXXX.01P12VW7x6/report: No such file or directory
===== 2026-09-09 16:41:44 上报结束 =====

===== 2026-09-09 16:42:45 开始上报 =====
/Users/zhengbangli/code/GoLearn/polaris/global-scheduler/cmd/report/run_crontab.sh: line 36: /var/folders/l2/1wpn5kpd0715sc20jc_g372h0000gn/T/report.XXXXXX.01P12VW7x6/report: No such file or directory
===== 2026-09-09 16:42:45 上报结束 =====

===== 2026-09-09 16:43:46 开始上报 =====
/Users/zhengbangli/code/GoLearn/polaris/global-scheduler/cmd/report/run_crontab.sh: line 36: /var/folders/l2/1wpn5kpd0715sc20jc_g372h0000gn/T/report.XXXXXX.01P12VW7x6/report: No such file or directory
===== 2026-09-09 16:43:46 上报结束 =====

===== 2026-09-09 16:44:46 开始上报 =====
/Users/zhengbangli/code/GoLearn/polaris/global-scheduler/cmd/report/run_crontab.sh: line 36: /var/folders/l2/1wpn5kpd0715sc20jc_g372h0000gn/T/report.XXXXXX.01P12VW7x6/report: No such file or directory
===== 2026-09-09 16:44:46 上报结束 =====

===== 2026-09-09 16:45:47 开始上报 =====
/Users/zhengbangli/code/GoLearn/polaris/global-scheduler/cmd/report/run_crontab.sh: line 36: /var/folders/l2/1wpn5kpd0715sc20jc_g372h0000gn/T/report.XXXXXX.01P12VW7x6/report: No such file or directory
===== 2026-09-09 16:45:47 上报结束 =====

===== 2026-09-09 16:46:48 开始上报 =====
/Users/zhengbangli/code/GoLearn/polaris/global-scheduler/cmd/report/run_crontab.sh: line 36: /var/folders/l2/1wpn5kpd0715sc20jc_g372h0000gn/T/report.XXXXXX.01P12VW7x6/report: No such file or directory
===== 2026-09-09 16:46:48 上报结束 =====

===== 2026-09-09 16:47:48 开始上报 =====
/Users/zhengbangli/code/GoLearn/polaris/global-scheduler/cmd/report/run_crontab.sh: line 36: /var/folders/l2/1wpn5kpd0715sc20jc_g372h0000gn/T/report.XXXXXX.01P12VW7x6/report: No such file or directory
===== 2026-09-09 16:47:48 上报结束 =====

===== 2026-09-09 16:48:49 开始上报 =====
/Users/zhengbangli/code/GoLearn/polaris/global-scheduler/cmd/report/run_crontab.sh: line 36: /var/folders/l2/1wpn5kpd0715sc20jc_g372h0000gn/T/report.XXXXXX.01P12VW7x6/report: No such file or directory
===== 2026-09-09 16:48:49 上报结束 =====

===== 2026-09-09 16:49:50 开始上报 =====
/Users/zhengbangli/code/GoLearn/polaris/global-scheduler/cmd/report/run_crontab.sh: line 36: /var/folders/l2/1wpn5kpd0715sc20jc_g372h0000gn/T/report.XXXXXX.01P12VW7x6/report: No such file or directory
===== 2026-09-09 16:49:50 上报结束 =====

===== 2026-09-09 16:50:50 开始上报 =====
/Users/zhengbangli/code/GoLearn/polaris/global-scheduler/cmd/report/run_crontab.sh: line 36: /var/folders/l2/1wpn5kpd0715sc20jc_g372h0000gn/T/report.XXXXXX.01P12VW7x6/report: No such file or directory
===== 2026-09-09 16:50:50 上报结束 =====

===== 2026-09-09 16:51:51 开始上报 =====
/Users/zhengbangli/code/GoLearn/polaris/global-scheduler/cmd/report/run_crontab.sh: line 36: /var/folders/l2/1wpn5kpd0715sc20jc_g372h0000gn/T/report.XXXXXX.01P12VW7x6/report: No such file or directory
===== 2026-09-09 16:51:51 上报结束 =====

===== 2026-09-09 16:52:52 开始上报 =====
/Users/zhengbangli/code/GoLearn/polaris/global-scheduler/cmd/report/run_crontab.sh: line 36: /var/folders/l2/1wpn5kpd0715sc20jc_g372h0000gn/T/report.XXXXXX.01P12VW7x6/report: No such file or directory
===== 2026-09-09 16:52:52 上报结束 =====

===== 2026-09-09 16:53:52 开始上报 =====
/Users/zhengbangli/code/GoLearn/polaris/global-scheduler/cmd/report/run_crontab.sh: line 36: /var/folders/l2/1wpn5kpd0715sc20jc_g372h0000gn/T/report.XXXXXX.01P12VW7x6/report: No such file or directory
===== 2026-09-09 16:53:52 上报结束 =====

===== 2026-09-09 16:54:53 开始上报 =====
/Users/zhengbangli/code/GoLearn/polaris/global-scheduler/cmd/report/run_crontab.sh: line 36: /var/folders/l2/1wpn5kpd0715sc20jc_g372h0000gn/T/report.XXXXXX.01P12VW7x6/report: No such file or directory
===== 2026-09-09 16:54:53 上报结束 =====

===== 2026-09-09 16:55:53 开始上报 =====
/Users/zhengbangli/code/GoLearn/polaris/global-scheduler/cmd/report/run_crontab.sh: line 36: /var/folders/l2/1wpn5kpd0715sc20jc_g372h0000gn/T/report.XXXXXX.01P12VW7x6/report: No such file or directory
===== 2026-09-09 16:55:53 上报结束 =====

===== 2026-09-09 16:56:54 开始上报 =====
/Users/zhengbangli/code/GoLearn/polaris/global-scheduler/cmd/report/run_crontab.sh: line 36: /var/folders/l2/1wpn5kpd0715sc20jc_g372h0000gn/T/report.XXXXXX.01P12VW7x6/report: No such file or directory
===== 2026-09-09 16:56:54 上报结束 =====

===== 2026-09-09 16:57:55 开始上报 =====
/Users/zhengbangli/code/GoLearn/polaris/global-scheduler/cmd/report/run_crontab.sh: line 36: /var/folders/l2/1wpn5kpd0715sc20jc_g372h0000gn/T/report.XXXXXX.01P12VW7x6/report: No such file or directory
===== 2026-09-09 16:57:55 上报结束 =====

===== 2026-09-09 16:58:55 开始上报 =====
/Users/zhengbangli/code/GoLearn/polaris/global-scheduler/cmd/report/run_crontab.sh: line 36: /var/folders/l2/1wpn5kpd0715sc20jc_g372h0000gn/T/report.XXXXXX.01P12VW7x6/report: No such file or directory
===== 2026-09-09 16:58:55 上报结束 =====

===== 2026-09-09 16:59:56 开始上报 =====
/Users/zhengbangli/code/GoLearn/polaris/global-scheduler/cmd/report/run_crontab.sh: line 36: /var/folders/l2/1wpn5kpd0715sc20jc_g372h0000gn/T/report.XXXXXX.01P12VW7x6/report: No such file or directory
===== 2026-09-09 16:59:56 上报结束 =====

===== 2026-09-09 17:00:57 开始上报 =====
/Users/zhengbangli/code/GoLearn/polaris/global-scheduler/cmd/report/run_crontab.sh: line 36: /var/folders/l2/1wpn5kpd0715sc20jc_g372h0000gn/T/report.XXXXXX.01P12VW7x6/report: No such file or directory
===== 2026-09-09 17:00:57 上报结束 =====

===== 2026-09-09 17:01:57 开始上报 =====
/Users/zhengbangli/code/GoLearn/polaris/global-scheduler/cmd/report/run_crontab.sh: line 36: /var/folders/l2/1wpn5kpd0715sc20jc_g372h0000gn/T/report.XXXXXX.01P12VW7x6/report: No such file or directory
===== 2026-09-09 17:01:57 上报结束 =====

===== 2026-09-09 17:02:58 开始上报 =====
/Users/zhengbangli/code/GoLearn/polaris/global-scheduler/cmd/report/run_crontab.sh: line 36: /var/folders/l2/1wpn5kpd0715sc20jc_g372h0000gn/T/report.XXXXXX.01P12VW7x6/report: No such file or directory
===== 2026-09-09 17:02:58 上报结束 =====

===== 2026-09-09 17:03:59 开始上报 =====
/Users/zhengbangli/code/GoLearn/polaris/global-scheduler/cmd/report/run_crontab.sh: line 36: /var/folders/l2/1wpn5kpd0715sc20jc_g372h0000gn/T/report.XXXXXX.01P12VW7x6/report: No such file or directory
===== 2026-09-09 17:03:59 上报结束 =====

===== 2026-09-09 17:04:59 开始上报 =====
/Users/zhengbangli/code/GoLearn/polaris/global-scheduler/cmd/report/run_crontab.sh: line 36: /var/folders/l2/1wpn5kpd0715sc20jc_g372h0000gn/T/report.XXXXXX.01P12VW7x6/report: No such file or directory
===== 2026-09-09 17:04:59 上报结束 =====

===== 2026-09-09 17:06:00 开始上报 =====
/Users/zhengbangli/code/GoLearn/polaris/global-scheduler/cmd/report/run_crontab.sh: line 36: /var/folders/l2/1wpn5kpd0715sc20jc_g372h0000gn/T/report.XXXXXX.01P12VW7x6/report: No such file or directory
===== 2026-09-09 17:06:00 上报结束 =====

===== 2026-09-09 17:07:01 开始上报 =====
/Users/zhengbangli/code/GoLearn/polaris/global-scheduler/cmd/report/run_crontab.sh: line 36: /var/folders/l2/1wpn5kpd0715sc20jc_g372h0000gn/T/report.XXXXXX.01P12VW7x6/report: No such file or directory
===== 2026-09-09 17:07:01 上报结束 =====

===== 2026-09-09 17:08:01 开始上报 =====
/Users/zhengbangli/code/GoLearn/polaris/global-scheduler/cmd/report/run_crontab.sh: line 36: /var/folders/l2/1wpn5kpd0715sc20jc_g372h0000gn/T/report.XXXXXX.01P12VW7x6/report: No such file or directory
===== 2026-09-09 17:08:01 上报结束 =====

===== 2026-09-09 17:09:02 开始上报 =====
/Users/zhengbangli/code/GoLearn/polaris/global-scheduler/cmd/report/run_crontab.sh: line 36: /var/folders/l2/1wpn5kpd0715sc20jc_g372h0000gn/T/report.XXXXXX.01P12VW7x6/report: No such file or directory
===== 2026-09-09 17:09:02 上报结束 =====

===== 2026-09-09 17:10:03 开始上报 =====
/Users/zhengbangli/code/GoLearn/polaris/global-scheduler/cmd/report/run_crontab.sh: line 36: /var/folders/l2/1wpn5kpd0715sc20jc_g372h0000gn/T/report.XXXXXX.01P12VW7x6/report: No such file or directory
===== 2026-09-09 17:10:03 上报结束 =====

===== 2026-09-09 17:11:03 开始上报 =====
/Users/zhengbangli/code/GoLearn/polaris/global-scheduler/cmd/report/run_crontab.sh: line 36: /var/folders/l2/1wpn5kpd0715sc20jc_g372h0000gn/T/report.XXXXXX.01P12VW7x6/report: No such file or directory
===== 2026-09-09 17:11:03 上报结束 =====

===== 2026-09-09 17:12:04 开始上报 =====
/Users/zhengbangli/code/GoLearn/polaris/global-scheduler/cmd/report/run_crontab.sh: line 36: /var/folders/l2/1wpn5kpd0715sc20jc_g372h0000gn/T/report.XXXXXX.01P12VW7x6/report: No such file or directory
===== 2026-09-09 17:12:04 上报结束 =====

===== 2026-09-09 17:13:05 开始上报 =====
/Users/zhengbangli/code/GoLearn/polaris/global-scheduler/cmd/report/run_crontab.sh: line 36: /var/folders/l2/1wpn5kpd0715sc20jc_g372h0000gn/T/report.XXXXXX.01P12VW7x6/report: No such file or directory
===== 2026-09-09 17:13:05 上报结束 =====

===== 2026-09-09 17:14:05 开始上报 =====
/Users/zhengbangli/code/GoLearn/polaris/global-scheduler/cmd/report/run_crontab.sh: line 36: /var/folders/l2/1wpn5kpd0715sc20jc_g372h0000gn/T/report.XXXXXX.01P12VW7x6/report: No such file or directory
===== 2026-09-09 17:14:05 上报结束 =====

===== 2026-09-09 17:15:06 开始上报 =====
/Users/zhengbangli/code/GoLearn/polaris/global-scheduler/cmd/report/run_crontab.sh: line 36: /var/folders/l2/1wpn5kpd0715sc20jc_g372h0000gn/T/report.XXXXXX.01P12VW7x6/report: No such file or directory
===== 2026-09-09 17:15:06 上报结束 =====

===== 2026-09-09 17:16:07 开始上报 =====
/Users/zhengbangli/code/GoLearn/polaris/global-scheduler/cmd/report/run_crontab.sh: line 36: /var/folders/l2/1wpn5kpd0715sc20jc_g372h0000gn/T/report.XXXXXX.01P12VW7x6/report: No such file or directory
===== 2026-09-09 17:16:07 上报结束 =====

===== 2026-09-09 17:17:07 开始上报 =====
/Users/zhengbangli/code/GoLearn/polaris/global-scheduler/cmd/report/run_crontab.sh: line 36: /var/folders/l2/1wpn5kpd0715sc20jc_g372h0000gn/T/report.XXXXXX.01P12VW7x6/report: No such file or directory
===== 2026-09-09 17:17:07 上报结束 =====

===== 2026-09-09 17:18:08 开始上报 =====
/Users/zhengbangli/code/GoLearn/polaris/global-scheduler/cmd/report/run_crontab.sh: line 36: /var/folders/l2/1wpn5kpd0715sc20jc_g372h0000gn/T/report.XXXXXX.01P12VW7x6/report: No such file or directory
===== 2026-09-09 17:18:08 上报结束 =====

===== 2026-09-09 17:19:09 开始上报 =====
/Users/zhengbangli/code/GoLearn/polaris/global-scheduler/cmd/report/run_crontab.sh: line 36: /var/folders/l2/1wpn5kpd0715sc20jc_g372h0000gn/T/report.XXXXXX.01P12VW7x6/report: No such file or directory
===== 2026-09-09 17:19:09 上报结束 =====

===== 2026-09-09 17:20:09 开始上报 =====
/Users/zhengbangli/code/GoLearn/polaris/global-scheduler/cmd/report/run_crontab.sh: line 36: /var/folders/l2/1wpn5kpd0715sc20jc_g372h0000gn/T/report.XXXXXX.01P12VW7x6/report: No such file or directory
===== 2026-09-09 17:20:09 上报结束 =====

===== 2026-09-09 17:21:10 开始上报 =====
/Users/zhengbangli/code/GoLearn/polaris/global-scheduler/cmd/report/run_crontab.sh: line 36: /var/folders/l2/1wpn5kpd0715sc20jc_g372h0000gn/T/report.XXXXXX.01P12VW7x6/report: No such file or directory
===== 2026-09-09 17:21:10 上报结束 =====

===== 2026-09-09 17:22:11 开始上报 =====
/Users/zhengbangli/code/GoLearn/polaris/global-scheduler/cmd/report/run_crontab.sh: line 36: /var/folders/l2/1wpn5kpd0715sc20jc_g372h0000gn/T/report.XXXXXX.01P12VW7x6/report: No such file or directory
===== 2026-09-09 17:22:11 上报结束 =====

===== 2026-09-09 17:23:11 开始上报 =====
/Users/zhengbangli/code/GoLearn/polaris/global-scheduler/cmd/report/run_crontab.sh: line 36: /var/folders/l2/1wpn5kpd0715sc20jc_g372h0000gn/T/report.XXXXXX.01P12VW7x6/report: No such file or directory
===== 2026-09-09 17:23:11 上报结束 =====

===== 2026-09-09 17:24:12 开始上报 =====
/Users/zhengbangli/code/GoLearn/polaris/global-scheduler/cmd/report/run_crontab.sh: line 36: /var/folders/l2/1wpn5kpd0715sc20jc_g372h0000gn/T/report.XXXXXX.01P12VW7x6/report: No such file or directory
===== 2026-09-09 17:24:12 上报结束 =====

===== 2026-09-09 17:25:13 开始上报 =====
/Users/zhengbangli/code/GoLearn/polaris/global-scheduler/cmd/report/run_crontab.sh: line 36: /var/folders/l2/1wpn5kpd0715sc20jc_g372h0000gn/T/report.XXXXXX.01P12VW7x6/report: No such file or directory
===== 2026-09-09 17:25:13 上报结束 =====

===== 2026-09-09 17:26:13 开始上报 =====
/Users/zhengbangli/code/GoLearn/polaris/global-scheduler/cmd/report/run_crontab.sh: line 36: /var/folders/l2/1wpn5kpd0715sc20jc_g372h0000gn/T/report.XXXXXX.01P12VW7x6/report: No such file or directory
===== 2026-09-09 17:26:13 上报结束 =====

===== 2026-09-09 17:27:14 开始上报 =====
/Users/zhengbangli/code/GoLearn/polaris/global-scheduler/cmd/report/run_crontab.sh: line 36: /var/folders/l2/1wpn5kpd0715sc20jc_g372h0000gn/T/report.XXXXXX.01P12VW7x6/report: No such file or directory
===== 2026-09-09 17:27:14 上报结束 =====

===== 2026-09-09 17:28:15 开始上报 =====
/Users/zhengbangli/code/GoLearn/polaris/global-scheduler/cmd/report/run_crontab.sh: line 36: /var/folders/l2/1wpn5kpd0715sc20jc_g372h0000gn/T/report.XXXXXX.01P12VW7x6/report: No such file or directory
===== 2026-09-09 17:28:15 上报结束 =====

===== 2026-09-09 17:29:16 开始上报 =====
/Users/zhengbangli/code/GoLearn/polaris/global-scheduler/cmd/report/run_crontab.sh: line 36: /var/folders/l2/1wpn5kpd0715sc20jc_g372h0000gn/T/report.XXXXXX.01P12VW7x6/report: No such file or directory
===== 2026-09-09 17:29:16 上报结束 =====

===== 2026-09-09 17:30:17 开始上报 =====
/Users/zhengbangli/code/GoLearn/polaris/global-scheduler/cmd/report/run_crontab.sh: line 36: /var/folders/l2/1wpn5kpd0715sc20jc_g372h0000gn/T/report.XXXXXX.01P12VW7x6/report: No such file or directory
===== 2026-09-09 17:30:17 上报结束 =====

===== 2026-09-09 17:31:18 开始上报 =====
/Users/zhengbangli/code/GoLearn/polaris/global-scheduler/cmd/report/run_crontab.sh: line 36: /var/folders/l2/1wpn5kpd0715sc20jc_g372h0000gn/T/report.XXXXXX.01P12VW7x6/report: No such file or directory
===== 2026-09-09 17:31:18 上报结束 =====

===== 2026-09-09 17:32:19 开始上报 =====
/Users/zhengbangli/code/GoLearn/polaris/global-scheduler/cmd/report/run_crontab.sh: line 36: /var/folders/l2/1wpn5kpd0715sc20jc_g372h0000gn/T/report.XXXXXX.01P12VW7x6/report: No such file or directory
===== 2026-09-09 17:32:19 上报结束 =====

===== 2026-09-09 17:33:20 开始上报 =====
/Users/zhengbangli/code/GoLearn/polaris/global-scheduler/cmd/report/run_crontab.sh: line 36: /var/folders/l2/1wpn5kpd0715sc20jc_g372h0000gn/T/report.XXXXXX.01P12VW7x6/report: No such file or directory
===== 2026-09-09 17:33:20 上报结束 =====

===== 2026-09-09 17:34:21 开始上报 =====
/Users/zhengbangli/code/GoLearn/polaris/global-scheduler/cmd/report/run_crontab.sh: line 36: /var/folders/l2/1wpn5kpd0715sc20jc_g372h0000gn/T/report.XXXXXX.01P12VW7x6/report: No such file or directory
===== 2026-09-09 17:34:21 上报结束 =====

===== 2026-09-09 17:35:22 开始上报 =====
/Users/zhengbangli/code/GoLearn/polaris/global-scheduler/cmd/report/run_crontab.sh: line 36: /var/folders/l2/1wpn5kpd0715sc20jc_g372h0000gn/T/report.XXXXXX.01P12VW7x6/report: No such file or directory
===== 2026-09-09 17:35:22 上报结束 =====

===== 2026-09-09 17:36:23 开始上报 =====
/Users/zhengbangli/code/GoLearn/polaris/global-scheduler/cmd/report/run_crontab.sh: line 36: /var/folders/l2/1wpn5kpd0715sc20jc_g372h0000gn/T/report.XXXXXX.01P12VW7x6/report: No such file or directory
===== 2026-09-09 17:36:23 上报结束 =====

===== 2026-09-09 17:37:24 开始上报 =====
/Users/zhengbangli/code/GoLearn/polaris/global-scheduler/cmd/report/run_crontab.sh: line 36: /var/folders/l2/1wpn5kpd0715sc20jc_g372h0000gn/T/report.XXXXXX.01P12VW7x6/report: No such file or directory
===== 2026-09-09 17:37:24 上报结束 =====

===== 2026-09-09 17:38:25 开始上报 =====
/Users/zhengbangli/code/GoLearn/polaris/global-scheduler/cmd/report/run_crontab.sh: line 36: /var/folders/l2/1wpn5kpd0715sc20jc_g372h0000gn/T/report.XXXXXX.01P12VW7x6/report: No such file or directory
===== 2026-09-09 17:38:25 上报结束 =====

===== 2026-09-09 17:39:26 开始上报 =====
/Users/zhengbangli/code/GoLearn/polaris/global-scheduler/cmd/report/run_crontab.sh: line 36: /var/folders/l2/1wpn5kpd0715sc20jc_g372h0000gn/T/report.XXXXXX.01P12VW7x6/report: No such file or directory
===== 2026-09-09 17:39:26 上报结束 =====

===== 2026-09-09 17:40:27 开始上报 =====
/Users/zhengbangli/code/GoLearn/polaris/global-scheduler/cmd/report/run_crontab.sh: line 36: /var/folders/l2/1wpn5kpd0715sc20jc_g372h0000gn/T/report.XXXXXX.01P12VW7x6/report: No such file or directory
===== 2026-09-09 17:40:27 上报结束 =====

===== 2026-09-09 17:41:28 开始上报 =====
/Users/zhengbangli/code/GoLearn/polaris/global-scheduler/cmd/report/run_crontab.sh: line 36: /var/folders/l2/1wpn5kpd0715sc20jc_g372h0000gn/T/report.XXXXXX.01P12VW7x6/report: No such file or directory
===== 2026-09-09 17:41:28 上报结束 =====

===== 2026-09-09 17:42:29 开始上报 =====
/Users/zhengbangli/code/GoLearn/polaris/global-scheduler/cmd/report/run_crontab.sh: line 36: /var/folders/l2/1wpn5kpd0715sc20jc_g372h0000gn/T/report.XXXXXX.01P12VW7x6/report: No such file or directory
===== 2026-09-09 17:42:29 上报结束 =====

===== 2026-09-09 17:43:30 开始上报 =====
/Users/zhengbangli/code/GoLearn/polaris/global-scheduler/cmd/report/run_crontab.sh: line 36: /var/folders/l2/1wpn5kpd0715sc20jc_g372h0000gn/T/report.XXXXXX.01P12VW7x6/report: No such file or directory
===== 2026-09-09 17:43:30 上报结束 =====

===== 2026-09-09 17:44:31 开始上报 =====
/Users/zhengbangli/code/GoLearn/polaris/global-scheduler/cmd/report/run_crontab.sh: line 36: /var/folders/l2/1wpn5kpd0715sc20jc_g372h0000gn/T/report.XXXXXX.01P12VW7x6/report: No such file or directory
===== 2026-09-09 17:44:31 上报结束 =====

===== 2026-09-09 17:45:32 开始上报 =====
/Users/zhengbangli/code/GoLearn/polaris/global-scheduler/cmd/report/run_crontab.sh: line 36: /var/folders/l2/1wpn5kpd0715sc20jc_g372h0000gn/T/report.XXXXXX.01P12VW7x6/report: No such file or directory
===== 2026-09-09 17:45:32 上报结束 =====

===== 2026-09-09 17:46:33 开始上报 =====
/Users/zhengbangli/code/GoLearn/polaris/global-scheduler/cmd/report/run_crontab.sh: line 36: /var/folders/l2/1wpn5kpd0715sc20jc_g372h0000gn/T/report.XXXXXX.01P12VW7x6/report: No such file or directory
===== 2026-09-09 17:46:33 上报结束 =====

===== 2026-09-09 17:47:34 开始上报 =====
/Users/zhengbangli/code/GoLearn/polaris/global-scheduler/cmd/report/run_crontab.sh: line 36: /var/folders/l2/1wpn5kpd0715sc20jc_g372h0000gn/T/report.XXXXXX.01P12VW7x6/report: No such file or directory
===== 2026-09-09 17:47:34 上报结束 =====

===== 2026-09-09 17:48:35 开始上报 =====
/Users/zhengbangli/code/GoLearn/polaris/global-scheduler/cmd/report/run_crontab.sh: line 36: /var/folders/l2/1wpn5kpd0715sc20jc_g372h0000gn/T/report.XXXXXX.01P12VW7x6/report: No such file or directory
===== 2026-09-09 17:48:35 上报结束 =====

===== 2026-09-09 17:49:36 开始上报 =====
/Users/zhengbangli/code/GoLearn/polaris/global-scheduler/cmd/report/run_crontab.sh: line 36: /var/folders/l2/1wpn5kpd0715sc20jc_g372h0000gn/T/report.XXXXXX.01P12VW7x6/report: No such file or directory
===== 2026-09-09 17:49:36 上报结束 =====

===== 2026-09-09 17:50:37 开始上报 =====
/Users/zhengbangli/code/GoLearn/polaris/global-scheduler/cmd/report/run_crontab.sh: line 36: /var/folders/l2/1wpn5kpd0715sc20jc_g372h0000gn/T/report.XXXXXX.01P12VW7x6/report: No such file or directory
===== 2026-09-09 17:50:38 上报结束 =====

===== 2026-09-09 17:51:39 开始上报 =====
/Users/zhengbangli/code/GoLearn/polaris/global-scheduler/cmd/report/run_crontab.sh: line 36: /var/folders/l2/1wpn5kpd0715sc20jc_g372h0000gn/T/report.XXXXXX.01P12VW7x6/report: No such file or directory
===== 2026-09-09 17:51:39 上报结束 =====

===== 2026-09-09 17:52:40 开始上报 =====
/Users/zhengbangli/code/GoLearn/polaris/global-scheduler/cmd/report/run_crontab.sh: line 36: /var/folders/l2/1wpn5kpd0715sc20jc_g372h0000gn/T/report.XXXXXX.01P12VW7x6/report: No such file or directory
===== 2026-09-09 17:52:40 上报结束 =====

===== 2026-09-09 17:53:41 开始上报 =====
/Users/zhengbangli/code/GoLearn/polaris/global-scheduler/cmd/report/run_crontab.sh: line 36: /var/folders/l2/1wpn5kpd0715sc20jc_g372h0000gn/T/report.XXXXXX.01P12VW7x6/report: No such file or directory
===== 2026-09-09 17:53:41 上报结束 =====

===== 2026-09-09 17:54:42 开始上报 =====
/Users/zhengbangli/code/GoLearn/polaris/global-scheduler/cmd/report/run_crontab.sh: line 36: /var/folders/l2/1wpn5kpd0715sc20jc_g372h0000gn/T/report.XXXXXX.01P12VW7x6/report: No such file or directory
===== 2026-09-09 17:54:42 上报结束 =====

===== 2026-09-09 17:55:43 开始上报 =====
/Users/zhengbangli/code/GoLearn/polaris/global-scheduler/cmd/report/run_crontab.sh: line 36: /var/folders/l2/1wpn5kpd0715sc20jc_g372h0000gn/T/report.XXXXXX.01P12VW7x6/report: No such file or directory
===== 2026-09-09 17:55:43 上报结束 =====

===== 2026-09-09 17:56:44 开始上报 =====
/Users/zhengbangli/code/GoLearn/polaris/global-scheduler/cmd/report/run_crontab.sh: line 36: /var/folders/l2/1wpn5kpd0715sc20jc_g372h0000gn/T/report.XXXXXX.01P12VW7x6/report: No such file or directory
===== 2026-09-09 17:56:44 上报结束 =====

===== 2026-09-09 17:57:45 开始上报 =====
/Users/zhengbangli/code/GoLearn/polaris/global-scheduler/cmd/report/run_crontab.sh: line 36: /var/folders/l2/1wpn5kpd0715sc20jc_g372h0000gn/T/report.XXXXXX.01P12VW7x6/report: No such file or directory
===== 2026-09-09 17:57:45 上报结束 =====

===== 2026-09-09 17:58:46 开始上报 =====
/Users/zhengbangli/code/GoLearn/polaris/global-scheduler/cmd/report/run_crontab.sh: line 36: /var/folders/l2/1wpn5kpd0715sc20jc_g372h0000gn/T/report.XXXXXX.01P12VW7x6/report: No such file or directory
===== 2026-09-09 17:58:46 上报结束 =====

===== 2026-09-09 17:59:47 开始上报 =====
/Users/zhengbangli/code/GoLearn/polaris/global-scheduler/cmd/report/run_crontab.sh: line 36: /var/folders/l2/1wpn5kpd0715sc20jc_g372h0000gn/T/report.XXXXXX.01P12VW7x6/report: No such file or directory
===== 2026-09-09 17:59:47 上报结束 =====

===== 2026-09-09 18:00:48 开始上报 =====
/Users/zhengbangli/code/GoLearn/polaris/global-scheduler/cmd/report/run_crontab.sh: line 36: /var/folders/l2/1wpn5kpd0715sc20jc_g372h0000gn/T/report.XXXXXX.01P12VW7x6/report: No such file or directory
===== 2026-09-09 18:00:48 上报结束 =====

===== 2026-09-09 18:01:49 开始上报 =====
/Users/zhengbangli/code/GoLearn/polaris/global-scheduler/cmd/report/run_crontab.sh: line 36: /var/folders/l2/1wpn5kpd0715sc20jc_g372h0000gn/T/report.XXXXXX.01P12VW7x6/report: No such file or directory
===== 2026-09-09 18:01:49 上报结束 =====

===== 2026-09-09 18:02:50 开始上报 =====
/Users/zhengbangli/code/GoLearn/polaris/global-scheduler/cmd/report/run_crontab.sh: line 36: /var/folders/l2/1wpn5kpd0715sc20jc_g372h0000gn/T/report.XXXXXX.01P12VW7x6/report: No such file or directory
===== 2026-09-09 18:02:50 上报结束 =====

===== 2026-09-09 18:03:51 开始上报 =====
/Users/zhengbangli/code/GoLearn/polaris/global-scheduler/cmd/report/run_crontab.sh: line 36: /var/folders/l2/1wpn5kpd0715sc20jc_g372h0000gn/T/report.XXXXXX.01P12VW7x6/report: No such file or directory
===== 2026-09-09 18:03:51 上报结束 =====

===== 2026-09-09 18:04:52 开始上报 =====
/Users/zhengbangli/code/GoLearn/polaris/global-scheduler/cmd/report/run_crontab.sh: line 36: /var/folders/l2/1wpn5kpd0715sc20jc_g372h0000gn/T/report.XXXXXX.01P12VW7x6/report: No such file or directory
===== 2026-09-09 18:04:52 上报结束 =====

===== 2026-09-09 18:05:53 开始上报 =====
/Users/zhengbangli/code/GoLearn/polaris/global-scheduler/cmd/report/run_crontab.sh: line 36: /var/folders/l2/1wpn5kpd0715sc20jc_g372h0000gn/T/report.XXXXXX.01P12VW7x6/report: No such file or directory
===== 2026-09-09 18:05:53 上报结束 =====

===== 2026-09-09 18:06:54 开始上报 =====
/Users/zhengbangli/code/GoLearn/polaris/global-scheduler/cmd/report/run_crontab.sh: line 36: /var/folders/l2/1wpn5kpd0715sc20jc_g372h0000gn/T/report.XXXXXX.01P12VW7x6/report: No such file or directory
===== 2026-09-09 18:06:54 上报结束 =====

===== 2026-09-09 18:07:55 开始上报 =====
/Users/zhengbangli/code/GoLearn/polaris/global-scheduler/cmd/report/run_crontab.sh: line 36: /var/folders/l2/1wpn5kpd0715sc20jc_g372h0000gn/T/report.XXXXXX.01P12VW7x6/report: No such file or directory
===== 2026-09-09 18:07:55 上报结束 =====

===== 2026-09-09 18:08:56 开始上报 =====
/Users/zhengbangli/code/GoLearn/polaris/global-scheduler/cmd/report/run_crontab.sh: line 36: /var/folders/l2/1wpn5kpd0715sc20jc_g372h0000gn/T/report.XXXXXX.01P12VW7x6/report: No such file or directory
===== 2026-09-09 18:08:56 上报结束 =====

===== 2026-09-09 18:09:57 开始上报 =====
/Users/zhengbangli/code/GoLearn/polaris/global-scheduler/cmd/report/run_crontab.sh: line 36: /var/folders/l2/1wpn5kpd0715sc20jc_g372h0000gn/T/report.XXXXXX.01P12VW7x6/report: No such file or directory
===== 2026-09-09 18:09:57 上报结束 =====

===== 2026-09-09 18:10:58 开始上报 =====
/Users/zhengbangli/code/GoLearn/polaris/global-scheduler/cmd/report/run_crontab.sh: line 36: /var/folders/l2/1wpn5kpd0715sc20jc_g372h0000gn/T/report.XXXXXX.01P12VW7x6/report: No such file or directory
===== 2026-09-09 18:10:58 上报结束 =====

===== 2026-09-09 18:11:59 开始上报 =====
/Users/zhengbangli/code/GoLearn/polaris/global-scheduler/cmd/report/run_crontab.sh: line 36: /var/folders/l2/1wpn5kpd0715sc20jc_g372h0000gn/T/report.XXXXXX.01P12VW7x6/report: No such file or directory
===== 2026-09-09 18:11:59 上报结束 =====

===== 2026-09-09 18:13:00 开始上报 =====
/Users/zhengbangli/code/GoLearn/polaris/global-scheduler/cmd/report/run_crontab.sh: line 36: /var/folders/l2/1wpn5kpd0715sc20jc_g372h0000gn/T/report.XXXXXX.01P12VW7x6/report: No such file or directory
===== 2026-09-09 18:13:00 上报结束 =====

===== 2026-09-09 18:14:01 开始上报 =====
/Users/zhengbangli/code/GoLearn/polaris/global-scheduler/cmd/report/run_crontab.sh: line 36: /var/folders/l2/1wpn5kpd0715sc20jc_g372h0000gn/T/report.XXXXXX.01P12VW7x6/report: No such file or directory
===== 2026-09-09 18:14:01 上报结束 =====

===== 2026-09-09 18:15:01 开始上报 =====
/Users/zhengbangli/code/GoLearn/polaris/global-scheduler/cmd/report/run_crontab.sh: line 36: /var/folders/l2/1wpn5kpd0715sc20jc_g372h0000gn/T/report.XXXXXX.01P12VW7x6/report: No such file or directory
===== 2026-09-09 18:15:01 上报结束 =====

===== 2026-09-09 18:16:02 开始上报 =====
/Users/zhengbangli/code/GoLearn/polaris/global-scheduler/cmd/report/run_crontab.sh: line 36: /var/folders/l2/1wpn5kpd0715sc20jc_g372h0000gn/T/report.XXXXXX.01P12VW7x6/report: No such file or directory
===== 2026-09-09 18:16:02 上报结束 =====

===== 2026-09-09 18:17:03 开始上报 =====
/Users/zhengbangli/code/GoLearn/polaris/global-scheduler/cmd/report/run_crontab.sh: line 36: /var/folders/l2/1wpn5kpd0715sc20jc_g372h0000gn/T/report.XXXXXX.01P12VW7x6/report: No such file or directory
===== 2026-09-09 18:17:03 上报结束 =====

===== 2026-09-09 18:18:03 开始上报 =====
/Users/zhengbangli/code/GoLearn/polaris/global-scheduler/cmd/report/run_crontab.sh: line 36: /var/folders/l2/1wpn5kpd0715sc20jc_g372h0000gn/T/report.XXXXXX.01P12VW7x6/report: No such file or directory
===== 2026-09-09 18:18:03 上报结束 =====

===== 2026-09-09 18:19:04 开始上报 =====
/Users/zhengbangli/code/GoLearn/polaris/global-scheduler/cmd/report/run_crontab.sh: line 36: /var/folders/l2/1wpn5kpd0715sc20jc_g372h0000gn/T/report.XXXXXX.01P12VW7x6/report: No such file or directory
===== 2026-09-09 18:19:04 上报结束 =====

===== 2026-09-09 18:20:05 开始上报 =====
/Users/zhengbangli/code/GoLearn/polaris/global-scheduler/cmd/report/run_crontab.sh: line 36: /var/folders/l2/1wpn5kpd0715sc20jc_g372h0000gn/T/report.XXXXXX.01P12VW7x6/report: No such file or directory
===== 2026-09-09 18:20:05 上报结束 =====

===== 2026-09-09 18:21:05 开始上报 =====
/Users/zhengbangli/code/GoLearn/polaris/global-scheduler/cmd/report/run_crontab.sh: line 36: /var/folders/l2/1wpn5kpd0715sc20jc_g372h0000gn/T/report.XXXXXX.01P12VW7x6/report: No such file or directory
===== 2026-09-09 18:21:05 上报结束 =====

===== 2026-09-09 18:22:06 开始上报 =====
/Users/zhengbangli/code/GoLearn/polaris/global-scheduler/cmd/report/run_crontab.sh: line 36: /var/folders/l2/1wpn5kpd0715sc20jc_g372h0000gn/T/report.XXXXXX.01P12VW7x6/report: No such file or directory
===== 2026-09-09 18:22:06 上报结束 =====

===== 2026-09-09 18:23:06 开始上报 =====
/Users/zhengbangli/code/GoLearn/polaris/global-scheduler/cmd/report/run_crontab.sh: line 36: /var/folders/l2/1wpn5kpd0715sc20jc_g372h0000gn/T/report.XXXXXX.01P12VW7x6/report: No such file or directory
===== 2026-09-09 18:23:06 上报结束 =====

===== 2026-09-09 18:24:07 开始上报 =====
/Users/zhengbangli/code/GoLearn/polaris/global-scheduler/cmd/report/run_crontab.sh: line 36: /var/folders/l2/1wpn5kpd0715sc20jc_g372h0000gn/T/report.XXXXXX.01P12VW7x6/report: No such file or directory
===== 2026-09-09 18:24:07 上报结束 =====

===== 2026-09-09 18:25:08 开始上报 =====
/Users/zhengbangli/code/GoLearn/polaris/global-scheduler/cmd/report/run_crontab.sh: line 36: /var/folders/l2/1wpn5kpd0715sc20jc_g372h0000gn/T/report.XXXXXX.01P12VW7x6/report: No such file or directory
===== 2026-09-09 18:25:08 上报结束 =====

===== 2026-09-09 18:26:09 开始上报 =====
/Users/zhengbangli/code/GoLearn/polaris/global-scheduler/cmd/report/run_crontab.sh: line 36: /var/folders/l2/1wpn5kpd0715sc20jc_g372h0000gn/T/report.XXXXXX.01P12VW7x6/report: No such file or directory
===== 2026-09-09 18:26:09 上报结束 =====

===== 2026-09-09 18:27:09 开始上报 =====
/Users/zhengbangli/code/GoLearn/polaris/global-scheduler/cmd/report/run_crontab.sh: line 36: /var/folders/l2/1wpn5kpd0715sc20jc_g372h0000gn/T/report.XXXXXX.01P12VW7x6/report: No such file or directory
===== 2026-09-09 18:27:09 上报结束 =====

===== 2026-09-09 18:28:10 开始上报 =====
/Users/zhengbangli/code/GoLearn/polaris/global-scheduler/cmd/report/run_crontab.sh: line 36: /var/folders/l2/1wpn5kpd0715sc20jc_g372h0000gn/T/report.XXXXXX.01P12VW7x6/report: No such file or directory
===== 2026-09-09 18:28:10 上报结束 =====

===== 2026-09-09 18:29:11 开始上报 =====
/Users/zhengbangli/code/GoLearn/polaris/global-scheduler/cmd/report/run_crontab.sh: line 36: /var/folders/l2/1wpn5kpd0715sc20jc_g372h0000gn/T/report.XXXXXX.01P12VW7x6/report: No such file or directory
===== 2026-09-09 18:29:11 上报结束 =====

===== 2026-09-09 18:30:11 开始上报 =====
/Users/zhengbangli/code/GoLearn/polaris/global-scheduler/cmd/report/run_crontab.sh: line 36: /var/folders/l2/1wpn5kpd0715sc20jc_g372h0000gn/T/report.XXXXXX.01P12VW7x6/report: No such file or directory
===== 2026-09-09 18:30:11 上报结束 =====

===== 2026-09-09 18:31:12 开始上报 =====
/Users/zhengbangli/code/GoLearn/polaris/global-scheduler/cmd/report/run_crontab.sh: line 36: /var/folders/l2/1wpn5kpd0715sc20jc_g372h0000gn/T/report.XXXXXX.01P12VW7x6/report: No such file or directory
===== 2026-09-09 18:31:12 上报结束 =====

===== 2026-09-09 18:32:12 开始上报 =====
/Users/zhengbangli/code/GoLearn/polaris/global-scheduler/cmd/report/run_crontab.sh: line 36: /var/folders/l2/1wpn5kpd0715sc20jc_g372h0000gn/T/report.XXXXXX.01P12VW7x6/report: No such file or directory
===== 2026-09-09 18:32:13 上报结束 =====

===== 2026-09-09 18:33:13 开始上报 =====
/Users/zhengbangli/code/GoLearn/polaris/global-scheduler/cmd/report/run_crontab.sh: line 36: /var/folders/l2/1wpn5kpd0715sc20jc_g372h0000gn/T/report.XXXXXX.01P12VW7x6/report: No such file or directory
===== 2026-09-09 18:33:13 上报结束 =====

===== 2026-09-09 18:34:14 开始上报 =====
/Users/zhengbangli/code/GoLearn/polaris/global-scheduler/cmd/report/run_crontab.sh: line 36: /var/folders/l2/1wpn5kpd0715sc20jc_g372h0000gn/T/report.XXXXXX.01P12VW7x6/report: No such file or directory
===== 2026-09-09 18:34:14 上报结束 =====

===== 2026-09-09 18:35:14 开始上报 =====
/Users/zhengbangli/code/GoLearn/polaris/global-scheduler/cmd/report/run_crontab.sh: line 36: /var/folders/l2/1wpn5kpd0715sc20jc_g372h0000gn/T/report.XXXXXX.01P12VW7x6/report: No such file or directory
===== 2026-09-09 18:35:14 上报结束 =====

===== 2026-09-09 18:36:15 开始上报 =====
/Users/zhengbangli/code/GoLearn/polaris/global-scheduler/cmd/report/run_crontab.sh: line 36: /var/folders/l2/1wpn5kpd0715sc20jc_g372h0000gn/T/report.XXXXXX.01P12VW7x6/report: No such file or directory
===== 2026-09-09 18:36:15 上报结束 =====

===== 2026-09-09 18:37:16 开始上报 =====
/Users/zhengbangli/code/GoLearn/polaris/global-scheduler/cmd/report/run_crontab.sh: line 36: /var/folders/l2/1wpn5kpd0715sc20jc_g372h0000gn/T/report.XXXXXX.01P12VW7x6/report: No such file or directory
===== 2026-09-09 18:37:16 上报结束 =====

===== 2026-09-09 18:38:16 开始上报 =====
/Users/zhengbangli/code/GoLearn/polaris/global-scheduler/cmd/report/run_crontab.sh: line 36: /var/folders/l2/1wpn5kpd0715sc20jc_g372h0000gn/T/report.XXXXXX.01P12VW7x6/report: No such file or directory
===== 2026-09-09 18:38:16 上报结束 =====

===== 2026-09-09 18:39:17 开始上报 =====
/Users/zhengbangli/code/GoLearn/polaris/global-scheduler/cmd/report/run_crontab.sh: line 36: /var/folders/l2/1wpn5kpd0715sc20jc_g372h0000gn/T/report.XXXXXX.01P12VW7x6/report: No such file or directory
===== 2026-09-09 18:39:17 上报结束 =====

===== 2026-09-09 18:40:18 开始上报 =====
/Users/zhengbangli/code/GoLearn/polaris/global-scheduler/cmd/report/run_crontab.sh: line 36: /var/folders/l2/1wpn5kpd0715sc20jc_g372h0000gn/T/report.XXXXXX.01P12VW7x6/report: No such file or directory
===== 2026-09-09 18:40:18 上报结束 =====

===== 2026-09-09 18:41:18 开始上报 =====
/Users/zhengbangli/code/GoLearn/polaris/global-scheduler/cmd/report/run_crontab.sh: line 36: /var/folders/l2/1wpn5kpd0715sc20jc_g372h0000gn/T/report.XXXXXX.01P12VW7x6/report: No such file or directory
===== 2026-09-09 18:41:18 上报结束 =====

===== 2026-09-09 18:42:19 开始上报 =====
/Users/zhengbangli/code/GoLearn/polaris/global-scheduler/cmd/report/run_crontab.sh: line 36: /var/folders/l2/1wpn5kpd0715sc20jc_g372h0000gn/T/report.XXXXXX.01P12VW7x6/report: No such file or directory
===== 2026-09-09 18:42:19 上报结束 =====

===== 2026-09-09 18:43:20 开始上报 =====
/Users/zhengbangli/code/GoLearn/polaris/global-scheduler/cmd/report/run_crontab.sh: line 36: /var/folders/l2/1wpn5kpd0715sc20jc_g372h0000gn/T/report.XXXXXX.01P12VW7x6/report: No such file or directory
===== 2026-09-09 18:43:20 上报结束 =====

===== 2026-09-09 18:44:20 开始上报 =====
/Users/zhengbangli/code/GoLearn/polaris/global-scheduler/cmd/report/run_crontab.sh: line 36: /var/folders/l2/1wpn5kpd0715sc20jc_g372h0000gn/T/report.XXXXXX.01P12VW7x6/report: No such file or directory
===== 2026-09-09 18:44:20 上报结束 =====

===== 2026-09-09 18:45:21 开始上报 =====
/Users/zhengbangli/code/GoLearn/polaris/global-scheduler/cmd/report/run_crontab.sh: line 36: /var/folders/l2/1wpn5kpd0715sc20jc_g372h0000gn/T/report.XXXXXX.01P12VW7x6/report: No such file or directory
===== 2026-09-09 18:45:21 上报结束 =====

===== 2026-09-09 18:46:22 开始上报 =====
/Users/zhengbangli/code/GoLearn/polaris/global-scheduler/cmd/report/run_crontab.sh: line 36: /var/folders/l2/1wpn5kpd0715sc20jc_g372h0000gn/T/report.XXXXXX.01P12VW7x6/report: No such file or directory
===== 2026-09-09 18:46:22 上报结束 =====

===== 2026-09-09 18:47:23 开始上报 =====
/Users/zhengbangli/code/GoLearn/polaris/global-scheduler/cmd/report/run_crontab.sh: line 36: /var/folders/l2/1wpn5kpd0715sc20jc_g372h0000gn/T/report.XXXXXX.01P12VW7x6/report: No such file or directory
===== 2026-09-09 18:47:23 上报结束 =====

===== 2026-09-09 18:48:23 开始上报 =====
/Users/zhengbangli/code/GoLearn/polaris/global-scheduler/cmd/report/run_crontab.sh: line 36: /var/folders/l2/1wpn5kpd0715sc20jc_g372h0000gn/T/report.XXXXXX.01P12VW7x6/report: No such file or directory
===== 2026-09-09 18:48:23 上报结束 =====

===== 2026-09-09 18:49:24 开始上报 =====
/Users/zhengbangli/code/GoLearn/polaris/global-scheduler/cmd/report/run_crontab.sh: line 36: /var/folders/l2/1wpn5kpd0715sc20jc_g372h0000gn/T/report.XXXXXX.01P12VW7x6/report: No such file or directory
===== 2026-09-09 18:49:24 上报结束 =====

===== 2026-09-09 18:50:25 开始上报 =====
/Users/zhengbangli/code/GoLearn/polaris/global-scheduler/cmd/report/run_crontab.sh: line 36: /var/folders/l2/1wpn5kpd0715sc20jc_g372h0000gn/T/report.XXXXXX.01P12VW7x6/report: No such file or directory
===== 2026-09-09 18:50:25 上报结束 =====

===== 2026-09-09 18:51:25 开始上报 =====
/Users/zhengbangli/code/GoLearn/polaris/global-scheduler/cmd/report/run_crontab.sh: line 36: /var/folders/l2/1wpn5kpd0715sc20jc_g372h0000gn/T/report.XXXXXX.01P12VW7x6/report: No such file or directory
===== 2026-09-09 18:51:25 上报结束 =====

===== 2026-09-09 18:52:26 开始上报 =====
/Users/zhengbangli/code/GoLearn/polaris/global-scheduler/cmd/report/run_crontab.sh: line 36: /var/folders/l2/1wpn5kpd0715sc20jc_g372h0000gn/T/report.XXXXXX.01P12VW7x6/report: No such file or directory
===== 2026-09-09 18:52:26 上报结束 =====

===== 2026-09-09 18:53:27 开始上报 =====
/Users/zhengbangli/code/GoLearn/polaris/global-scheduler/cmd/report/run_crontab.sh: line 36: /var/folders/l2/1wpn5kpd0715sc20jc_g372h0000gn/T/report.XXXXXX.01P12VW7x6/report: No such file or directory
===== 2026-09-09 18:53:27 上报结束 =====

===== 2026-09-09 18:54:27 开始上报 =====
/Users/zhengbangli/code/GoLearn/polaris/global-scheduler/cmd/report/run_crontab.sh: line 36: /var/folders/l2/1wpn5kpd0715sc20jc_g372h0000gn/T/report.XXXXXX.01P12VW7x6/report: No such file or directory
===== 2026-09-09 18:54:27 上报结束 =====

===== 2026-09-09 18:55:28 开始上报 =====
/Users/zhengbangli/code/GoLearn/polaris/global-scheduler/cmd/report/run_crontab.sh: line 36: /var/folders/l2/1wpn5kpd0715sc20jc_g372h0000gn/T/report.XXXXXX.01P12VW7x6/report: No such file or directory
===== 2026-09-09 18:55:28 上报结束 =====

===== 2026-09-09 18:56:29 开始上报 =====
/Users/zhengbangli/code/GoLearn/polaris/global-scheduler/cmd/report/run_crontab.sh: line 36: /var/folders/l2/1wpn5kpd0715sc20jc_g372h0000gn/T/report.XXXXXX.01P12VW7x6/report: No such file or directory
===== 2026-09-09 18:56:29 上报结束 =====

===== 2026-09-09 18:57:30 开始上报 =====
/Users/zhengbangli/code/GoLearn/polaris/global-scheduler/cmd/report/run_crontab.sh: line 36: /var/folders/l2/1wpn5kpd0715sc20jc_g372h0000gn/T/report.XXXXXX.01P12VW7x6/report: No such file or directory
===== 2026-09-09 18:57:30 上报结束 =====

===== 2026-09-09 18:58:30 开始上报 =====
/Users/zhengbangli/code/GoLearn/polaris/global-scheduler/cmd/report/run_crontab.sh: line 36: /var/folders/l2/1wpn5kpd0715sc20jc_g372h0000gn/T/report.XXXXXX.01P12VW7x6/report: No such file or directory
===== 2026-09-09 18:58:30 上报结束 =====

===== 2026-09-09 18:59:31 开始上报 =====
/Users/zhengbangli/code/GoLearn/polaris/global-scheduler/cmd/report/run_crontab.sh: line 36: /var/folders/l2/1wpn5kpd0715sc20jc_g372h0000gn/T/report.XXXXXX.01P12VW7x6/report: No such file or directory
===== 2026-09-09 18:59:31 上报结束 =====

===== 2026-09-09 19:00:32 开始上报 =====
/Users/zhengbangli/code/GoLearn/polaris/global-scheduler/cmd/report/run_crontab.sh: line 36: /var/folders/l2/1wpn5kpd0715sc20jc_g372h0000gn/T/report.XXXXXX.01P12VW7x6/report: No such file or directory
===== 2026-09-09 19:00:32 上报结束 =====

===== 2026-09-09 19:01:33 开始上报 =====
/Users/zhengbangli/code/GoLearn/polaris/global-scheduler/cmd/report/run_crontab.sh: line 36: /var/folders/l2/1wpn5kpd0715sc20jc_g372h0000gn/T/report.XXXXXX.01P12VW7x6/report: No such file or directory
===== 2026-09-09 19:01:33 上报结束 =====

===== 2026-09-09 19:02:34 开始上报 =====
/Users/zhengbangli/code/GoLearn/polaris/global-scheduler/cmd/report/run_crontab.sh: line 36: /var/folders/l2/1wpn5kpd0715sc20jc_g372h0000gn/T/report.XXXXXX.01P12VW7x6/report: No such file or directory
===== 2026-09-09 19:02:34 上报结束 =====

===== 2026-09-09 19:03:35 开始上报 =====
/Users/zhengbangli/code/GoLearn/polaris/global-scheduler/cmd/report/run_crontab.sh: line 36: /var/folders/l2/1wpn5kpd0715sc20jc_g372h0000gn/T/report.XXXXXX.01P12VW7x6/report: No such file or directory
===== 2026-09-09 19:03:35 上报结束 =====

===== 2026-09-09 19:04:35 开始上报 =====
/Users/zhengbangli/code/GoLearn/polaris/global-scheduler/cmd/report/run_crontab.sh: line 36: /var/folders/l2/1wpn5kpd0715sc20jc_g372h0000gn/T/report.XXXXXX.01P12VW7x6/report: No such file or directory
===== 2026-09-09 19:04:35 上报结束 =====

===== 2026-09-09 19:05:36 开始上报 =====
/Users/zhengbangli/code/GoLearn/polaris/global-scheduler/cmd/report/run_crontab.sh: line 36: /var/folders/l2/1wpn5kpd0715sc20jc_g372h0000gn/T/report.XXXXXX.01P12VW7x6/report: No such file or directory
===== 2026-09-09 19:05:36 上报结束 =====

===== 2026-09-09 19:06:37 开始上报 =====
/Users/zhengbangli/code/GoLearn/polaris/global-scheduler/cmd/report/run_crontab.sh: line 36: /var/folders/l2/1wpn5kpd0715sc20jc_g372h0000gn/T/report.XXXXXX.01P12VW7x6/report: No such file or directory
===== 2026-09-09 19:06:37 上报结束 =====

===== 2026-09-09 19:07:37 开始上报 =====
/Users/zhengbangli/code/GoLearn/polaris/global-scheduler/cmd/report/run_crontab.sh: line 36: /var/folders/l2/1wpn5kpd0715sc20jc_g372h0000gn/T/report.XXXXXX.01P12VW7x6/report: No such file or directory
===== 2026-09-09 19:07:37 上报结束 =====

===== 2026-09-09 19:08:38 开始上报 =====
/Users/zhengbangli/code/GoLearn/polaris/global-scheduler/cmd/report/run_crontab.sh: line 36: /var/folders/l2/1wpn5kpd0715sc20jc_g372h0000gn/T/report.XXXXXX.01P12VW7x6/report: No such file or directory
===== 2026-09-09 19:08:38 上报结束 =====

===== 2026-09-09 19:09:39 开始上报 =====
/Users/zhengbangli/code/GoLearn/polaris/global-scheduler/cmd/report/run_crontab.sh: line 36: /var/folders/l2/1wpn5kpd0715sc20jc_g372h0000gn/T/report.XXXXXX.01P12VW7x6/report: No such file or directory
===== 2026-09-09 19:09:39 上报结束 =====

===== 2026-09-09 19:10:39 开始上报 =====
/Users/zhengbangli/code/GoLearn/polaris/global-scheduler/cmd/report/run_crontab.sh: line 36: /var/folders/l2/1wpn5kpd0715sc20jc_g372h0000gn/T/report.XXXXXX.01P12VW7x6/report: No such file or directory
===== 2026-09-09 19:10:39 上报结束 =====

===== 2026-09-09 19:11:40 开始上报 =====
/Users/zhengbangli/code/GoLearn/polaris/global-scheduler/cmd/report/run_crontab.sh: line 36: /var/folders/l2/1wpn5kpd0715sc20jc_g372h0000gn/T/report.XXXXXX.01P12VW7x6/report: No such file or directory
===== 2026-09-09 19:11:40 上报结束 =====

===== 2026-09-09 19:12:41 开始上报 =====
/Users/zhengbangli/code/GoLearn/polaris/global-scheduler/cmd/report/run_crontab.sh: line 36: /var/folders/l2/1wpn5kpd0715sc20jc_g372h0000gn/T/report.XXXXXX.01P12VW7x6/report: No such file or directory
===== 2026-09-09 19:12:41 上报结束 =====

===== 2026-09-09 19:13:41 开始上报 =====
/Users/zhengbangli/code/GoLearn/polaris/global-scheduler/cmd/report/run_crontab.sh: line 36: /var/folders/l2/1wpn5kpd0715sc20jc_g372h0000gn/T/report.XXXXXX.01P12VW7x6/report: No such file or directory
===== 2026-09-09 19:13:41 上报结束 =====

===== 2026-09-09 19:14:42 开始上报 =====
/Users/zhengbangli/code/GoLearn/polaris/global-scheduler/cmd/report/run_crontab.sh: line 36: /var/folders/l2/1wpn5kpd0715sc20jc_g372h0000gn/T/report.XXXXXX.01P12VW7x6/report: No such file or directory
===== 2026-09-09 19:14:42 上报结束 =====

===== 2026-09-09 19:15:43 开始上报 =====
/Users/zhengbangli/code/GoLearn/polaris/global-scheduler/cmd/report/run_crontab.sh: line 36: /var/folders/l2/1wpn5kpd0715sc20jc_g372h0000gn/T/report.XXXXXX.01P12VW7x6/report: No such file or directory
===== 2026-09-09 19:15:43 上报结束 =====

===== 2026-09-09 19:16:44 开始上报 =====
/Users/zhengbangli/code/GoLearn/polaris/global-scheduler/cmd/report/run_crontab.sh: line 36: /var/folders/l2/1wpn5kpd0715sc20jc_g372h0000gn/T/report.XXXXXX.01P12VW7x6/report: No such file or directory
===== 2026-09-09 19:16:44 上报结束 =====

===== 2026-09-09 19:17:44 开始上报 =====
/Users/zhengbangli/code/GoLearn/polaris/global-scheduler/cmd/report/run_crontab.sh: line 36: /var/folders/l2/1wpn5kpd0715sc20jc_g372h0000gn/T/report.XXXXXX.01P12VW7x6/report: No such file or directory
===== 2026-09-09 19:17:44 上报结束 =====

===== 2026-09-09 19:18:45 开始上报 =====
/Users/zhengbangli/code/GoLearn/polaris/global-scheduler/cmd/report/run_crontab.sh: line 36: /var/folders/l2/1wpn5kpd0715sc20jc_g372h0000gn/T/report.XXXXXX.01P12VW7x6/report: No such file or directory
===== 2026-09-09 19:18:45 上报结束 =====

===== 2026-09-09 19:19:46 开始上报 =====
/Users/zhengbangli/code/GoLearn/polaris/global-scheduler/cmd/report/run_crontab.sh: line 36: /var/folders/l2/1wpn5kpd0715sc20jc_g372h0000gn/T/report.XXXXXX.01P12VW7x6/report: No such file or directory
===== 2026-09-09 19:19:46 上报结束 =====

===== 2026-09-09 19:20:46 开始上报 =====
/Users/zhengbangli/code/GoLearn/polaris/global-scheduler/cmd/report/run_crontab.sh: line 36: /var/folders/l2/1wpn5kpd0715sc20jc_g372h0000gn/T/report.XXXXXX.01P12VW7x6/report: No such file or directory
===== 2026-09-09 19:20:46 上报结束 =====

===== 2026-09-09 19:21:47 开始上报 =====
/Users/zhengbangli/code/GoLearn/polaris/global-scheduler/cmd/report/run_crontab.sh: line 36: /var/folders/l2/1wpn5kpd0715sc20jc_g372h0000gn/T/report.XXXXXX.01P12VW7x6/report: No such file or directory
===== 2026-09-09 19:21:47 上报结束 =====

===== 2026-09-09 19:22:48 开始上报 =====
/Users/zhengbangli/code/GoLearn/polaris/global-scheduler/cmd/report/run_crontab.sh: line 36: /var/folders/l2/1wpn5kpd0715sc20jc_g372h0000gn/T/report.XXXXXX.01P12VW7x6/report: No such file or directory
===== 2026-09-09 19:22:48 上报结束 =====

===== 2026-09-09 19:23:48 开始上报 =====
/Users/zhengbangli/code/GoLearn/polaris/global-scheduler/cmd/report/run_crontab.sh: line 36: /var/folders/l2/1wpn5kpd0715sc20jc_g372h0000gn/T/report.XXXXXX.01P12VW7x6/report: No such file or directory
===== 2026-09-09 19:23:48 上报结束 =====

===== 2026-09-09 19:24:49 开始上报 =====
/Users/zhengbangli/code/GoLearn/polaris/global-scheduler/cmd/report/run_crontab.sh: line 36: /var/folders/l2/1wpn5kpd0715sc20jc_g372h0000gn/T/report.XXXXXX.01P12VW7x6/report: No such file or directory
===== 2026-09-09 19:24:49 上报结束 =====

===== 2026-09-09 19:25:50 开始上报 =====
/Users/zhengbangli/code/GoLearn/polaris/global-scheduler/cmd/report/run_crontab.sh: line 36: /var/folders/l2/1wpn5kpd0715sc20jc_g372h0000gn/T/report.XXXXXX.01P12VW7x6/report: No such file or directory
===== 2026-09-09 19:25:50 上报结束 =====

===== 2026-09-09 19:26:50 开始上报 =====
/Users/zhengbangli/code/GoLearn/polaris/global-scheduler/cmd/report/run_crontab.sh: line 36: /var/folders/l2/1wpn5kpd0715sc20jc_g372h0000gn/T/report.XXXXXX.01P12VW7x6/report: No such file or directory
===== 2026-09-09 19:26:50 上报结束 =====

===== 2026-09-09 19:27:51 开始上报 =====
/Users/zhengbangli/code/GoLearn/polaris/global-scheduler/cmd/report/run_crontab.sh: line 36: /var/folders/l2/1wpn5kpd0715sc20jc_g372h0000gn/T/report.XXXXXX.01P12VW7x6/report: No such file or directory
===== 2026-09-09 19:27:51 上报结束 =====

===== 2026-09-09 19:28:52 开始上报 =====
/Users/zhengbangli/code/GoLearn/polaris/global-scheduler/cmd/report/run_crontab.sh: line 36: /var/folders/l2/1wpn5kpd0715sc20jc_g372h0000gn/T/report.XXXXXX.01P12VW7x6/report: No such file or directory
===== 2026-09-09 19:28:52 上报结束 =====

===== 2026-09-09 19:29:53 开始上报 =====
/Users/zhengbangli/code/GoLearn/polaris/global-scheduler/cmd/report/run_crontab.sh: line 36: /var/folders/l2/1wpn5kpd0715sc20jc_g372h0000gn/T/report.XXXXXX.01P12VW7x6/report: No such file or directory
===== 2026-09-09 19:29:53 上报结束 =====

===== 2026-09-09 19:30:54 开始上报 =====
/Users/zhengbangli/code/GoLearn/polaris/global-scheduler/cmd/report/run_crontab.sh: line 36: /var/folders/l2/1wpn5kpd0715sc20jc_g372h0000gn/T/report.XXXXXX.01P12VW7x6/report: No such file or directory
===== 2026-09-09 19:30:54 上报结束 =====

===== 2026-09-09 19:31:55 开始上报 =====
/Users/zhengbangli/code/GoLearn/polaris/global-scheduler/cmd/report/run_crontab.sh: line 36: /var/folders/l2/1wpn5kpd0715sc20jc_g372h0000gn/T/report.XXXXXX.01P12VW7x6/report: No such file or directory
===== 2026-09-09 19:31:55 上报结束 =====

===== 2026-09-09 19:32:56 开始上报 =====
/Users/zhengbangli/code/GoLearn/polaris/global-scheduler/cmd/report/run_crontab.sh: line 36: /var/folders/l2/1wpn5kpd0715sc20jc_g372h0000gn/T/report.XXXXXX.01P12VW7x6/report: No such file or directory
===== 2026-09-09 19:32:56 上报结束 =====

===== 2026-09-09 19:33:57 开始上报 =====
/Users/zhengbangli/code/GoLearn/polaris/global-scheduler/cmd/report/run_crontab.sh: line 36: /var/folders/l2/1wpn5kpd0715sc20jc_g372h0000gn/T/report.XXXXXX.01P12VW7x6/report: No such file or directory
===== 2026-09-09 19:33:57 上报结束 =====

===== 2026-09-09 19:34:58 开始上报 =====
/Users/zhengbangli/code/GoLearn/polaris/global-scheduler/cmd/report/run_crontab.sh: line 36: /var/folders/l2/1wpn5kpd0715sc20jc_g372h0000gn/T/report.XXXXXX.01P12VW7x6/report: No such file or directory
===== 2026-09-09 19:34:58 上报结束 =====

===== 2026-09-09 19:35:59 开始上报 =====
/Users/zhengbangli/code/GoLearn/polaris/global-scheduler/cmd/report/run_crontab.sh: line 36: /var/folders/l2/1wpn5kpd0715sc20jc_g372h0000gn/T/report.XXXXXX.01P12VW7x6/report: No such file or directory
===== 2026-09-09 19:35:59 上报结束 =====

===== 2026-09-09 19:37:00 开始上报 =====
/Users/zhengbangli/code/GoLearn/polaris/global-scheduler/cmd/report/run_crontab.sh: line 36: /var/folders/l2/1wpn5kpd0715sc20jc_g372h0000gn/T/report.XXXXXX.01P12VW7x6/report: No such file or directory
===== 2026-09-09 19:37:00 上报结束 =====

===== 2026-09-09 19:38:01 开始上报 =====
/Users/zhengbangli/code/GoLearn/polaris/global-scheduler/cmd/report/run_crontab.sh: line 36: /var/folders/l2/1wpn5kpd0715sc20jc_g372h0000gn/T/report.XXXXXX.01P12VW7x6/report: No such file or directory
===== 2026-09-09 19:38:01 上报结束 =====

===== 2026-09-09 19:39:02 开始上报 =====
/Users/zhengbangli/code/GoLearn/polaris/global-scheduler/cmd/report/run_crontab.sh: line 36: /var/folders/l2/1wpn5kpd0715sc20jc_g372h0000gn/T/report.XXXXXX.01P12VW7x6/report: No such file or directory
===== 2026-09-09 19:39:02 上报结束 =====

===== 2026-09-09 19:40:03 开始上报 =====
/Users/zhengbangli/code/GoLearn/polaris/global-scheduler/cmd/report/run_crontab.sh: line 36: /var/folders/l2/1wpn5kpd0715sc20jc_g372h0000gn/T/report.XXXXXX.01P12VW7x6/report: No such file or directory
===== 2026-09-09 19:40:03 上报结束 =====

===== 2026-09-09 19:41:04 开始上报 =====
/Users/zhengbangli/code/GoLearn/polaris/global-scheduler/cmd/report/run_crontab.sh: line 36: /var/folders/l2/1wpn5kpd0715sc20jc_g372h0000gn/T/report.XXXXXX.01P12VW7x6/report: No such file or directory
===== 2026-09-09 19:41:04 上报结束 =====

===== 2026-09-09 19:42:05 开始上报 =====
/Users/zhengbangli/code/GoLearn/polaris/global-scheduler/cmd/report/run_crontab.sh: line 36: /var/folders/l2/1wpn5kpd0715sc20jc_g372h0000gn/T/report.XXXXXX.01P12VW7x6/report: No such file or directory
===== 2026-09-09 19:42:05 上报结束 =====

===== 2026-09-09 19:43:06 开始上报 =====
/Users/zhengbangli/code/GoLearn/polaris/global-scheduler/cmd/report/run_crontab.sh: line 36: /var/folders/l2/1wpn5kpd0715sc20jc_g372h0000gn/T/report.XXXXXX.01P12VW7x6/report: No such file or directory
===== 2026-09-09 19:43:06 上报结束 =====

===== 2026-09-09 19:44:07 开始上报 =====
/Users/zhengbangli/code/GoLearn/polaris/global-scheduler/cmd/report/run_crontab.sh: line 36: /var/folders/l2/1wpn5kpd0715sc20jc_g372h0000gn/T/report.XXXXXX.01P12VW7x6/report: No such file or directory
===== 2026-09-09 19:44:07 上报结束 =====

===== 2026-09-09 19:45:08 开始上报 =====
/Users/zhengbangli/code/GoLearn/polaris/global-scheduler/cmd/report/run_crontab.sh: line 36: /var/folders/l2/1wpn5kpd0715sc20jc_g372h0000gn/T/report.XXXXXX.01P12VW7x6/report: No such file or directory
===== 2026-09-09 19:45:08 上报结束 =====

===== 2026-09-09 19:46:09 开始上报 =====
/Users/zhengbangli/code/GoLearn/polaris/global-scheduler/cmd/report/run_crontab.sh: line 36: /var/folders/l2/1wpn5kpd0715sc20jc_g372h0000gn/T/report.XXXXXX.01P12VW7x6/report: No such file or directory
===== 2026-09-09 19:46:09 上报结束 =====

===== 2026-09-09 19:47:10 开始上报 =====
/Users/zhengbangli/code/GoLearn/polaris/global-scheduler/cmd/report/run_crontab.sh: line 36: /var/folders/l2/1wpn5kpd0715sc20jc_g372h0000gn/T/report.XXXXXX.01P12VW7x6/report: No such file or directory
===== 2026-09-09 19:47:10 上报结束 =====

===== 2026-09-09 19:48:11 开始上报 =====
/Users/zhengbangli/code/GoLearn/polaris/global-scheduler/cmd/report/run_crontab.sh: line 36: /var/folders/l2/1wpn5kpd0715sc20jc_g372h0000gn/T/report.XXXXXX.01P12VW7x6/report: No such file or directory
===== 2026-09-09 19:48:11 上报结束 =====

===== 2026-09-09 19:49:12 开始上报 =====
/Users/zhengbangli/code/GoLearn/polaris/global-scheduler/cmd/report/run_crontab.sh: line 36: /var/folders/l2/1wpn5kpd0715sc20jc_g372h0000gn/T/report.XXXXXX.01P12VW7x6/report: No such file or directory
===== 2026-09-09 19:49:12 上报结束 =====

===== 2026-09-09 19:50:13 开始上报 =====
/Users/zhengbangli/code/GoLearn/polaris/global-scheduler/cmd/report/run_crontab.sh: line 36: /var/folders/l2/1wpn5kpd0715sc20jc_g372h0000gn/T/report.XXXXXX.01P12VW7x6/report: No such file or directory
===== 2026-09-09 19:50:13 上报结束 =====

===== 2026-09-09 19:51:14 开始上报 =====
/Users/zhengbangli/code/GoLearn/polaris/global-scheduler/cmd/report/run_crontab.sh: line 36: /var/folders/l2/1wpn5kpd0715sc20jc_g372h0000gn/T/report.XXXXXX.01P12VW7x6/report: No such file or directory
===== 2026-09-09 19:51:14 上报结束 =====

===== 2026-09-09 19:52:15 开始上报 =====
/Users/zhengbangli/code/GoLearn/polaris/global-scheduler/cmd/report/run_crontab.sh: line 36: /var/folders/l2/1wpn5kpd0715sc20jc_g372h0000gn/T/report.XXXXXX.01P12VW7x6/report: No such file or directory
===== 2026-09-09 19:52:15 上报结束 =====

===== 2026-09-09 19:53:16 开始上报 =====
/Users/zhengbangli/code/GoLearn/polaris/global-scheduler/cmd/report/run_crontab.sh: line 36: /var/folders/l2/1wpn5kpd0715sc20jc_g372h0000gn/T/report.XXXXXX.01P12VW7x6/report: No such file or directory
===== 2026-09-09 19:53:16 上报结束 =====

===== 2026-09-09 19:54:17 开始上报 =====
/Users/zhengbangli/code/GoLearn/polaris/global-scheduler/cmd/report/run_crontab.sh: line 36: /var/folders/l2/1wpn5kpd0715sc20jc_g372h0000gn/T/report.XXXXXX.01P12VW7x6/report: No such file or directory
===== 2026-09-09 19:54:17 上报结束 =====

===== 2026-09-09 19:55:18 开始上报 =====
/Users/zhengbangli/code/GoLearn/polaris/global-scheduler/cmd/report/run_crontab.sh: line 36: /var/folders/l2/1wpn5kpd0715sc20jc_g372h0000gn/T/report.XXXXXX.01P12VW7x6/report: No such file or directory
===== 2026-09-09 19:55:18 上报结束 =====

===== 2026-09-09 19:56:19 开始上报 =====
/Users/zhengbangli/code/GoLearn/polaris/global-scheduler/cmd/report/run_crontab.sh: line 36: /var/folders/l2/1wpn5kpd0715sc20jc_g372h0000gn/T/report.XXXXXX.01P12VW7x6/report: No such file or directory
===== 2026-09-09 19:56:19 上报结束 =====

===== 2026-09-09 19:57:20 开始上报 =====
/Users/zhengbangli/code/GoLearn/polaris/global-scheduler/cmd/report/run_crontab.sh: line 36: /var/folders/l2/1wpn5kpd0715sc20jc_g372h0000gn/T/report.XXXXXX.01P12VW7x6/report: No such file or directory
===== 2026-09-09 19:57:20 上报结束 =====

===== 2026-09-09 19:58:21 开始上报 =====
/Users/zhengbangli/code/GoLearn/polaris/global-scheduler/cmd/report/run_crontab.sh: line 36: /var/folders/l2/1wpn5kpd0715sc20jc_g372h0000gn/T/report.XXXXXX.01P12VW7x6/report: No such file or directory
===== 2026-09-09 19:58:21 上报结束 =====

===== 2026-09-09 19:59:22 开始上报 =====
/Users/zhengbangli/code/GoLearn/polaris/global-scheduler/cmd/report/run_crontab.sh: line 36: /var/folders/l2/1wpn5kpd0715sc20jc_g372h0000gn/T/report.XXXXXX.01P12VW7x6/report: No such file or directory
===== 2026-09-09 19:59:22 上报结束 =====

===== 2026-09-09 20:00:23 开始上报 =====
/Users/zhengbangli/code/GoLearn/polaris/global-scheduler/cmd/report/run_crontab.sh: line 36: /var/folders/l2/1wpn5kpd0715sc20jc_g372h0000gn/T/report.XXXXXX.01P12VW7x6/report: No such file or directory
===== 2026-09-09 20:00:23 上报结束 =====

===== 2026-09-09 20:01:24 开始上报 =====
/Users/zhengbangli/code/GoLearn/polaris/global-scheduler/cmd/report/run_crontab.sh: line 36: /var/folders/l2/1wpn5kpd0715sc20jc_g372h0000gn/T/report.XXXXXX.01P12VW7x6/report: No such file or directory
===== 2026-09-09 20:01:24 上报结束 =====

===== 2026-09-09 20:02:25 开始上报 =====
/Users/zhengbangli/code/GoLearn/polaris/global-scheduler/cmd/report/run_crontab.sh: line 36: /var/folders/l2/1wpn5kpd0715sc20jc_g372h0000gn/T/report.XXXXXX.01P12VW7x6/report: No such file or directory
===== 2026-09-09 20:02:25 上报结束 =====

===== 2026-09-09 20:03:26 开始上报 =====
/Users/zhengbangli/code/GoLearn/polaris/global-scheduler/cmd/report/run_crontab.sh: line 36: /var/folders/l2/1wpn5kpd0715sc20jc_g372h0000gn/T/report.XXXXXX.01P12VW7x6/report: No such file or directory
===== 2026-09-09 20:03:26 上报结束 =====

===== 2026-09-09 20:04:27 开始上报 =====
/Users/zhengbangli/code/GoLearn/polaris/global-scheduler/cmd/report/run_crontab.sh: line 36: /var/folders/l2/1wpn5kpd0715sc20jc_g372h0000gn/T/report.XXXXXX.01P12VW7x6/report: No such file or directory
===== 2026-09-09 20:04:27 上报结束 =====

===== 2026-09-09 20:05:28 开始上报 =====
/Users/zhengbangli/code/GoLearn/polaris/global-scheduler/cmd/report/run_crontab.sh: line 36: /var/folders/l2/1wpn5kpd0715sc20jc_g372h0000gn/T/report.XXXXXX.01P12VW7x6/report: No such file or directory
===== 2026-09-09 20:05:28 上报结束 =====

===== 2026-09-09 20:06:29 开始上报 =====
/Users/zhengbangli/code/GoLearn/polaris/global-scheduler/cmd/report/run_crontab.sh: line 36: /var/folders/l2/1wpn5kpd0715sc20jc_g372h0000gn/T/report.XXXXXX.01P12VW7x6/report: No such file or directory
===== 2026-09-09 20:06:29 上报结束 =====

===== 2026-09-09 20:07:30 开始上报 =====
/Users/zhengbangli/code/GoLearn/polaris/global-scheduler/cmd/report/run_crontab.sh: line 36: /var/folders/l2/1wpn5kpd0715sc20jc_g372h0000gn/T/report.XXXXXX.01P12VW7x6/report: No such file or directory
===== 2026-09-09 20:07:30 上报结束 =====

===== 2026-09-09 20:08:31 开始上报 =====
/Users/zhengbangli/code/GoLearn/polaris/global-scheduler/cmd/report/run_crontab.sh: line 36: /var/folders/l2/1wpn5kpd0715sc20jc_g372h0000gn/T/report.XXXXXX.01P12VW7x6/report: No such file or directory
===== 2026-09-09 20:08:31 上报结束 =====

===== 2026-09-09 20:09:32 开始上报 =====
/Users/zhengbangli/code/GoLearn/polaris/global-scheduler/cmd/report/run_crontab.sh: line 36: /var/folders/l2/1wpn5kpd0715sc20jc_g372h0000gn/T/report.XXXXXX.01P12VW7x6/report: No such file or directory
===== 2026-09-09 20:09:32 上报结束 =====

===== 2026-09-09 20:10:33 开始上报 =====
/Users/zhengbangli/code/GoLearn/polaris/global-scheduler/cmd/report/run_crontab.sh: line 36: /var/folders/l2/1wpn5kpd0715sc20jc_g372h0000gn/T/report.XXXXXX.01P12VW7x6/report: No such file or directory
===== 2026-09-09 20:10:33 上报结束 =====

===== 2026-09-09 20:11:34 开始上报 =====
/Users/zhengbangli/code/GoLearn/polaris/global-scheduler/cmd/report/run_crontab.sh: line 36: /var/folders/l2/1wpn5kpd0715sc20jc_g372h0000gn/T/report.XXXXXX.01P12VW7x6/report: No such file or directory
===== 2026-09-09 20:11:34 上报结束 =====

===== 2026-09-09 20:12:35 开始上报 =====
/Users/zhengbangli/code/GoLearn/polaris/global-scheduler/cmd/report/run_crontab.sh: line 36: /var/folders/l2/1wpn5kpd0715sc20jc_g372h0000gn/T/report.XXXXXX.01P12VW7x6/report: No such file or directory
===== 2026-09-09 20:12:35 上报结束 =====

===== 2026-09-09 20:13:36 开始上报 =====
/Users/zhengbangli/code/GoLearn/polaris/global-scheduler/cmd/report/run_crontab.sh: line 36: /var/folders/l2/1wpn5kpd0715sc20jc_g372h0000gn/T/report.XXXXXX.01P12VW7x6/report: No such file or directory
===== 2026-09-09 20:13:36 上报结束 =====

===== 2026-09-09 20:14:37 开始上报 =====
/Users/zhengbangli/code/GoLearn/polaris/global-scheduler/cmd/report/run_crontab.sh: line 36: /var/folders/l2/1wpn5kpd0715sc20jc_g372h0000gn/T/report.XXXXXX.01P12VW7x6/report: No such file or directory
===== 2026-09-09 20:14:37 上报结束 =====

===== 2026-09-09 20:15:38 开始上报 =====
/Users/zhengbangli/code/GoLearn/polaris/global-scheduler/cmd/report/run_crontab.sh: line 36: /var/folders/l2/1wpn5kpd0715sc20jc_g372h0000gn/T/report.XXXXXX.01P12VW7x6/report: No such file or directory
===== 2026-09-09 20:15:38 上报结束 =====

===== 2026-09-09 20:16:39 开始上报 =====
/Users/zhengbangli/code/GoLearn/polaris/global-scheduler/cmd/report/run_crontab.sh: line 36: /var/folders/l2/1wpn5kpd0715sc20jc_g372h0000gn/T/report.XXXXXX.01P12VW7x6/report: No such file or directory
===== 2026-09-09 20:16:39 上报结束 =====

===== 2026-09-09 20:17:40 开始上报 =====
/Users/zhengbangli/code/GoLearn/polaris/global-scheduler/cmd/report/run_crontab.sh: line 36: /var/folders/l2/1wpn5kpd0715sc20jc_g372h0000gn/T/report.XXXXXX.01P12VW7x6/report: No such file or directory
===== 2026-09-09 20:17:40 上报结束 =====

===== 2026-09-09 20:18:41 开始上报 =====
/Users/zhengbangli/code/GoLearn/polaris/global-scheduler/cmd/report/run_crontab.sh: line 36: /var/folders/l2/1wpn5kpd0715sc20jc_g372h0000gn/T/report.XXXXXX.01P12VW7x6/report: No such file or directory
===== 2026-09-09 20:18:41 上报结束 =====

===== 2026-09-09 20:19:42 开始上报 =====
/Users/zhengbangli/code/GoLearn/polaris/global-scheduler/cmd/report/run_crontab.sh: line 36: /var/folders/l2/1wpn5kpd0715sc20jc_g372h0000gn/T/report.XXXXXX.01P12VW7x6/report: No such file or directory
===== 2026-09-09 20:19:42 上报结束 =====

===== 2026-09-09 20:20:43 开始上报 =====
/Users/zhengbangli/code/GoLearn/polaris/global-scheduler/cmd/report/run_crontab.sh: line 36: /var/folders/l2/1wpn5kpd0715sc20jc_g372h0000gn/T/report.XXXXXX.01P12VW7x6/report: No such file or directory
===== 2026-09-09 20:20:43 上报结束 =====

===== 2026-09-09 20:21:44 开始上报 =====
/Users/zhengbangli/code/GoLearn/polaris/global-scheduler/cmd/report/run_crontab.sh: line 36: /var/folders/l2/1wpn5kpd0715sc20jc_g372h0000gn/T/report.XXXXXX.01P12VW7x6/report: No such file or directory
===== 2026-09-09 20:21:44 上报结束 =====

===== 2026-09-09 20:22:45 开始上报 =====
/Users/zhengbangli/code/GoLearn/polaris/global-scheduler/cmd/report/run_crontab.sh: line 36: /var/folders/l2/1wpn5kpd0715sc20jc_g372h0000gn/T/report.XXXXXX.01P12VW7x6/report: No such file or directory
===== 2026-09-09 20:22:45 上报结束 =====

===== 2026-09-09 20:23:46 开始上报 =====
/Users/zhengbangli/code/GoLearn/polaris/global-scheduler/cmd/report/run_crontab.sh: line 36: /var/folders/l2/1wpn5kpd0715sc20jc_g372h0000gn/T/report.XXXXXX.01P12VW7x6/report: No such file or directory
===== 2026-09-09 20:23:46 上报结束 =====

===== 2026-09-09 20:24:47 开始上报 =====
/Users/zhengbangli/code/GoLearn/polaris/global-scheduler/cmd/report/run_crontab.sh: line 36: /var/folders/l2/1wpn5kpd0715sc20jc_g372h0000gn/T/report.XXXXXX.01P12VW7x6/report: No such file or directory
===== 2026-09-09 20:24:47 上报结束 =====

===== 2026-09-09 20:25:48 开始上报 =====
/Users/zhengbangli/code/GoLearn/polaris/global-scheduler/cmd/report/run_crontab.sh: line 36: /var/folders/l2/1wpn5kpd0715sc20jc_g372h0000gn/T/report.XXXXXX.01P12VW7x6/report: No such file or directory
===== 2026-09-09 20:25:48 上报结束 =====

===== 2026-09-09 20:26:49 开始上报 =====
/Users/zhengbangli/code/GoLearn/polaris/global-scheduler/cmd/report/run_crontab.sh: line 36: /var/folders/l2/1wpn5kpd0715sc20jc_g372h0000gn/T/report.XXXXXX.01P12VW7x6/report: No such file or directory
===== 2026-09-09 20:26:49 上报结束 =====

===== 2026-09-09 20:27:50 开始上报 =====
/Users/zhengbangli/code/GoLearn/polaris/global-scheduler/cmd/report/run_crontab.sh: line 36: /var/folders/l2/1wpn5kpd0715sc20jc_g372h0000gn/T/report.XXXXXX.01P12VW7x6/report: No such file or directory
===== 2026-09-09 20:27:50 上报结束 =====

===== 2026-09-09 20:28:51 开始上报 =====
/Users/zhengbangli/code/GoLearn/polaris/global-scheduler/cmd/report/run_crontab.sh: line 36: /var/folders/l2/1wpn5kpd0715sc20jc_g372h0000gn/T/report.XXXXXX.01P12VW7x6/report: No such file or directory
===== 2026-09-09 20:28:51 上报结束 =====

===== 2026-09-09 20:29:52 开始上报 =====
/Users/zhengbangli/code/GoLearn/polaris/global-scheduler/cmd/report/run_crontab.sh: line 36: /var/folders/l2/1wpn5kpd0715sc20jc_g372h0000gn/T/report.XXXXXX.01P12VW7x6/report: No such file or directory
===== 2026-09-09 20:29:52 上报结束 =====

===== 2026-09-09 20:30:53 开始上报 =====
/Users/zhengbangli/code/GoLearn/polaris/global-scheduler/cmd/report/run_crontab.sh: line 36: /var/folders/l2/1wpn5kpd0715sc20jc_g372h0000gn/T/report.XXXXXX.01P12VW7x6/report: No such file or directory
===== 2026-09-09 20:30:53 上报结束 =====

===== 2026-09-09 20:31:54 开始上报 =====
/Users/zhengbangli/code/GoLearn/polaris/global-scheduler/cmd/report/run_crontab.sh: line 36: /var/folders/l2/1wpn5kpd0715sc20jc_g372h0000gn/T/report.XXXXXX.01P12VW7x6/report: No such file or directory
===== 2026-09-09 20:31:54 上报结束 =====

===== 2026-09-09 20:32:55 开始上报 =====
/Users/zhengbangli/code/GoLearn/polaris/global-scheduler/cmd/report/run_crontab.sh: line 36: /var/folders/l2/1wpn5kpd0715sc20jc_g372h0000gn/T/report.XXXXXX.01P12VW7x6/report: No such file or directory
===== 2026-09-09 20:32:55 上报结束 =====

===== 2026-09-09 20:33:56 开始上报 =====
/Users/zhengbangli/code/GoLearn/polaris/global-scheduler/cmd/report/run_crontab.sh: line 36: /var/folders/l2/1wpn5kpd0715sc20jc_g372h0000gn/T/report.XXXXXX.01P12VW7x6/report: No such file or directory
===== 2026-09-09 20:33:56 上报结束 =====

===== 2026-09-09 20:34:57 开始上报 =====
/Users/zhengbangli/code/GoLearn/polaris/global-scheduler/cmd/report/run_crontab.sh: line 36: /var/folders/l2/1wpn5kpd0715sc20jc_g372h0000gn/T/report.XXXXXX.01P12VW7x6/report: No such file or directory
===== 2026-09-09 20:34:57 上报结束 =====

===== 2026-09-09 20:35:58 开始上报 =====
/Users/zhengbangli/code/GoLearn/polaris/global-scheduler/cmd/report/run_crontab.sh: line 36: /var/folders/l2/1wpn5kpd0715sc20jc_g372h0000gn/T/report.XXXXXX.01P12VW7x6/report: No such file or directory
===== 2026-09-09 20:35:58 上报结束 =====

===== 2026-09-09 20:36:59 开始上报 =====
/Users/zhengbangli/code/GoLearn/polaris/global-scheduler/cmd/report/run_crontab.sh: line 36: /var/folders/l2/1wpn5kpd0715sc20jc_g372h0000gn/T/report.XXXXXX.01P12VW7x6/report: No such file or directory
===== 2026-09-09 20:36:59 上报结束 =====

===== 2026-09-09 20:38:00 开始上报 =====
/Users/zhengbangli/code/GoLearn/polaris/global-scheduler/cmd/report/run_crontab.sh: line 36: /var/folders/l2/1wpn5kpd0715sc20jc_g372h0000gn/T/report.XXXXXX.01P12VW7x6/report: No such file or directory
===== 2026-09-09 20:38:00 上报结束 =====

===== 2026-09-09 20:39:01 开始上报 =====
/Users/zhengbangli/code/GoLearn/polaris/global-scheduler/cmd/report/run_crontab.sh: line 36: /var/folders/l2/1wpn5kpd0715sc20jc_g372h0000gn/T/report.XXXXXX.01P12VW7x6/report: No such file or directory
===== 2026-09-09 20:39:01 上报结束 =====

===== 2026-09-09 20:40:02 开始上报 =====
/Users/zhengbangli/code/GoLearn/polaris/global-scheduler/cmd/report/run_crontab.sh: line 36: /var/folders/l2/1wpn5kpd0715sc20jc_g372h0000gn/T/report.XXXXXX.01P12VW7x6/report: No such file or directory
===== 2026-09-09 20:40:02 上报结束 =====

===== 2026-09-09 20:41:03 开始上报 =====
/Users/zhengbangli/code/GoLearn/polaris/global-scheduler/cmd/report/run_crontab.sh: line 36: /var/folders/l2/1wpn5kpd0715sc20jc_g372h0000gn/T/report.XXXXXX.01P12VW7x6/report: No such file or directory
===== 2026-09-09 20:41:03 上报结束 =====

===== 2026-09-09 20:42:04 开始上报 =====
/Users/zhengbangli/code/GoLearn/polaris/global-scheduler/cmd/report/run_crontab.sh: line 36: /var/folders/l2/1wpn5kpd0715sc20jc_g372h0000gn/T/report.XXXXXX.01P12VW7x6/report: No such file or directory
===== 2026-09-09 20:42:04 上报结束 =====

===== 2026-09-09 20:43:05 开始上报 =====
/Users/zhengbangli/code/GoLearn/polaris/global-scheduler/cmd/report/run_crontab.sh: line 36: /var/folders/l2/1wpn5kpd0715sc20jc_g372h0000gn/T/report.XXXXXX.01P12VW7x6/report: No such file or directory
===== 2026-09-09 20:43:05 上报结束 =====

===== 2026-09-09 20:44:06 开始上报 =====
/Users/zhengbangli/code/GoLearn/polaris/global-scheduler/cmd/report/run_crontab.sh: line 36: /var/folders/l2/1wpn5kpd0715sc20jc_g372h0000gn/T/report.XXXXXX.01P12VW7x6/report: No such file or directory
===== 2026-09-09 20:44:06 上报结束 =====

===== 2026-09-09 20:45:07 开始上报 =====
/Users/zhengbangli/code/GoLearn/polaris/global-scheduler/cmd/report/run_crontab.sh: line 36: /var/folders/l2/1wpn5kpd0715sc20jc_g372h0000gn/T/report.XXXXXX.01P12VW7x6/report: No such file or directory
===== 2026-09-09 20:45:07 上报结束 =====

===== 2026-09-09 20:46:08 开始上报 =====
/Users/zhengbangli/code/GoLearn/polaris/global-scheduler/cmd/report/run_crontab.sh: line 36: /var/folders/l2/1wpn5kpd0715sc20jc_g372h0000gn/T/report.XXXXXX.01P12VW7x6/report: No such file or directory
===== 2026-09-09 20:46:08 上报结束 =====

===== 2026-09-09 20:47:09 开始上报 =====
/Users/zhengbangli/code/GoLearn/polaris/global-scheduler/cmd/report/run_crontab.sh: line 36: /var/folders/l2/1wpn5kpd0715sc20jc_g372h0000gn/T/report.XXXXXX.01P12VW7x6/report: No such file or directory
===== 2026-09-09 20:47:09 上报结束 =====

===== 2026-09-09 20:48:10 开始上报 =====
/Users/zhengbangli/code/GoLearn/polaris/global-scheduler/cmd/report/run_crontab.sh: line 36: /var/folders/l2/1wpn5kpd0715sc20jc_g372h0000gn/T/report.XXXXXX.01P12VW7x6/report: No such file or directory
===== 2026-09-09 20:48:10 上报结束 =====

===== 2026-09-09 20:49:11 开始上报 =====
/Users/zhengbangli/code/GoLearn/polaris/global-scheduler/cmd/report/run_crontab.sh: line 36: /var/folders/l2/1wpn5kpd0715sc20jc_g372h0000gn/T/report.XXXXXX.01P12VW7x6/report: No such file or directory
===== 2026-09-09 20:49:11 上报结束 =====

===== 2026-09-09 20:50:12 开始上报 =====
/Users/zhengbangli/code/GoLearn/polaris/global-scheduler/cmd/report/run_crontab.sh: line 36: /var/folders/l2/1wpn5kpd0715sc20jc_g372h0000gn/T/report.XXXXXX.01P12VW7x6/report: No such file or directory
===== 2026-09-09 20:50:12 上报结束 =====

===== 2026-09-09 20:51:13 开始上报 =====
/Users/zhengbangli/code/GoLearn/polaris/global-scheduler/cmd/report/run_crontab.sh: line 36: /var/folders/l2/1wpn5kpd0715sc20jc_g372h0000gn/T/report.XXXXXX.01P12VW7x6/report: No such file or directory
===== 2026-09-09 20:51:13 上报结束 =====

===== 2026-09-09 20:52:14 开始上报 =====
/Users/zhengbangli/code/GoLearn/polaris/global-scheduler/cmd/report/run_crontab.sh: line 36: /var/folders/l2/1wpn5kpd0715sc20jc_g372h0000gn/T/report.XXXXXX.01P12VW7x6/report: No such file or directory
===== 2026-09-09 20:52:14 上报结束 =====

===== 2026-09-09 20:53:15 开始上报 =====
/Users/zhengbangli/code/GoLearn/polaris/global-scheduler/cmd/report/run_crontab.sh: line 36: /var/folders/l2/1wpn5kpd0715sc20jc_g372h0000gn/T/report.XXXXXX.01P12VW7x6/report: No such file or directory
===== 2026-09-09 20:53:15 上报结束 =====

===== 2026-09-09 20:54:16 开始上报 =====
/Users/zhengbangli/code/GoLearn/polaris/global-scheduler/cmd/report/run_crontab.sh: line 36: /var/folders/l2/1wpn5kpd0715sc20jc_g372h0000gn/T/report.XXXXXX.01P12VW7x6/report: No such file or directory
===== 2026-09-09 20:54:16 上报结束 =====

===== 2026-09-09 20:55:17 开始上报 =====
/Users/zhengbangli/code/GoLearn/polaris/global-scheduler/cmd/report/run_crontab.sh: line 36: /var/folders/l2/1wpn5kpd0715sc20jc_g372h0000gn/T/report.XXXXXX.01P12VW7x6/report: No such file or directory
===== 2026-09-09 20:55:17 上报结束 =====

===== 2026-09-09 20:56:18 开始上报 =====
/Users/zhengbangli/code/GoLearn/polaris/global-scheduler/cmd/report/run_crontab.sh: line 36: /var/folders/l2/1wpn5kpd0715sc20jc_g372h0000gn/T/report.XXXXXX.01P12VW7x6/report: No such file or directory
===== 2026-09-09 20:56:18 上报结束 =====

===== 2026-09-09 20:57:19 开始上报 =====
/Users/zhengbangli/code/GoLearn/polaris/global-scheduler/cmd/report/run_crontab.sh: line 36: /var/folders/l2/1wpn5kpd0715sc20jc_g372h0000gn/T/report.XXXXXX.01P12VW7x6/report: No such file or directory
===== 2026-09-09 20:57:19 上报结束 =====

===== 2026-09-09 20:58:20 开始上报 =====
/Users/zhengbangli/code/GoLearn/polaris/global-scheduler/cmd/report/run_crontab.sh: line 36: /var/folders/l2/1wpn5kpd0715sc20jc_g372h0000gn/T/report.XXXXXX.01P12VW7x6/report: No such file or directory
===== 2026-09-09 20:58:20 上报结束 =====

===== 2026-09-09 20:59:21 开始上报 =====
/Users/zhengbangli/code/GoLearn/polaris/global-scheduler/cmd/report/run_crontab.sh: line 36: /var/folders/l2/1wpn5kpd0715sc20jc_g372h0000gn/T/report.XXXXXX.01P12VW7x6/report: No such file or directory
===== 2026-09-09 20:59:21 上报结束 =====

===== 2026-09-09 21:00:22 开始上报 =====
/Users/zhengbangli/code/GoLearn/polaris/global-scheduler/cmd/report/run_crontab.sh: line 36: /var/folders/l2/1wpn5kpd0715sc20jc_g372h0000gn/T/report.XXXXXX.01P12VW7x6/report: No such file or directory
===== 2026-09-09 21:00:22 上报结束 =====

===== 2026-09-09 21:01:23 开始上报 =====
/Users/zhengbangli/code/GoLearn/polaris/global-scheduler/cmd/report/run_crontab.sh: line 36: /var/folders/l2/1wpn5kpd0715sc20jc_g372h0000gn/T/report.XXXXXX.01P12VW7x6/report: No such file or directory
===== 2026-09-09 21:01:23 上报结束 =====

===== 2026-09-09 21:02:24 开始上报 =====
/Users/zhengbangli/code/GoLearn/polaris/global-scheduler/cmd/report/run_crontab.sh: line 36: /var/folders/l2/1wpn5kpd0715sc20jc_g372h0000gn/T/report.XXXXXX.01P12VW7x6/report: No such file or directory
===== 2026-09-09 21:02:24 上报结束 =====

===== 2026-09-09 21:03:25 开始上报 =====
/Users/zhengbangli/code/GoLearn/polaris/global-scheduler/cmd/report/run_crontab.sh: line 36: /var/folders/l2/1wpn5kpd0715sc20jc_g372h0000gn/T/report.XXXXXX.01P12VW7x6/report: No such file or directory
===== 2026-09-09 21:03:25 上报结束 =====

===== 2026-09-09 21:04:26 开始上报 =====
/Users/zhengbangli/code/GoLearn/polaris/global-scheduler/cmd/report/run_crontab.sh: line 36: /var/folders/l2/1wpn5kpd0715sc20jc_g372h0000gn/T/report.XXXXXX.01P12VW7x6/report: No such file or directory
===== 2026-09-09 21:04:26 上报结束 =====

===== 2026-09-09 21:05:27 开始上报 =====
/Users/zhengbangli/code/GoLearn/polaris/global-scheduler/cmd/report/run_crontab.sh: line 36: /var/folders/l2/1wpn5kpd0715sc20jc_g372h0000gn/T/report.XXXXXX.01P12VW7x6/report: No such file or directory
===== 2026-09-09 21:05:27 上报结束 =====

===== 2026-09-09 21:06:28 开始上报 =====
/Users/zhengbangli/code/GoLearn/polaris/global-scheduler/cmd/report/run_crontab.sh: line 36: /var/folders/l2/1wpn5kpd0715sc20jc_g372h0000gn/T/report.XXXXXX.01P12VW7x6/report: No such file or directory
===== 2026-09-09 21:06:28 上报结束 =====

===== 2026-09-09 21:07:29 开始上报 =====
/Users/zhengbangli/code/GoLearn/polaris/global-scheduler/cmd/report/run_crontab.sh: line 36: /var/folders/l2/1wpn5kpd0715sc20jc_g372h0000gn/T/report.XXXXXX.01P12VW7x6/report: No such file or directory
===== 2026-09-09 21:07:29 上报结束 =====

===== 2026-09-09 21:08:30 开始上报 =====
/Users/zhengbangli/code/GoLearn/polaris/global-scheduler/cmd/report/run_crontab.sh: line 36: /var/folders/l2/1wpn5kpd0715sc20jc_g372h0000gn/T/report.XXXXXX.01P12VW7x6/report: No such file or directory
===== 2026-09-09 21:08:30 上报结束 =====

===== 2026-09-09 21:09:31 开始上报 =====
/Users/zhengbangli/code/GoLearn/polaris/global-scheduler/cmd/report/run_crontab.sh: line 36: /var/folders/l2/1wpn5kpd0715sc20jc_g372h0000gn/T/report.XXXXXX.01P12VW7x6/report: No such file or directory
===== 2026-09-09 21:09:31 上报结束 =====

===== 2026-09-09 21:10:32 开始上报 =====
/Users/zhengbangli/code/GoLearn/polaris/global-scheduler/cmd/report/run_crontab.sh: line 36: /var/folders/l2/1wpn5kpd0715sc20jc_g372h0000gn/T/report.XXXXXX.01P12VW7x6/report: No such file or directory
===== 2026-09-09 21:10:32 上报结束 =====

===== 2026-09-09 21:11:33 开始上报 =====
/Users/zhengbangli/code/GoLearn/polaris/global-scheduler/cmd/report/run_crontab.sh: line 36: /var/folders/l2/1wpn5kpd0715sc20jc_g372h0000gn/T/report.XXXXXX.01P12VW7x6/report: No such file or directory
===== 2026-09-09 21:11:33 上报结束 =====

===== 2026-09-09 21:12:34 开始上报 =====
/Users/zhengbangli/code/GoLearn/polaris/global-scheduler/cmd/report/run_crontab.sh: line 36: /var/folders/l2/1wpn5kpd0715sc20jc_g372h0000gn/T/report.XXXXXX.01P12VW7x6/report: No such file or directory
===== 2026-09-09 21:12:34 上报结束 =====

===== 2026-09-09 21:13:35 开始上报 =====
/Users/zhengbangli/code/GoLearn/polaris/global-scheduler/cmd/report/run_crontab.sh: line 36: /var/folders/l2/1wpn5kpd0715sc20jc_g372h0000gn/T/report.XXXXXX.01P12VW7x6/report: No such file or directory
===== 2026-09-09 21:13:35 上报结束 =====

===== 2026-09-09 21:14:36 开始上报 =====
/Users/zhengbangli/code/GoLearn/polaris/global-scheduler/cmd/report/run_crontab.sh: line 36: /var/folders/l2/1wpn5kpd0715sc20jc_g372h0000gn/T/report.XXXXXX.01P12VW7x6/report: No such file or directory
===== 2026-09-09 21:14:36 上报结束 =====

===== 2026-09-09 21:15:37 开始上报 =====
/Users/zhengbangli/code/GoLearn/polaris/global-scheduler/cmd/report/run_crontab.sh: line 36: /var/folders/l2/1wpn5kpd0715sc20jc_g372h0000gn/T/report.XXXXXX.01P12VW7x6/report: No such file or directory
===== 2026-09-09 21:15:37 上报结束 =====

===== 2026-09-09 21:16:38 开始上报 =====
/Users/zhengbangli/code/GoLearn/polaris/global-scheduler/cmd/report/run_crontab.sh: line 36: /var/folders/l2/1wpn5kpd0715sc20jc_g372h0000gn/T/report.XXXXXX.01P12VW7x6/report: No such file or directory
===== 2026-09-09 21:16:38 上报结束 =====

===== 2026-09-09 21:17:39 开始上报 =====
/Users/zhengbangli/code/GoLearn/polaris/global-scheduler/cmd/report/run_crontab.sh: line 36: /var/folders/l2/1wpn5kpd0715sc20jc_g372h0000gn/T/report.XXXXXX.01P12VW7x6/report: No such file or directory
===== 2026-09-09 21:17:39 上报结束 =====

===== 2026-09-09 21:18:40 开始上报 =====
/Users/zhengbangli/code/GoLearn/polaris/global-scheduler/cmd/report/run_crontab.sh: line 36: /var/folders/l2/1wpn5kpd0715sc20jc_g372h0000gn/T/report.XXXXXX.01P12VW7x6/report: No such file or directory
===== 2026-09-09 21:18:40 上报结束 =====

===== 2026-09-09 21:19:41 开始上报 =====
/Users/zhengbangli/code/GoLearn/polaris/global-scheduler/cmd/report/run_crontab.sh: line 36: /var/folders/l2/1wpn5kpd0715sc20jc_g372h0000gn/T/report.XXXXXX.01P12VW7x6/report: No such file or directory
===== 2026-09-09 21:19:41 上报结束 =====

===== 2026-09-09 21:20:42 开始上报 =====
/Users/zhengbangli/code/GoLearn/polaris/global-scheduler/cmd/report/run_crontab.sh: line 36: /var/folders/l2/1wpn5kpd0715sc20jc_g372h0000gn/T/report.XXXXXX.01P12VW7x6/report: No such file or directory
===== 2026-09-09 21:20:42 上报结束 =====

===== 2026-09-09 21:21:43 开始上报 =====
/Users/zhengbangli/code/GoLearn/polaris/global-scheduler/cmd/report/run_crontab.sh: line 36: /var/folders/l2/1wpn5kpd0715sc20jc_g372h0000gn/T/report.XXXXXX.01P12VW7x6/report: No such file or directory
===== 2026-09-09 21:21:43 上报结束 =====

===== 2026-09-09 21:22:44 开始上报 =====
/Users/zhengbangli/code/GoLearn/polaris/global-scheduler/cmd/report/run_crontab.sh: line 36: /var/folders/l2/1wpn5kpd0715sc20jc_g372h0000gn/T/report.XXXXXX.01P12VW7x6/report: No such file or directory
===== 2026-09-09 21:22:44 上报结束 =====

===== 2026-09-09 21:23:45 开始上报 =====
/Users/zhengbangli/code/GoLearn/polaris/global-scheduler/cmd/report/run_crontab.sh: line 36: /var/folders/l2/1wpn5kpd0715sc20jc_g372h0000gn/T/report.XXXXXX.01P12VW7x6/report: No such file or directory
===== 2026-09-09 21:23:45 上报结束 =====

===== 2026-09-09 21:24:46 开始上报 =====
/Users/zhengbangli/code/GoLearn/polaris/global-scheduler/cmd/report/run_crontab.sh: line 36: /var/folders/l2/1wpn5kpd0715sc20jc_g372h0000gn/T/report.XXXXXX.01P12VW7x6/report: No such file or directory
===== 2026-09-09 21:24:46 上报结束 =====

===== 2026-09-09 21:25:47 开始上报 =====
/Users/zhengbangli/code/GoLearn/polaris/global-scheduler/cmd/report/run_crontab.sh: line 36: /var/folders/l2/1wpn5kpd0715sc20jc_g372h0000gn/T/report.XXXXXX.01P12VW7x6/report: No such file or directory
===== 2026-09-09 21:25:47 上报结束 =====

===== 2026-09-09 21:26:48 开始上报 =====
/Users/zhengbangli/code/GoLearn/polaris/global-scheduler/cmd/report/run_crontab.sh: line 36: /var/folders/l2/1wpn5kpd0715sc20jc_g372h0000gn/T/report.XXXXXX.01P12VW7x6/report: No such file or directory
===== 2026-09-09 21:26:48 上报结束 =====

===== 2026-09-09 21:27:49 开始上报 =====
/Users/zhengbangli/code/GoLearn/polaris/global-scheduler/cmd/report/run_crontab.sh: line 36: /var/folders/l2/1wpn5kpd0715sc20jc_g372h0000gn/T/report.XXXXXX.01P12VW7x6/report: No such file or directory
===== 2026-09-09 21:27:49 上报结束 =====

===== 2026-09-09 21:28:50 开始上报 =====
/Users/zhengbangli/code/GoLearn/polaris/global-scheduler/cmd/report/run_crontab.sh: line 36: /var/folders/l2/1wpn5kpd0715sc20jc_g372h0000gn/T/report.XXXXXX.01P12VW7x6/report: No such file or directory
===== 2026-09-09 21:28:50 上报结束 =====

===== 2026-09-09 21:29:51 开始上报 =====
/Users/zhengbangli/code/GoLearn/polaris/global-scheduler/cmd/report/run_crontab.sh: line 36: /var/folders/l2/1wpn5kpd0715sc20jc_g372h0000gn/T/report.XXXXXX.01P12VW7x6/report: No such file or directory
===== 2026-09-09 21:29:51 上报结束 =====

===== 2026-09-09 21:30:52 开始上报 =====
/Users/zhengbangli/code/GoLearn/polaris/global-scheduler/cmd/report/run_crontab.sh: line 36: /var/folders/l2/1wpn5kpd0715sc20jc_g372h0000gn/T/report.XXXXXX.01P12VW7x6/report: No such file or directory
===== 2026-09-09 21:30:52 上报结束 =====

===== 2026-09-09 21:31:53 开始上报 =====
/Users/zhengbangli/code/GoLearn/polaris/global-scheduler/cmd/report/run_crontab.sh: line 36: /var/folders/l2/1wpn5kpd0715sc20jc_g372h0000gn/T/report.XXXXXX.01P12VW7x6/report: No such file or directory
===== 2026-09-09 21:31:53 上报结束 =====

===== 2026-09-09 21:32:54 开始上报 =====
/Users/zhengbangli/code/GoLearn/polaris/global-scheduler/cmd/report/run_crontab.sh: line 36: /var/folders/l2/1wpn5kpd0715sc20jc_g372h0000gn/T/report.XXXXXX.01P12VW7x6/report: No such file or directory
===== 2026-09-09 21:32:54 上报结束 =====

===== 2026-09-09 21:33:55 开始上报 =====
/Users/zhengbangli/code/GoLearn/polaris/global-scheduler/cmd/report/run_crontab.sh: line 36: /var/folders/l2/1wpn5kpd0715sc20jc_g372h0000gn/T/report.XXXXXX.01P12VW7x6/report: No such file or directory
===== 2026-09-09 21:33:55 上报结束 =====

===== 2026-09-09 21:34:56 开始上报 =====
/Users/zhengbangli/code/GoLearn/polaris/global-scheduler/cmd/report/run_crontab.sh: line 36: /var/folders/l2/1wpn5kpd0715sc20jc_g372h0000gn/T/report.XXXXXX.01P12VW7x6/report: No such file or directory
===== 2026-09-09 21:34:56 上报结束 =====

===== 2026-09-09 21:35:57 开始上报 =====
/Users/zhengbangli/code/GoLearn/polaris/global-scheduler/cmd/report/run_crontab.sh: line 36: /var/folders/l2/1wpn5kpd0715sc20jc_g372h0000gn/T/report.XXXXXX.01P12VW7x6/report: No such file or directory
===== 2026-09-09 21:35:57 上报结束 =====

===== 2026-09-09 21:36:58 开始上报 =====
/Users/zhengbangli/code/GoLearn/polaris/global-scheduler/cmd/report/run_crontab.sh: line 36: /var/folders/l2/1wpn5kpd0715sc20jc_g372h0000gn/T/report.XXXXXX.01P12VW7x6/report: No such file or directory
===== 2026-09-09 21:36:58 上报结束 =====

===== 2026-09-09 21:37:59 开始上报 =====
/Users/zhengbangli/code/GoLearn/polaris/global-scheduler/cmd/report/run_crontab.sh: line 36: /var/folders/l2/1wpn5kpd0715sc20jc_g372h0000gn/T/report.XXXXXX.01P12VW7x6/report: No such file or directory
===== 2026-09-09 21:37:59 上报结束 =====

===== 2026-09-09 21:39:00 开始上报 =====
/Users/zhengbangli/code/GoLearn/polaris/global-scheduler/cmd/report/run_crontab.sh: line 36: /var/folders/l2/1wpn5kpd0715sc20jc_g372h0000gn/T/report.XXXXXX.01P12VW7x6/report: No such file or directory
===== 2026-09-09 21:39:00 上报结束 =====

===== 2026-09-09 21:40:01 开始上报 =====
/Users/zhengbangli/code/GoLearn/polaris/global-scheduler/cmd/report/run_crontab.sh: line 36: /var/folders/l2/1wpn5kpd0715sc20jc_g372h0000gn/T/report.XXXXXX.01P12VW7x6/report: No such file or directory
===== 2026-09-09 21:40:01 上报结束 =====

===== 2026-09-09 21:41:02 开始上报 =====
/Users/zhengbangli/code/GoLearn/polaris/global-scheduler/cmd/report/run_crontab.sh: line 36: /var/folders/l2/1wpn5kpd0715sc20jc_g372h0000gn/T/report.XXXXXX.01P12VW7x6/report: No such file or directory
===== 2026-09-09 21:41:02 上报结束 =====

===== 2026-09-09 21:42:03 开始上报 =====
/Users/zhengbangli/code/GoLearn/polaris/global-scheduler/cmd/report/run_crontab.sh: line 36: /var/folders/l2/1wpn5kpd0715sc20jc_g372h0000gn/T/report.XXXXXX.01P12VW7x6/report: No such file or directory
===== 2026-09-09 21:42:03 上报结束 =====

===== 2026-09-09 21:43:04 开始上报 =====
/Users/zhengbangli/code/GoLearn/polaris/global-scheduler/cmd/report/run_crontab.sh: line 36: /var/folders/l2/1wpn5kpd0715sc20jc_g372h0000gn/T/report.XXXXXX.01P12VW7x6/report: No such file or directory
===== 2026-09-09 21:43:04 上报结束 =====

===== 2026-09-09 21:44:05 开始上报 =====
/Users/zhengbangli/code/GoLearn/polaris/global-scheduler/cmd/report/run_crontab.sh: line 36: /var/folders/l2/1wpn5kpd0715sc20jc_g372h0000gn/T/report.XXXXXX.01P12VW7x6/report: No such file or directory
===== 2026-09-09 21:44:05 上报结束 =====

===== 2026-09-09 21:45:06 开始上报 =====
/Users/zhengbangli/code/GoLearn/polaris/global-scheduler/cmd/report/run_crontab.sh: line 36: /var/folders/l2/1wpn5kpd0715sc20jc_g372h0000gn/T/report.XXXXXX.01P12VW7x6/report: No such file or directory
===== 2026-09-09 21:45:06 上报结束 =====

===== 2026-09-09 21:46:07 开始上报 =====
/Users/zhengbangli/code/GoLearn/polaris/global-scheduler/cmd/report/run_crontab.sh: line 36: /var/folders/l2/1wpn5kpd0715sc20jc_g372h0000gn/T/report.XXXXXX.01P12VW7x6/report: No such file or directory
===== 2026-09-09 21:46:07 上报结束 =====

===== 2026-09-09 21:47:08 开始上报 =====
/Users/zhengbangli/code/GoLearn/polaris/global-scheduler/cmd/report/run_crontab.sh: line 36: /var/folders/l2/1wpn5kpd0715sc20jc_g372h0000gn/T/report.XXXXXX.01P12VW7x6/report: No such file or directory
===== 2026-09-09 21:47:08 上报结束 =====

===== 2026-09-09 21:48:09 开始上报 =====
/Users/zhengbangli/code/GoLearn/polaris/global-scheduler/cmd/report/run_crontab.sh: line 36: /var/folders/l2/1wpn5kpd0715sc20jc_g372h0000gn/T/report.XXXXXX.01P12VW7x6/report: No such file or directory
===== 2026-09-09 21:48:09 上报结束 =====

===== 2026-09-09 21:49:10 开始上报 =====
/Users/zhengbangli/code/GoLearn/polaris/global-scheduler/cmd/report/run_crontab.sh: line 36: /var/folders/l2/1wpn5kpd0715sc20jc_g372h0000gn/T/report.XXXXXX.01P12VW7x6/report: No such file or directory
===== 2026-09-09 21:49:10 上报结束 =====

===== 2026-09-09 21:50:11 开始上报 =====
/Users/zhengbangli/code/GoLearn/polaris/global-scheduler/cmd/report/run_crontab.sh: line 36: /var/folders/l2/1wpn5kpd0715sc20jc_g372h0000gn/T/report.XXXXXX.01P12VW7x6/report: No such file or directory
===== 2026-09-09 21:50:11 上报结束 =====

===== 2026-09-09 21:51:12 开始上报 =====
/Users/zhengbangli/code/GoLearn/polaris/global-scheduler/cmd/report/run_crontab.sh: line 36: /var/folders/l2/1wpn5kpd0715sc20jc_g372h0000gn/T/report.XXXXXX.01P12VW7x6/report: No such file or directory
===== 2026-09-09 21:51:12 上报结束 =====

===== 2026-09-09 21:52:13 开始上报 =====
/Users/zhengbangli/code/GoLearn/polaris/global-scheduler/cmd/report/run_crontab.sh: line 36: /var/folders/l2/1wpn5kpd0715sc20jc_g372h0000gn/T/report.XXXXXX.01P12VW7x6/report: No such file or directory
===== 2026-09-09 21:52:13 上报结束 =====

===== 2026-09-09 21:53:14 开始上报 =====
/Users/zhengbangli/code/GoLearn/polaris/global-scheduler/cmd/report/run_crontab.sh: line 36: /var/folders/l2/1wpn5kpd0715sc20jc_g372h0000gn/T/report.XXXXXX.01P12VW7x6/report: No such file or directory
===== 2026-09-09 21:53:14 上报结束 =====

===== 2026-09-09 21:54:15 开始上报 =====
/Users/zhengbangli/code/GoLearn/polaris/global-scheduler/cmd/report/run_crontab.sh: line 36: /var/folders/l2/1wpn5kpd0715sc20jc_g372h0000gn/T/report.XXXXXX.01P12VW7x6/report: No such file or directory
===== 2026-09-09 21:54:15 上报结束 =====

===== 2026-09-09 21:55:16 开始上报 =====
/Users/zhengbangli/code/GoLearn/polaris/global-scheduler/cmd/report/run_crontab.sh: line 36: /var/folders/l2/1wpn5kpd0715sc20jc_g372h0000gn/T/report.XXXXXX.01P12VW7x6/report: No such file or directory
===== 2026-09-09 21:55:16 上报结束 =====

===== 2026-09-09 21:56:17 开始上报 =====
/Users/zhengbangli/code/GoLearn/polaris/global-scheduler/cmd/report/run_crontab.sh: line 36: /var/folders/l2/1wpn5kpd0715sc20jc_g372h0000gn/T/report.XXXXXX.01P12VW7x6/report: No such file or directory
===== 2026-09-09 21:56:17 上报结束 =====

===== 2026-09-09 21:57:18 开始上报 =====
/Users/zhengbangli/code/GoLearn/polaris/global-scheduler/cmd/report/run_crontab.sh: line 36: /var/folders/l2/1wpn5kpd0715sc20jc_g372h0000gn/T/report.XXXXXX.01P12VW7x6/report: No such file or directory
===== 2026-09-09 21:57:18 上报结束 =====

===== 2026-09-09 21:58:19 开始上报 =====
/Users/zhengbangli/code/GoLearn/polaris/global-scheduler/cmd/report/run_crontab.sh: line 36: /var/folders/l2/1wpn5kpd0715sc20jc_g372h0000gn/T/report.XXXXXX.01P12VW7x6/report: No such file or directory
===== 2026-09-09 21:58:19 上报结束 =====

===== 2026-09-09 21:59:20 开始上报 =====
/Users/zhengbangli/code/GoLearn/polaris/global-scheduler/cmd/report/run_crontab.sh: line 36: /var/folders/l2/1wpn5kpd0715sc20jc_g372h0000gn/T/report.XXXXXX.01P12VW7x6/report: No such file or directory
===== 2026-09-09 21:59:20 上报结束 =====

===== 2026-09-09 22:00:21 开始上报 =====
/Users/zhengbangli/code/GoLearn/polaris/global-scheduler/cmd/report/run_crontab.sh: line 36: /var/folders/l2/1wpn5kpd0715sc20jc_g372h0000gn/T/report.XXXXXX.01P12VW7x6/report: No such file or directory
===== 2026-09-09 22:00:21 上报结束 =====

===== 2026-09-09 22:01:22 开始上报 =====
/Users/zhengbangli/code/GoLearn/polaris/global-scheduler/cmd/report/run_crontab.sh: line 36: /var/folders/l2/1wpn5kpd0715sc20jc_g372h0000gn/T/report.XXXXXX.01P12VW7x6/report: No such file or directory
===== 2026-09-09 22:01:22 上报结束 =====

===== 2026-09-09 22:02:23 开始上报 =====
/Users/zhengbangli/code/GoLearn/polaris/global-scheduler/cmd/report/run_crontab.sh: line 36: /var/folders/l2/1wpn5kpd0715sc20jc_g372h0000gn/T/report.XXXXXX.01P12VW7x6/report: No such file or directory
===== 2026-09-09 22:02:23 上报结束 =====

===== 2026-09-09 22:03:24 开始上报 =====
/Users/zhengbangli/code/GoLearn/polaris/global-scheduler/cmd/report/run_crontab.sh: line 36: /var/folders/l2/1wpn5kpd0715sc20jc_g372h0000gn/T/report.XXXXXX.01P12VW7x6/report: No such file or directory
===== 2026-09-09 22:03:24 上报结束 =====

===== 2026-09-09 22:04:25 开始上报 =====
/Users/zhengbangli/code/GoLearn/polaris/global-scheduler/cmd/report/run_crontab.sh: line 36: /var/folders/l2/1wpn5kpd0715sc20jc_g372h0000gn/T/report.XXXXXX.01P12VW7x6/report: No such file or directory
===== 2026-09-09 22:04:25 上报结束 =====

===== 2026-09-09 22:05:26 开始上报 =====
/Users/zhengbangli/code/GoLearn/polaris/global-scheduler/cmd/report/run_crontab.sh: line 36: /var/folders/l2/1wpn5kpd0715sc20jc_g372h0000gn/T/report.XXXXXX.01P12VW7x6/report: No such file or directory
===== 2026-09-09 22:05:26 上报结束 =====

===== 2026-09-09 22:06:27 开始上报 =====
/Users/zhengbangli/code/GoLearn/polaris/global-scheduler/cmd/report/run_crontab.sh: line 36: /var/folders/l2/1wpn5kpd0715sc20jc_g372h0000gn/T/report.XXXXXX.01P12VW7x6/report: No such file or directory
===== 2026-09-09 22:06:27 上报结束 =====

===== 2026-09-09 22:07:28 开始上报 =====
/Users/zhengbangli/code/GoLearn/polaris/global-scheduler/cmd/report/run_crontab.sh: line 36: /var/folders/l2/1wpn5kpd0715sc20jc_g372h0000gn/T/report.XXXXXX.01P12VW7x6/report: No such file or directory
===== 2026-09-09 22:07:28 上报结束 =====

===== 2026-09-09 22:08:29 开始上报 =====
/Users/zhengbangli/code/GoLearn/polaris/global-scheduler/cmd/report/run_crontab.sh: line 36: /var/folders/l2/1wpn5kpd0715sc20jc_g372h0000gn/T/report.XXXXXX.01P12VW7x6/report: No such file or directory
===== 2026-09-09 22:08:29 上报结束 =====

===== 2026-09-09 22:09:30 开始上报 =====
/Users/zhengbangli/code/GoLearn/polaris/global-scheduler/cmd/report/run_crontab.sh: line 36: /var/folders/l2/1wpn5kpd0715sc20jc_g372h0000gn/T/report.XXXXXX.01P12VW7x6/report: No such file or directory
===== 2026-09-09 22:09:30 上报结束 =====

===== 2026-09-09 22:10:31 开始上报 =====
/Users/zhengbangli/code/GoLearn/polaris/global-scheduler/cmd/report/run_crontab.sh: line 36: /var/folders/l2/1wpn5kpd0715sc20jc_g372h0000gn/T/report.XXXXXX.01P12VW7x6/report: No such file or directory
===== 2026-09-09 22:10:31 上报结束 =====

===== 2026-09-09 22:11:32 开始上报 =====
/Users/zhengbangli/code/GoLearn/polaris/global-scheduler/cmd/report/run_crontab.sh: line 36: /var/folders/l2/1wpn5kpd0715sc20jc_g372h0000gn/T/report.XXXXXX.01P12VW7x6/report: No such file or directory
===== 2026-09-09 22:11:32 上报结束 =====

===== 2026-09-09 22:12:33 开始上报 =====
/Users/zhengbangli/code/GoLearn/polaris/global-scheduler/cmd/report/run_crontab.sh: line 36: /var/folders/l2/1wpn5kpd0715sc20jc_g372h0000gn/T/report.XXXXXX.01P12VW7x6/report: No such file or directory
===== 2026-09-09 22:12:33 上报结束 =====

===== 2026-09-09 22:13:34 开始上报 =====
/Users/zhengbangli/code/GoLearn/polaris/global-scheduler/cmd/report/run_crontab.sh: line 36: /var/folders/l2/1wpn5kpd0715sc20jc_g372h0000gn/T/report.XXXXXX.01P12VW7x6/report: No such file or directory
===== 2026-09-09 22:13:34 上报结束 =====

===== 2026-09-09 22:14:35 开始上报 =====
/Users/zhengbangli/code/GoLearn/polaris/global-scheduler/cmd/report/run_crontab.sh: line 36: /var/folders/l2/1wpn5kpd0715sc20jc_g372h0000gn/T/report.XXXXXX.01P12VW7x6/report: No such file or directory
===== 2026-09-09 22:14:35 上报结束 =====

===== 2026-09-09 22:15:36 开始上报 =====
/Users/zhengbangli/code/GoLearn/polaris/global-scheduler/cmd/report/run_crontab.sh: line 36: /var/folders/l2/1wpn5kpd0715sc20jc_g372h0000gn/T/report.XXXXXX.01P12VW7x6/report: No such file or directory
===== 2026-09-09 22:15:36 上报结束 =====

===== 2026-09-09 22:16:37 开始上报 =====
/Users/zhengbangli/code/GoLearn/polaris/global-scheduler/cmd/report/run_crontab.sh: line 36: /var/folders/l2/1wpn5kpd0715sc20jc_g372h0000gn/T/report.XXXXXX.01P12VW7x6/report: No such file or directory
===== 2026-09-09 22:16:37 上报结束 =====

===== 2026-09-09 22:17:38 开始上报 =====
/Users/zhengbangli/code/GoLearn/polaris/global-scheduler/cmd/report/run_crontab.sh: line 36: /var/folders/l2/1wpn5kpd0715sc20jc_g372h0000gn/T/report.XXXXXX.01P12VW7x6/report: No such file or directory
===== 2026-09-09 22:17:38 上报结束 =====

===== 2026-09-09 22:18:39 开始上报 =====
/Users/zhengbangli/code/GoLearn/polaris/global-scheduler/cmd/report/run_crontab.sh: line 36: /var/folders/l2/1wpn5kpd0715sc20jc_g372h0000gn/T/report.XXXXXX.01P12VW7x6/report: No such file or directory
===== 2026-09-09 22:18:39 上报结束 =====

===== 2026-09-09 22:19:40 开始上报 =====
/Users/zhengbangli/code/GoLearn/polaris/global-scheduler/cmd/report/run_crontab.sh: line 36: /var/folders/l2/1wpn5kpd0715sc20jc_g372h0000gn/T/report.XXXXXX.01P12VW7x6/report: No such file or directory
===== 2026-09-09 22:19:40 上报结束 =====

===== 2026-09-09 22:20:41 开始上报 =====
/Users/zhengbangli/code/GoLearn/polaris/global-scheduler/cmd/report/run_crontab.sh: line 36: /var/folders/l2/1wpn5kpd0715sc20jc_g372h0000gn/T/report.XXXXXX.01P12VW7x6/report: No such file or directory
===== 2026-09-09 22:20:41 上报结束 =====

===== 2026-09-09 22:21:42 开始上报 =====
/Users/zhengbangli/code/GoLearn/polaris/global-scheduler/cmd/report/run_crontab.sh: line 36: /var/folders/l2/1wpn5kpd0715sc20jc_g372h0000gn/T/report.XXXXXX.01P12VW7x6/report: No such file or directory
===== 2026-09-09 22:21:42 上报结束 =====

===== 2026-09-09 22:22:43 开始上报 =====
/Users/zhengbangli/code/GoLearn/polaris/global-scheduler/cmd/report/run_crontab.sh: line 36: /var/folders/l2/1wpn5kpd0715sc20jc_g372h0000gn/T/report.XXXXXX.01P12VW7x6/report: No such file or directory
===== 2026-09-09 22:22:43 上报结束 =====

===== 2026-09-09 22:23:44 开始上报 =====
/Users/zhengbangli/code/GoLearn/polaris/global-scheduler/cmd/report/run_crontab.sh: line 36: /var/folders/l2/1wpn5kpd0715sc20jc_g372h0000gn/T/report.XXXXXX.01P12VW7x6/report: No such file or directory
===== 2026-09-09 22:23:44 上报结束 =====

===== 2026-09-09 22:24:45 开始上报 =====
/Users/zhengbangli/code/GoLearn/polaris/global-scheduler/cmd/report/run_crontab.sh: line 36: /var/folders/l2/1wpn5kpd0715sc20jc_g372h0000gn/T/report.XXXXXX.01P12VW7x6/report: No such file or directory
===== 2026-09-09 22:24:45 上报结束 =====

===== 2026-09-09 22:25:46 开始上报 =====
/Users/zhengbangli/code/GoLearn/polaris/global-scheduler/cmd/report/run_crontab.sh: line 36: /var/folders/l2/1wpn5kpd0715sc20jc_g372h0000gn/T/report.XXXXXX.01P12VW7x6/report: No such file or directory
===== 2026-09-09 22:25:46 上报结束 =====

===== 2026-09-09 22:26:47 开始上报 =====
/Users/zhengbangli/code/GoLearn/polaris/global-scheduler/cmd/report/run_crontab.sh: line 36: /var/folders/l2/1wpn5kpd0715sc20jc_g372h0000gn/T/report.XXXXXX.01P12VW7x6/report: No such file or directory
===== 2026-09-09 22:26:47 上报结束 =====

===== 2026-09-09 22:27:48 开始上报 =====
/Users/zhengbangli/code/GoLearn/polaris/global-scheduler/cmd/report/run_crontab.sh: line 36: /var/folders/l2/1wpn5kpd0715sc20jc_g372h0000gn/T/report.XXXXXX.01P12VW7x6/report: No such file or directory
===== 2026-09-09 22:27:48 上报结束 =====

===== 2026-09-09 22:28:49 开始上报 =====
/Users/zhengbangli/code/GoLearn/polaris/global-scheduler/cmd/report/run_crontab.sh: line 36: /var/folders/l2/1wpn5kpd0715sc20jc_g372h0000gn/T/report.XXXXXX.01P12VW7x6/report: No such file or directory
===== 2026-09-09 22:28:49 上报结束 =====

===== 2026-09-09 22:29:50 开始上报 =====
/Users/zhengbangli/code/GoLearn/polaris/global-scheduler/cmd/report/run_crontab.sh: line 36: /var/folders/l2/1wpn5kpd0715sc20jc_g372h0000gn/T/report.XXXXXX.01P12VW7x6/report: No such file or directory
===== 2026-09-09 22:29:50 上报结束 =====

===== 2026-09-09 22:30:51 开始上报 =====
/Users/zhengbangli/code/GoLearn/polaris/global-scheduler/cmd/report/run_crontab.sh: line 36: /var/folders/l2/1wpn5kpd0715sc20jc_g372h0000gn/T/report.XXXXXX.01P12VW7x6/report: No such file or directory
===== 2026-09-09 22:30:51 上报结束 =====

===== 2026-09-09 22:31:52 开始上报 =====
/Users/zhengbangli/code/GoLearn/polaris/global-scheduler/cmd/report/run_crontab.sh: line 36: /var/folders/l2/1wpn5kpd0715sc20jc_g372h0000gn/T/report.XXXXXX.01P12VW7x6/report: No such file or directory
===== 2026-09-09 22:31:52 上报结束 =====

===== 2026-09-09 22:32:53 开始上报 =====
/Users/zhengbangli/code/GoLearn/polaris/global-scheduler/cmd/report/run_crontab.sh: line 36: /var/folders/l2/1wpn5kpd0715sc20jc_g372h0000gn/T/report.XXXXXX.01P12VW7x6/report: No such file or directory
===== 2026-09-09 22:32:53 上报结束 =====

===== 2026-09-09 22:33:54 开始上报 =====
/Users/zhengbangli/code/GoLearn/polaris/global-scheduler/cmd/report/run_crontab.sh: line 36: /var/folders/l2/1wpn5kpd0715sc20jc_g372h0000gn/T/report.XXXXXX.01P12VW7x6/report: No such file or directory
===== 2026-09-09 22:33:54 上报结束 =====

===== 2026-09-09 22:34:55 开始上报 =====
/Users/zhengbangli/code/GoLearn/polaris/global-scheduler/cmd/report/run_crontab.sh: line 36: /var/folders/l2/1wpn5kpd0715sc20jc_g372h0000gn/T/report.XXXXXX.01P12VW7x6/report: No such file or directory
===== 2026-09-09 22:34:55 上报结束 =====

===== 2026-09-09 22:35:56 开始上报 =====
/Users/zhengbangli/code/GoLearn/polaris/global-scheduler/cmd/report/run_crontab.sh: line 36: /var/folders/l2/1wpn5kpd0715sc20jc_g372h0000gn/T/report.XXXXXX.01P12VW7x6/report: No such file or directory
===== 2026-09-09 22:35:56 上报结束 =====

===== 2026-09-09 22:36:57 开始上报 =====
/Users/zhengbangli/code/GoLearn/polaris/global-scheduler/cmd/report/run_crontab.sh: line 36: /var/folders/l2/1wpn5kpd0715sc20jc_g372h0000gn/T/report.XXXXXX.01P12VW7x6/report: No such file or directory
===== 2026-09-09 22:36:57 上报结束 =====

===== 2026-09-09 22:37:58 开始上报 =====
/Users/zhengbangli/code/GoLearn/polaris/global-scheduler/cmd/report/run_crontab.sh: line 36: /var/folders/l2/1wpn5kpd0715sc20jc_g372h0000gn/T/report.XXXXXX.01P12VW7x6/report: No such file or directory
===== 2026-09-09 22:37:58 上报结束 =====

===== 2026-09-09 22:38:59 开始上报 =====
/Users/zhengbangli/code/GoLearn/polaris/global-scheduler/cmd/report/run_crontab.sh: line 36: /var/folders/l2/1wpn5kpd0715sc20jc_g372h0000gn/T/report.XXXXXX.01P12VW7x6/report: No such file or directory
===== 2026-09-09 22:38:59 上报结束 =====

===== 2026-09-09 22:39:59 开始上报 =====
/Users/zhengbangli/code/GoLearn/polaris/global-scheduler/cmd/report/run_crontab.sh: line 36: /var/folders/l2/1wpn5kpd0715sc20jc_g372h0000gn/T/report.XXXXXX.01P12VW7x6/report: No such file or directory
===== 2026-09-09 22:39:59 上报结束 =====

===== 2026-09-09 22:41:00 开始上报 =====
/Users/zhengbangli/code/GoLearn/polaris/global-scheduler/cmd/report/run_crontab.sh: line 36: /var/folders/l2/1wpn5kpd0715sc20jc_g372h0000gn/T/report.XXXXXX.01P12VW7x6/report: No such file or directory
===== 2026-09-09 22:41:00 上报结束 =====

===== 2026-09-09 22:42:01 开始上报 =====
/Users/zhengbangli/code/GoLearn/polaris/global-scheduler/cmd/report/run_crontab.sh: line 36: /var/folders/l2/1wpn5kpd0715sc20jc_g372h0000gn/T/report.XXXXXX.01P12VW7x6/report: No such file or directory
===== 2026-09-09 22:42:01 上报结束 =====

===== 2026-09-09 22:43:02 开始上报 =====
/Users/zhengbangli/code/GoLearn/polaris/global-scheduler/cmd/report/run_crontab.sh: line 36: /var/folders/l2/1wpn5kpd0715sc20jc_g372h0000gn/T/report.XXXXXX.01P12VW7x6/report: No such file or directory
===== 2026-09-09 22:43:02 上报结束 =====

===== 2026-09-09 22:44:03 开始上报 =====
/Users/zhengbangli/code/GoLearn/polaris/global-scheduler/cmd/report/run_crontab.sh: line 36: /var/folders/l2/1wpn5kpd0715sc20jc_g372h0000gn/T/report.XXXXXX.01P12VW7x6/report: No such file or directory
===== 2026-09-09 22:44:03 上报结束 =====

===== 2026-09-09 22:45:04 开始上报 =====
/Users/zhengbangli/code/GoLearn/polaris/global-scheduler/cmd/report/run_crontab.sh: line 36: /var/folders/l2/1wpn5kpd0715sc20jc_g372h0000gn/T/report.XXXXXX.01P12VW7x6/report: No such file or directory
===== 2026-09-09 22:45:04 上报结束 =====

===== 2026-09-09 22:46:05 开始上报 =====
/Users/zhengbangli/code/GoLearn/polaris/global-scheduler/cmd/report/run_crontab.sh: line 36: /var/folders/l2/1wpn5kpd0715sc20jc_g372h0000gn/T/report.XXXXXX.01P12VW7x6/report: No such file or directory
===== 2026-09-09 22:46:05 上报结束 =====

===== 2026-09-09 22:47:06 开始上报 =====
/Users/zhengbangli/code/GoLearn/polaris/global-scheduler/cmd/report/run_crontab.sh: line 36: /var/folders/l2/1wpn5kpd0715sc20jc_g372h0000gn/T/report.XXXXXX.01P12VW7x6/report: No such file or directory
===== 2026-09-09 22:47:06 上报结束 =====

===== 2026-09-09 22:48:07 开始上报 =====
/Users/zhengbangli/code/GoLearn/polaris/global-scheduler/cmd/report/run_crontab.sh: line 36: /var/folders/l2/1wpn5kpd0715sc20jc_g372h0000gn/T/report.XXXXXX.01P12VW7x6/report: No such file or directory
===== 2026-09-09 22:48:07 上报结束 =====

===== 2026-09-09 22:49:08 开始上报 =====
/Users/zhengbangli/code/GoLearn/polaris/global-scheduler/cmd/report/run_crontab.sh: line 36: /var/folders/l2/1wpn5kpd0715sc20jc_g372h0000gn/T/report.XXXXXX.01P12VW7x6/report: No such file or directory
===== 2026-09-09 22:49:08 上报结束 =====

===== 2026-09-09 22:50:09 开始上报 =====
/Users/zhengbangli/code/GoLearn/polaris/global-scheduler/cmd/report/run_crontab.sh: line 36: /var/folders/l2/1wpn5kpd0715sc20jc_g372h0000gn/T/report.XXXXXX.01P12VW7x6/report: No such file or directory
===== 2026-09-09 22:50:09 上报结束 =====

===== 2026-09-09 22:51:10 开始上报 =====
/Users/zhengbangli/code/GoLearn/polaris/global-scheduler/cmd/report/run_crontab.sh: line 36: /var/folders/l2/1wpn5kpd0715sc20jc_g372h0000gn/T/report.XXXXXX.01P12VW7x6/report: No such file or directory
===== 2026-09-09 22:51:10 上报结束 =====

===== 2026-09-09 22:52:11 开始上报 =====
/Users/zhengbangli/code/GoLearn/polaris/global-scheduler/cmd/report/run_crontab.sh: line 36: /var/folders/l2/1wpn5kpd0715sc20jc_g372h0000gn/T/report.XXXXXX.01P12VW7x6/report: No such file or directory
===== 2026-09-09 22:52:11 上报结束 =====

===== 2026-09-09 22:53:12 开始上报 =====
/Users/zhengbangli/code/GoLearn/polaris/global-scheduler/cmd/report/run_crontab.sh: line 36: /var/folders/l2/1wpn5kpd0715sc20jc_g372h0000gn/T/report.XXXXXX.01P12VW7x6/report: No such file or directory
===== 2026-09-09 22:53:12 上报结束 =====

===== 2026-09-09 22:54:13 开始上报 =====
/Users/zhengbangli/code/GoLearn/polaris/global-scheduler/cmd/report/run_crontab.sh: line 36: /var/folders/l2/1wpn5kpd0715sc20jc_g372h0000gn/T/report.XXXXXX.01P12VW7x6/report: No such file or directory
===== 2026-09-09 22:54:13 上报结束 =====

===== 2026-09-09 22:55:14 开始上报 =====
/Users/zhengbangli/code/GoLearn/polaris/global-scheduler/cmd/report/run_crontab.sh: line 36: /var/folders/l2/1wpn5kpd0715sc20jc_g372h0000gn/T/report.XXXXXX.01P12VW7x6/report: No such file or directory
===== 2026-09-09 22:55:14 上报结束 =====

===== 2026-09-09 22:56:15 开始上报 =====
/Users/zhengbangli/code/GoLearn/polaris/global-scheduler/cmd/report/run_crontab.sh: line 36: /var/folders/l2/1wpn5kpd0715sc20jc_g372h0000gn/T/report.XXXXXX.01P12VW7x6/report: No such file or directory
===== 2026-09-09 22:56:15 上报结束 =====

===== 2026-09-09 22:57:16 开始上报 =====
/Users/zhengbangli/code/GoLearn/polaris/global-scheduler/cmd/report/run_crontab.sh: line 36: /var/folders/l2/1wpn5kpd0715sc20jc_g372h0000gn/T/report.XXXXXX.01P12VW7x6/report: No such file or directory
===== 2026-09-09 22:57:16 上报结束 =====

===== 2026-09-09 22:58:17 开始上报 =====
/Users/zhengbangli/code/GoLearn/polaris/global-scheduler/cmd/report/run_crontab.sh: line 36: /var/folders/l2/1wpn5kpd0715sc20jc_g372h0000gn/T/report.XXXXXX.01P12VW7x6/report: No such file or directory
===== 2026-09-09 22:58:17 上报结束 =====

===== 2026-09-09 22:59:18 开始上报 =====
/Users/zhengbangli/code/GoLearn/polaris/global-scheduler/cmd/report/run_crontab.sh: line 36: /var/folders/l2/1wpn5kpd0715sc20jc_g372h0000gn/T/report.XXXXXX.01P12VW7x6/report: No such file or directory
===== 2026-09-09 22:59:18 上报结束 =====

===== 2026-09-09 23:00:19 开始上报 =====
/Users/zhengbangli/code/GoLearn/polaris/global-scheduler/cmd/report/run_crontab.sh: line 36: /var/folders/l2/1wpn5kpd0715sc20jc_g372h0000gn/T/report.XXXXXX.01P12VW7x6/report: No such file or directory
===== 2026-09-09 23:00:19 上报结束 =====

===== 2026-09-09 23:01:20 开始上报 =====
/Users/zhengbangli/code/GoLearn/polaris/global-scheduler/cmd/report/run_crontab.sh: line 36: /var/folders/l2/1wpn5kpd0715sc20jc_g372h0000gn/T/report.XXXXXX.01P12VW7x6/report: No such file or directory
===== 2026-09-09 23:01:20 上报结束 =====

===== 2026-09-09 23:02:21 开始上报 =====
/Users/zhengbangli/code/GoLearn/polaris/global-scheduler/cmd/report/run_crontab.sh: line 36: /var/folders/l2/1wpn5kpd0715sc20jc_g372h0000gn/T/report.XXXXXX.01P12VW7x6/report: No such file or directory
===== 2026-09-09 23:02:21 上报结束 =====

===== 2026-09-09 23:03:22 开始上报 =====
/Users/zhengbangli/code/GoLearn/polaris/global-scheduler/cmd/report/run_crontab.sh: line 36: /var/folders/l2/1wpn5kpd0715sc20jc_g372h0000gn/T/report.XXXXXX.01P12VW7x6/report: No such file or directory
===== 2026-09-09 23:03:22 上报结束 =====

===== 2026-09-09 23:04:23 开始上报 =====
/Users/zhengbangli/code/GoLearn/polaris/global-scheduler/cmd/report/run_crontab.sh: line 36: /var/folders/l2/1wpn5kpd0715sc20jc_g372h0000gn/T/report.XXXXXX.01P12VW7x6/report: No such file or directory
===== 2026-09-09 23:04:23 上报结束 =====

===== 2026-09-09 23:05:24 开始上报 =====
/Users/zhengbangli/code/GoLearn/polaris/global-scheduler/cmd/report/run_crontab.sh: line 36: /var/folders/l2/1wpn5kpd0715sc20jc_g372h0000gn/T/report.XXXXXX.01P12VW7x6/report: No such file or directory
===== 2026-09-09 23:05:24 上报结束 =====

===== 2026-09-09 23:06:25 开始上报 =====
/Users/zhengbangli/code/GoLearn/polaris/global-scheduler/cmd/report/run_crontab.sh: line 36: /var/folders/l2/1wpn5kpd0715sc20jc_g372h0000gn/T/report.XXXXXX.01P12VW7x6/report: No such file or directory
===== 2026-09-09 23:06:25 上报结束 =====

===== 2026-09-09 23:07:26 开始上报 =====
/Users/zhengbangli/code/GoLearn/polaris/global-scheduler/cmd/report/run_crontab.sh: line 36: /var/folders/l2/1wpn5kpd0715sc20jc_g372h0000gn/T/report.XXXXXX.01P12VW7x6/report: No such file or directory
===== 2026-09-09 23:07:26 上报结束 =====

===== 2026-09-09 23:08:27 开始上报 =====
/Users/zhengbangli/code/GoLearn/polaris/global-scheduler/cmd/report/run_crontab.sh: line 36: /var/folders/l2/1wpn5kpd0715sc20jc_g372h0000gn/T/report.XXXXXX.01P12VW7x6/report: No such file or directory
===== 2026-09-09 23:08:27 上报结束 =====

===== 2026-09-09 23:09:28 开始上报 =====
/Users/zhengbangli/code/GoLearn/polaris/global-scheduler/cmd/report/run_crontab.sh: line 36: /var/folders/l2/1wpn5kpd0715sc20jc_g372h0000gn/T/report.XXXXXX.01P12VW7x6/report: No such file or directory
===== 2026-09-09 23:09:28 上报结束 =====

===== 2026-09-09 23:10:29 开始上报 =====
/Users/zhengbangli/code/GoLearn/polaris/global-scheduler/cmd/report/run_crontab.sh: line 36: /var/folders/l2/1wpn5kpd0715sc20jc_g372h0000gn/T/report.XXXXXX.01P12VW7x6/report: No such file or directory
===== 2026-09-09 23:10:29 上报结束 =====

===== 2026-09-09 23:11:30 开始上报 =====
/Users/zhengbangli/code/GoLearn/polaris/global-scheduler/cmd/report/run_crontab.sh: line 36: /var/folders/l2/1wpn5kpd0715sc20jc_g372h0000gn/T/report.XXXXXX.01P12VW7x6/report: No such file or directory
===== 2026-09-09 23:11:30 上报结束 =====

===== 2026-09-09 23:12:31 开始上报 =====
/Users/zhengbangli/code/GoLearn/polaris/global-scheduler/cmd/report/run_crontab.sh: line 36: /var/folders/l2/1wpn5kpd0715sc20jc_g372h0000gn/T/report.XXXXXX.01P12VW7x6/report: No such file or directory
===== 2026-09-09 23:12:31 上报结束 =====

===== 2026-09-09 23:13:32 开始上报 =====
/Users/zhengbangli/code/GoLearn/polaris/global-scheduler/cmd/report/run_crontab.sh: line 36: /var/folders/l2/1wpn5kpd0715sc20jc_g372h0000gn/T/report.XXXXXX.01P12VW7x6/report: No such file or directory
===== 2026-09-09 23:13:32 上报结束 =====

===== 2026-09-09 23:14:33 开始上报 =====
/Users/zhengbangli/code/GoLearn/polaris/global-scheduler/cmd/report/run_crontab.sh: line 36: /var/folders/l2/1wpn5kpd0715sc20jc_g372h0000gn/T/report.XXXXXX.01P12VW7x6/report: No such file or directory
===== 2026-09-09 23:14:33 上报结束 =====

===== 2026-09-09 23:15:34 开始上报 =====
/Users/zhengbangli/code/GoLearn/polaris/global-scheduler/cmd/report/run_crontab.sh: line 36: /var/folders/l2/1wpn5kpd0715sc20jc_g372h0000gn/T/report.XXXXXX.01P12VW7x6/report: No such file or directory
===== 2026-09-09 23:15:34 上报结束 =====

===== 2026-09-09 23:16:35 开始上报 =====
/Users/zhengbangli/code/GoLearn/polaris/global-scheduler/cmd/report/run_crontab.sh: line 36: /var/folders/l2/1wpn5kpd0715sc20jc_g372h0000gn/T/report.XXXXXX.01P12VW7x6/report: No such file or directory
===== 2026-09-09 23:16:35 上报结束 =====

===== 2026-09-09 23:17:36 开始上报 =====
/Users/zhengbangli/code/GoLearn/polaris/global-scheduler/cmd/report/run_crontab.sh: line 36: /var/folders/l2/1wpn5kpd0715sc20jc_g372h0000gn/T/report.XXXXXX.01P12VW7x6/report: No such file or directory
===== 2026-09-09 23:17:36 上报结束 =====

===== 2026-09-09 23:18:36 开始上报 =====
/Users/zhengbangli/code/GoLearn/polaris/global-scheduler/cmd/report/run_crontab.sh: line 36: /var/folders/l2/1wpn5kpd0715sc20jc_g372h0000gn/T/report.XXXXXX.01P12VW7x6/report: No such file or directory
===== 2026-09-09 23:18:37 上报结束 =====

===== 2026-09-09 23:19:37 开始上报 =====
/Users/zhengbangli/code/GoLearn/polaris/global-scheduler/cmd/report/run_crontab.sh: line 36: /var/folders/l2/1wpn5kpd0715sc20jc_g372h0000gn/T/report.XXXXXX.01P12VW7x6/report: No such file or directory
===== 2026-09-09 23:19:37 上报结束 =====

===== 2026-09-09 23:20:38 开始上报 =====
/Users/zhengbangli/code/GoLearn/polaris/global-scheduler/cmd/report/run_crontab.sh: line 36: /var/folders/l2/1wpn5kpd0715sc20jc_g372h0000gn/T/report.XXXXXX.01P12VW7x6/report: No such file or directory
===== 2026-09-09 23:20:38 上报结束 =====

===== 2026-09-09 23:21:39 开始上报 =====
/Users/zhengbangli/code/GoLearn/polaris/global-scheduler/cmd/report/run_crontab.sh: line 36: /var/folders/l2/1wpn5kpd0715sc20jc_g372h0000gn/T/report.XXXXXX.01P12VW7x6/report: No such file or directory
===== 2026-09-09 23:21:39 上报结束 =====

===== 2026-09-09 23:22:40 开始上报 =====
/Users/zhengbangli/code/GoLearn/polaris/global-scheduler/cmd/report/run_crontab.sh: line 36: /var/folders/l2/1wpn5kpd0715sc20jc_g372h0000gn/T/report.XXXXXX.01P12VW7x6/report: No such file or directory
===== 2026-09-09 23:22:40 上报结束 =====

===== 2026-09-09 23:23:41 开始上报 =====
/Users/zhengbangli/code/GoLearn/polaris/global-scheduler/cmd/report/run_crontab.sh: line 36: /var/folders/l2/1wpn5kpd0715sc20jc_g372h0000gn/T/report.XXXXXX.01P12VW7x6/report: No such file or directory
===== 2026-09-09 23:23:41 上报结束 =====

===== 2026-09-09 23:24:42 开始上报 =====
/Users/zhengbangli/code/GoLearn/polaris/global-scheduler/cmd/report/run_crontab.sh: line 36: /var/folders/l2/1wpn5kpd0715sc20jc_g372h0000gn/T/report.XXXXXX.01P12VW7x6/report: No such file or directory
===== 2026-09-09 23:24:42 上报结束 =====

===== 2026-09-09 23:25:43 开始上报 =====
/Users/zhengbangli/code/GoLearn/polaris/global-scheduler/cmd/report/run_crontab.sh: line 36: /var/folders/l2/1wpn5kpd0715sc20jc_g372h0000gn/T/report.XXXXXX.01P12VW7x6/report: No such file or directory
===== 2026-09-09 23:25:43 上报结束 =====

===== 2026-09-09 23:26:44 开始上报 =====
/Users/zhengbangli/code/GoLearn/polaris/global-scheduler/cmd/report/run_crontab.sh: line 36: /var/folders/l2/1wpn5kpd0715sc20jc_g372h0000gn/T/report.XXXXXX.01P12VW7x6/report: No such file or directory
===== 2026-09-09 23:26:44 上报结束 =====

===== 2026-09-09 23:27:45 开始上报 =====
/Users/zhengbangli/code/GoLearn/polaris/global-scheduler/cmd/report/run_crontab.sh: line 36: /var/folders/l2/1wpn5kpd0715sc20jc_g372h0000gn/T/report.XXXXXX.01P12VW7x6/report: No such file or directory
===== 2026-09-09 23:27:45 上报结束 =====

===== 2026-09-09 23:28:46 开始上报 =====
/Users/zhengbangli/code/GoLearn/polaris/global-scheduler/cmd/report/run_crontab.sh: line 36: /var/folders/l2/1wpn5kpd0715sc20jc_g372h0000gn/T/report.XXXXXX.01P12VW7x6/report: No such file or directory
===== 2026-09-09 23:28:46 上报结束 =====

===== 2026-09-09 23:29:47 开始上报 =====
/Users/zhengbangli/code/GoLearn/polaris/global-scheduler/cmd/report/run_crontab.sh: line 36: /var/folders/l2/1wpn5kpd0715sc20jc_g372h0000gn/T/report.XXXXXX.01P12VW7x6/report: No such file or directory
===== 2026-09-09 23:29:47 上报结束 =====

===== 2026-09-09 23:30:48 开始上报 =====
/Users/zhengbangli/code/GoLearn/polaris/global-scheduler/cmd/report/run_crontab.sh: line 36: /var/folders/l2/1wpn5kpd0715sc20jc_g372h0000gn/T/report.XXXXXX.01P12VW7x6/report: No such file or directory
===== 2026-09-09 23:30:48 上报结束 =====

===== 2026-09-09 23:31:49 开始上报 =====
/Users/zhengbangli/code/GoLearn/polaris/global-scheduler/cmd/report/run_crontab.sh: line 36: /var/folders/l2/1wpn5kpd0715sc20jc_g372h0000gn/T/report.XXXXXX.01P12VW7x6/report: No such file or directory
===== 2026-09-09 23:31:49 上报结束 =====

===== 2026-09-09 23:32:50 开始上报 =====
/Users/zhengbangli/code/GoLearn/polaris/global-scheduler/cmd/report/run_crontab.sh: line 36: /var/folders/l2/1wpn5kpd0715sc20jc_g372h0000gn/T/report.XXXXXX.01P12VW7x6/report: No such file or directory
===== 2026-09-09 23:32:50 上报结束 =====

===== 2026-09-09 23:33:51 开始上报 =====
/Users/zhengbangli/code/GoLearn/polaris/global-scheduler/cmd/report/run_crontab.sh: line 36: /var/folders/l2/1wpn5kpd0715sc20jc_g372h0000gn/T/report.XXXXXX.01P12VW7x6/report: No such file or directory
===== 2026-09-09 23:33:51 上报结束 =====

===== 2026-09-09 23:34:52 开始上报 =====
/Users/zhengbangli/code/GoLearn/polaris/global-scheduler/cmd/report/run_crontab.sh: line 36: /var/folders/l2/1wpn5kpd0715sc20jc_g372h0000gn/T/report.XXXXXX.01P12VW7x6/report: No such file or directory
===== 2026-09-09 23:34:52 上报结束 =====

===== 2026-09-09 23:35:53 开始上报 =====
/Users/zhengbangli/code/GoLearn/polaris/global-scheduler/cmd/report/run_crontab.sh: line 36: /var/folders/l2/1wpn5kpd0715sc20jc_g372h0000gn/T/report.XXXXXX.01P12VW7x6/report: No such file or directory
===== 2026-09-09 23:35:53 上报结束 =====

===== 2026-09-09 23:36:54 开始上报 =====
/Users/zhengbangli/code/GoLearn/polaris/global-scheduler/cmd/report/run_crontab.sh: line 36: /var/folders/l2/1wpn5kpd0715sc20jc_g372h0000gn/T/report.XXXXXX.01P12VW7x6/report: No such file or directory
===== 2026-09-09 23:36:54 上报结束 =====

===== 2026-09-09 23:37:55 开始上报 =====
/Users/zhengbangli/code/GoLearn/polaris/global-scheduler/cmd/report/run_crontab.sh: line 36: /var/folders/l2/1wpn5kpd0715sc20jc_g372h0000gn/T/report.XXXXXX.01P12VW7x6/report: No such file or directory
===== 2026-09-09 23:37:55 上报结束 =====

===== 2026-09-09 23:38:56 开始上报 =====
/Users/zhengbangli/code/GoLearn/polaris/global-scheduler/cmd/report/run_crontab.sh: line 36: /var/folders/l2/1wpn5kpd0715sc20jc_g372h0000gn/T/report.XXXXXX.01P12VW7x6/report: No such file or directory
===== 2026-09-09 23:38:56 上报结束 =====

===== 2026-09-09 23:39:57 开始上报 =====
/Users/zhengbangli/code/GoLearn/polaris/global-scheduler/cmd/report/run_crontab.sh: line 36: /var/folders/l2/1wpn5kpd0715sc20jc_g372h0000gn/T/report.XXXXXX.01P12VW7x6/report: No such file or directory
===== 2026-09-09 23:39:57 上报结束 =====

===== 2026-09-09 23:40:58 开始上报 =====
/Users/zhengbangli/code/GoLearn/polaris/global-scheduler/cmd/report/run_crontab.sh: line 36: /var/folders/l2/1wpn5kpd0715sc20jc_g372h0000gn/T/report.XXXXXX.01P12VW7x6/report: No such file or directory
===== 2026-09-09 23:40:58 上报结束 =====

===== 2026-09-09 23:41:59 开始上报 =====
/Users/zhengbangli/code/GoLearn/polaris/global-scheduler/cmd/report/run_crontab.sh: line 36: /var/folders/l2/1wpn5kpd0715sc20jc_g372h0000gn/T/report.XXXXXX.01P12VW7x6/report: No such file or directory
===== 2026-09-09 23:41:59 上报结束 =====

===== 2026-09-09 23:43:00 开始上报 =====
/Users/zhengbangli/code/GoLearn/polaris/global-scheduler/cmd/report/run_crontab.sh: line 36: /var/folders/l2/1wpn5kpd0715sc20jc_g372h0000gn/T/report.XXXXXX.01P12VW7x6/report: No such file or directory
===== 2026-09-09 23:43:00 上报结束 =====

===== 2026-09-09 23:44:01 开始上报 =====
/Users/zhengbangli/code/GoLearn/polaris/global-scheduler/cmd/report/run_crontab.sh: line 36: /var/folders/l2/1wpn5kpd0715sc20jc_g372h0000gn/T/report.XXXXXX.01P12VW7x6/report: No such file or directory
===== 2026-09-09 23:44:01 上报结束 =====

===== 2026-09-09 23:45:02 开始上报 =====
/Users/zhengbangli/code/GoLearn/polaris/global-scheduler/cmd/report/run_crontab.sh: line 36: /var/folders/l2/1wpn5kpd0715sc20jc_g372h0000gn/T/report.XXXXXX.01P12VW7x6/report: No such file or directory
===== 2026-09-09 23:45:02 上报结束 =====

===== 2026-09-09 23:46:03 开始上报 =====
/Users/zhengbangli/code/GoLearn/polaris/global-scheduler/cmd/report/run_crontab.sh: line 36: /var/folders/l2/1wpn5kpd0715sc20jc_g372h0000gn/T/report.XXXXXX.01P12VW7x6/report: No such file or directory
===== 2026-09-09 23:46:03 上报结束 =====

===== 2026-09-09 23:47:04 开始上报 =====
/Users/zhengbangli/code/GoLearn/polaris/global-scheduler/cmd/report/run_crontab.sh: line 36: /var/folders/l2/1wpn5kpd0715sc20jc_g372h0000gn/T/report.XXXXXX.01P12VW7x6/report: No such file or directory
===== 2026-09-09 23:47:04 上报结束 =====

===== 2026-09-09 23:48:05 开始上报 =====
/Users/zhengbangli/code/GoLearn/polaris/global-scheduler/cmd/report/run_crontab.sh: line 36: /var/folders/l2/1wpn5kpd0715sc20jc_g372h0000gn/T/report.XXXXXX.01P12VW7x6/report: No such file or directory
===== 2026-09-09 23:48:05 上报结束 =====

===== 2026-09-09 23:49:06 开始上报 =====
/Users/zhengbangli/code/GoLearn/polaris/global-scheduler/cmd/report/run_crontab.sh: line 36: /var/folders/l2/1wpn5kpd0715sc20jc_g372h0000gn/T/report.XXXXXX.01P12VW7x6/report: No such file or directory
===== 2026-09-09 23:49:06 上报结束 =====

===== 2026-09-09 23:50:07 开始上报 =====
/Users/zhengbangli/code/GoLearn/polaris/global-scheduler/cmd/report/run_crontab.sh: line 36: /var/folders/l2/1wpn5kpd0715sc20jc_g372h0000gn/T/report.XXXXXX.01P12VW7x6/report: No such file or directory
===== 2026-09-09 23:50:07 上报结束 =====

===== 2026-09-09 23:51:08 开始上报 =====
/Users/zhengbangli/code/GoLearn/polaris/global-scheduler/cmd/report/run_crontab.sh: line 36: /var/folders/l2/1wpn5kpd0715sc20jc_g372h0000gn/T/report.XXXXXX.01P12VW7x6/report: No such file or directory
===== 2026-09-09 23:51:08 上报结束 =====

===== 2026-09-09 23:52:09 开始上报 =====
/Users/zhengbangli/code/GoLearn/polaris/global-scheduler/cmd/report/run_crontab.sh: line 36: /var/folders/l2/1wpn5kpd0715sc20jc_g372h0000gn/T/report.XXXXXX.01P12VW7x6/report: No such file or directory
===== 2026-09-09 23:52:09 上报结束 =====

===== 2026-09-09 23:53:10 开始上报 =====
/Users/zhengbangli/code/GoLearn/polaris/global-scheduler/cmd/report/run_crontab.sh: line 36: /var/folders/l2/1wpn5kpd0715sc20jc_g372h0000gn/T/report.XXXXXX.01P12VW7x6/report: No such file or directory
===== 2026-09-09 23:53:10 上报结束 =====

===== 2026-09-09 23:54:11 开始上报 =====
/Users/zhengbangli/code/GoLearn/polaris/global-scheduler/cmd/report/run_crontab.sh: line 36: /var/folders/l2/1wpn5kpd0715sc20jc_g372h0000gn/T/report.XXXXXX.01P12VW7x6/report: No such file or directory
===== 2026-09-09 23:54:11 上报结束 =====

===== 2026-09-09 23:55:12 开始上报 =====
/Users/zhengbangli/code/GoLearn/polaris/global-scheduler/cmd/report/run_crontab.sh: line 36: /var/folders/l2/1wpn5kpd0715sc20jc_g372h0000gn/T/report.XXXXXX.01P12VW7x6/report: No such file or directory
===== 2026-09-09 23:55:12 上报结束 =====

===== 2026-09-09 23:56:13 开始上报 =====
/Users/zhengbangli/code/GoLearn/polaris/global-scheduler/cmd/report/run_crontab.sh: line 36: /var/folders/l2/1wpn5kpd0715sc20jc_g372h0000gn/T/report.XXXXXX.01P12VW7x6/report: No such file or directory
===== 2026-09-09 23:56:13 上报结束 =====

===== 2026-09-09 23:57:14 开始上报 =====
/Users/zhengbangli/code/GoLearn/polaris/global-scheduler/cmd/report/run_crontab.sh: line 36: /var/folders/l2/1wpn5kpd0715sc20jc_g372h0000gn/T/report.XXXXXX.01P12VW7x6/report: No such file or directory
===== 2026-09-09 23:57:14 上报结束 =====

===== 2026-09-09 23:58:15 开始上报 =====
/Users/zhengbangli/code/GoLearn/polaris/global-scheduler/cmd/report/run_crontab.sh: line 36: /var/folders/l2/1wpn5kpd0715sc20jc_g372h0000gn/T/report.XXXXXX.01P12VW7x6/report: No such file or directory
===== 2026-09-09 23:58:15 上报结束 =====

===== 2026-09-09 23:59:16 开始上报 =====
/Users/zhengbangli/code/GoLearn/polaris/global-scheduler/cmd/report/run_crontab.sh: line 36: /var/folders/l2/1wpn5kpd0715sc20jc_g372h0000gn/T/report.XXXXXX.01P12VW7x6/report: No such file or directory
===== 2026-09-09 23:59:16 上报结束 =====

===== 2026-09-10 00:00:17 开始上报 =====
/Users/zhengbangli/code/GoLearn/polaris/global-scheduler/cmd/report/run_crontab.sh: line 36: /var/folders/l2/1wpn5kpd0715sc20jc_g372h0000gn/T/report.XXXXXX.01P12VW7x6/report: No such file or directory
===== 2026-09-10 00:00:17 上报结束 =====

===== 2026-09-10 00:01:18 开始上报 =====
/Users/zhengbangli/code/GoLearn/polaris/global-scheduler/cmd/report/run_crontab.sh: line 36: /var/folders/l2/1wpn5kpd0715sc20jc_g372h0000gn/T/report.XXXXXX.01P12VW7x6/report: No such file or directory
===== 2026-09-10 00:01:18 上报结束 =====

===== 2026-09-10 00:02:19 开始上报 =====
/Users/zhengbangli/code/GoLearn/polaris/global-scheduler/cmd/report/run_crontab.sh: line 36: /var/folders/l2/1wpn5kpd0715sc20jc_g372h0000gn/T/report.XXXXXX.01P12VW7x6/report: No such file or directory
===== 2026-09-10 00:02:19 上报结束 =====

===== 2026-09-10 00:03:20 开始上报 =====
/Users/zhengbangli/code/GoLearn/polaris/global-scheduler/cmd/report/run_crontab.sh: line 36: /var/folders/l2/1wpn5kpd0715sc20jc_g372h0000gn/T/report.XXXXXX.01P12VW7x6/report: No such file or directory
===== 2026-09-10 00:03:20 上报结束 =====

===== 2026-09-10 00:04:21 开始上报 =====
/Users/zhengbangli/code/GoLearn/polaris/global-scheduler/cmd/report/run_crontab.sh: line 36: /var/folders/l2/1wpn5kpd0715sc20jc_g372h0000gn/T/report.XXXXXX.01P12VW7x6/report: No such file or directory
===== 2026-09-10 00:04:21 上报结束 =====

===== 2026-09-10 00:05:22 开始上报 =====
/Users/zhengbangli/code/GoLearn/polaris/global-scheduler/cmd/report/run_crontab.sh: line 36: /var/folders/l2/1wpn5kpd0715sc20jc_g372h0000gn/T/report.XXXXXX.01P12VW7x6/report: No such file or directory
===== 2026-09-10 00:05:22 上报结束 =====

===== 2026-09-10 00:06:23 开始上报 =====
/Users/zhengbangli/code/GoLearn/polaris/global-scheduler/cmd/report/run_crontab.sh: line 36: /var/folders/l2/1wpn5kpd0715sc20jc_g372h0000gn/T/report.XXXXXX.01P12VW7x6/report: No such file or directory
===== 2026-09-10 00:06:23 上报结束 =====

===== 2026-09-10 00:07:24 开始上报 =====
/Users/zhengbangli/code/GoLearn/polaris/global-scheduler/cmd/report/run_crontab.sh: line 36: /var/folders/l2/1wpn5kpd0715sc20jc_g372h0000gn/T/report.XXXXXX.01P12VW7x6/report: No such file or directory
===== 2026-09-10 00:07:24 上报结束 =====

===== 2026-09-10 00:08:25 开始上报 =====
/Users/zhengbangli/code/GoLearn/polaris/global-scheduler/cmd/report/run_crontab.sh: line 36: /var/folders/l2/1wpn5kpd0715sc20jc_g372h0000gn/T/report.XXXXXX.01P12VW7x6/report: No such file or directory
===== 2026-09-10 00:08:25 上报结束 =====

===== 2026-09-10 00:09:26 开始上报 =====
/Users/zhengbangli/code/GoLearn/polaris/global-scheduler/cmd/report/run_crontab.sh: line 36: /var/folders/l2/1wpn5kpd0715sc20jc_g372h0000gn/T/report.XXXXXX.01P12VW7x6/report: No such file or directory
===== 2026-09-10 00:09:26 上报结束 =====

===== 2026-09-10 00:10:27 开始上报 =====
/Users/zhengbangli/code/GoLearn/polaris/global-scheduler/cmd/report/run_crontab.sh: line 36: /var/folders/l2/1wpn5kpd0715sc20jc_g372h0000gn/T/report.XXXXXX.01P12VW7x6/report: No such file or directory
===== 2026-09-10 00:10:27 上报结束 =====

===== 2026-09-10 00:11:28 开始上报 =====
/Users/zhengbangli/code/GoLearn/polaris/global-scheduler/cmd/report/run_crontab.sh: line 36: /var/folders/l2/1wpn5kpd0715sc20jc_g372h0000gn/T/report.XXXXXX.01P12VW7x6/report: No such file or directory
===== 2026-09-10 00:11:28 上报结束 =====

===== 2026-09-10 00:12:29 开始上报 =====
/Users/zhengbangli/code/GoLearn/polaris/global-scheduler/cmd/report/run_crontab.sh: line 36: /var/folders/l2/1wpn5kpd0715sc20jc_g372h0000gn/T/report.XXXXXX.01P12VW7x6/report: No such file or directory
===== 2026-09-10 00:12:29 上报结束 =====

===== 2026-09-10 00:13:30 开始上报 =====
/Users/zhengbangli/code/GoLearn/polaris/global-scheduler/cmd/report/run_crontab.sh: line 36: /var/folders/l2/1wpn5kpd0715sc20jc_g372h0000gn/T/report.XXXXXX.01P12VW7x6/report: No such file or directory
===== 2026-09-10 00:13:30 上报结束 =====

===== 2026-09-10 00:14:31 开始上报 =====
/Users/zhengbangli/code/GoLearn/polaris/global-scheduler/cmd/report/run_crontab.sh: line 36: /var/folders/l2/1wpn5kpd0715sc20jc_g372h0000gn/T/report.XXXXXX.01P12VW7x6/report: No such file or directory
===== 2026-09-10 00:14:31 上报结束 =====

===== 2026-09-10 00:15:32 开始上报 =====
/Users/zhengbangli/code/GoLearn/polaris/global-scheduler/cmd/report/run_crontab.sh: line 36: /var/folders/l2/1wpn5kpd0715sc20jc_g372h0000gn/T/report.XXXXXX.01P12VW7x6/report: No such file or directory
===== 2026-09-10 00:15:32 上报结束 =====

===== 2026-09-10 00:16:33 开始上报 =====
/Users/zhengbangli/code/GoLearn/polaris/global-scheduler/cmd/report/run_crontab.sh: line 36: /var/folders/l2/1wpn5kpd0715sc20jc_g372h0000gn/T/report.XXXXXX.01P12VW7x6/report: No such file or directory
===== 2026-09-10 00:16:33 上报结束 =====

===== 2026-09-10 00:17:34 开始上报 =====
/Users/zhengbangli/code/GoLearn/polaris/global-scheduler/cmd/report/run_crontab.sh: line 36: /var/folders/l2/1wpn5kpd0715sc20jc_g372h0000gn/T/report.XXXXXX.01P12VW7x6/report: No such file or directory
===== 2026-09-10 00:17:34 上报结束 =====

===== 2026-09-10 00:18:35 开始上报 =====
/Users/zhengbangli/code/GoLearn/polaris/global-scheduler/cmd/report/run_crontab.sh: line 36: /var/folders/l2/1wpn5kpd0715sc20jc_g372h0000gn/T/report.XXXXXX.01P12VW7x6/report: No such file or directory
===== 2026-09-10 00:18:35 上报结束 =====

===== 2026-09-10 00:19:36 开始上报 =====
/Users/zhengbangli/code/GoLearn/polaris/global-scheduler/cmd/report/run_crontab.sh: line 36: /var/folders/l2/1wpn5kpd0715sc20jc_g372h0000gn/T/report.XXXXXX.01P12VW7x6/report: No such file or directory
===== 2026-09-10 00:19:36 上报结束 =====

===== 2026-09-10 00:20:37 开始上报 =====
/Users/zhengbangli/code/GoLearn/polaris/global-scheduler/cmd/report/run_crontab.sh: line 36: /var/folders/l2/1wpn5kpd0715sc20jc_g372h0000gn/T/report.XXXXXX.01P12VW7x6/report: No such file or directory
===== 2026-09-10 00:20:37 上报结束 =====

===== 2026-09-10 00:21:38 开始上报 =====
/Users/zhengbangli/code/GoLearn/polaris/global-scheduler/cmd/report/run_crontab.sh: line 36: /var/folders/l2/1wpn5kpd0715sc20jc_g372h0000gn/T/report.XXXXXX.01P12VW7x6/report: No such file or directory
===== 2026-09-10 00:21:38 上报结束 =====

===== 2026-09-10 00:22:39 开始上报 =====
/Users/zhengbangli/code/GoLearn/polaris/global-scheduler/cmd/report/run_crontab.sh: line 36: /var/folders/l2/1wpn5kpd0715sc20jc_g372h0000gn/T/report.XXXXXX.01P12VW7x6/report: No such file or directory
===== 2026-09-10 00:22:39 上报结束 =====

===== 2026-09-10 00:23:40 开始上报 =====
/Users/zhengbangli/code/GoLearn/polaris/global-scheduler/cmd/report/run_crontab.sh: line 36: /var/folders/l2/1wpn5kpd0715sc20jc_g372h0000gn/T/report.XXXXXX.01P12VW7x6/report: No such file or directory
===== 2026-09-10 00:23:40 上报结束 =====

===== 2026-09-10 00:24:41 开始上报 =====
/Users/zhengbangli/code/GoLearn/polaris/global-scheduler/cmd/report/run_crontab.sh: line 36: /var/folders/l2/1wpn5kpd0715sc20jc_g372h0000gn/T/report.XXXXXX.01P12VW7x6/report: No such file or directory
===== 2026-09-10 00:24:41 上报结束 =====

===== 2026-09-10 00:25:42 开始上报 =====
/Users/zhengbangli/code/GoLearn/polaris/global-scheduler/cmd/report/run_crontab.sh: line 36: /var/folders/l2/1wpn5kpd0715sc20jc_g372h0000gn/T/report.XXXXXX.01P12VW7x6/report: No such file or directory
===== 2026-09-10 00:25:42 上报结束 =====

===== 2026-09-10 00:26:43 开始上报 =====
/Users/zhengbangli/code/GoLearn/polaris/global-scheduler/cmd/report/run_crontab.sh: line 36: /var/folders/l2/1wpn5kpd0715sc20jc_g372h0000gn/T/report.XXXXXX.01P12VW7x6/report: No such file or directory
===== 2026-09-10 00:26:43 上报结束 =====

===== 2026-09-10 00:27:44 开始上报 =====
/Users/zhengbangli/code/GoLearn/polaris/global-scheduler/cmd/report/run_crontab.sh: line 36: /var/folders/l2/1wpn5kpd0715sc20jc_g372h0000gn/T/report.XXXXXX.01P12VW7x6/report: No such file or directory
===== 2026-09-10 00:27:44 上报结束 =====

===== 2026-09-10 00:28:45 开始上报 =====
/Users/zhengbangli/code/GoLearn/polaris/global-scheduler/cmd/report/run_crontab.sh: line 36: /var/folders/l2/1wpn5kpd0715sc20jc_g372h0000gn/T/report.XXXXXX.01P12VW7x6/report: No such file or directory
===== 2026-09-10 00:28:45 上报结束 =====

===== 2026-09-10 00:29:46 开始上报 =====
/Users/zhengbangli/code/GoLearn/polaris/global-scheduler/cmd/report/run_crontab.sh: line 36: /var/folders/l2/1wpn5kpd0715sc20jc_g372h0000gn/T/report.XXXXXX.01P12VW7x6/report: No such file or directory
===== 2026-09-10 00:29:46 上报结束 =====

===== 2026-09-10 00:30:47 开始上报 =====
/Users/zhengbangli/code/GoLearn/polaris/global-scheduler/cmd/report/run_crontab.sh: line 36: /var/folders/l2/1wpn5kpd0715sc20jc_g372h0000gn/T/report.XXXXXX.01P12VW7x6/report: No such file or directory
===== 2026-09-10 00:30:47 上报结束 =====

===== 2026-09-10 00:31:48 开始上报 =====
/Users/zhengbangli/code/GoLearn/polaris/global-scheduler/cmd/report/run_crontab.sh: line 36: /var/folders/l2/1wpn5kpd0715sc20jc_g372h0000gn/T/report.XXXXXX.01P12VW7x6/report: No such file or directory
===== 2026-09-10 00:31:48 上报结束 =====

===== 2026-09-10 00:32:49 开始上报 =====
/Users/zhengbangli/code/GoLearn/polaris/global-scheduler/cmd/report/run_crontab.sh: line 36: /var/folders/l2/1wpn5kpd0715sc20jc_g372h0000gn/T/report.XXXXXX.01P12VW7x6/report: No such file or directory
===== 2026-09-10 00:32:49 上报结束 =====

===== 2026-09-10 00:33:50 开始上报 =====
/Users/zhengbangli/code/GoLearn/polaris/global-scheduler/cmd/report/run_crontab.sh: line 36: /var/folders/l2/1wpn5kpd0715sc20jc_g372h0000gn/T/report.XXXXXX.01P12VW7x6/report: No such file or directory
===== 2026-09-10 00:33:50 上报结束 =====

===== 2026-09-10 00:34:51 开始上报 =====
/Users/zhengbangli/code/GoLearn/polaris/global-scheduler/cmd/report/run_crontab.sh: line 36: /var/folders/l2/1wpn5kpd0715sc20jc_g372h0000gn/T/report.XXXXXX.01P12VW7x6/report: No such file or directory
===== 2026-09-10 00:34:51 上报结束 =====

===== 2026-09-10 00:35:52 开始上报 =====
/Users/zhengbangli/code/GoLearn/polaris/global-scheduler/cmd/report/run_crontab.sh: line 36: /var/folders/l2/1wpn5kpd0715sc20jc_g372h0000gn/T/report.XXXXXX.01P12VW7x6/report: No such file or directory
===== 2026-09-10 00:35:52 上报结束 =====

===== 2026-09-10 00:36:53 开始上报 =====
/Users/zhengbangli/code/GoLearn/polaris/global-scheduler/cmd/report/run_crontab.sh: line 36: /var/folders/l2/1wpn5kpd0715sc20jc_g372h0000gn/T/report.XXXXXX.01P12VW7x6/report: No such file or directory
===== 2026-09-10 00:36:53 上报结束 =====

===== 2026-09-10 00:37:54 开始上报 =====
/Users/zhengbangli/code/GoLearn/polaris/global-scheduler/cmd/report/run_crontab.sh: line 36: /var/folders/l2/1wpn5kpd0715sc20jc_g372h0000gn/T/report.XXXXXX.01P12VW7x6/report: No such file or directory
===== 2026-09-10 00:37:54 上报结束 =====

===== 2026-09-10 00:38:55 开始上报 =====
/Users/zhengbangli/code/GoLearn/polaris/global-scheduler/cmd/report/run_crontab.sh: line 36: /var/folders/l2/1wpn5kpd0715sc20jc_g372h0000gn/T/report.XXXXXX.01P12VW7x6/report: No such file or directory
===== 2026-09-10 00:38:55 上报结束 =====

===== 2026-09-10 00:39:56 开始上报 =====
/Users/zhengbangli/code/GoLearn/polaris/global-scheduler/cmd/report/run_crontab.sh: line 36: /var/folders/l2/1wpn5kpd0715sc20jc_g372h0000gn/T/report.XXXXXX.01P12VW7x6/report: No such file or directory
===== 2026-09-10 00:39:56 上报结束 =====

===== 2026-09-10 00:40:57 开始上报 =====
/Users/zhengbangli/code/GoLearn/polaris/global-scheduler/cmd/report/run_crontab.sh: line 36: /var/folders/l2/1wpn5kpd0715sc20jc_g372h0000gn/T/report.XXXXXX.01P12VW7x6/report: No such file or directory
===== 2026-09-10 00:40:57 上报结束 =====

===== 2026-09-10 00:41:58 开始上报 =====
/Users/zhengbangli/code/GoLearn/polaris/global-scheduler/cmd/report/run_crontab.sh: line 36: /var/folders/l2/1wpn5kpd0715sc20jc_g372h0000gn/T/report.XXXXXX.01P12VW7x6/report: No such file or directory
===== 2026-09-10 00:41:58 上报结束 =====

===== 2026-09-10 00:42:59 开始上报 =====
/Users/zhengbangli/code/GoLearn/polaris/global-scheduler/cmd/report/run_crontab.sh: line 36: /var/folders/l2/1wpn5kpd0715sc20jc_g372h0000gn/T/report.XXXXXX.01P12VW7x6/report: No such file or directory
===== 2026-09-10 00:42:59 上报结束 =====

===== 2026-09-10 00:44:00 开始上报 =====
/Users/zhengbangli/code/GoLearn/polaris/global-scheduler/cmd/report/run_crontab.sh: line 36: /var/folders/l2/1wpn5kpd0715sc20jc_g372h0000gn/T/report.XXXXXX.01P12VW7x6/report: No such file or directory
===== 2026-09-10 00:44:00 上报结束 =====

===== 2026-09-10 00:45:01 开始上报 =====
/Users/zhengbangli/code/GoLearn/polaris/global-scheduler/cmd/report/run_crontab.sh: line 36: /var/folders/l2/1wpn5kpd0715sc20jc_g372h0000gn/T/report.XXXXXX.01P12VW7x6/report: No such file or directory
===== 2026-09-10 00:45:01 上报结束 =====

===== 2026-09-10 00:46:02 开始上报 =====
/Users/zhengbangli/code/GoLearn/polaris/global-scheduler/cmd/report/run_crontab.sh: line 36: /var/folders/l2/1wpn5kpd0715sc20jc_g372h0000gn/T/report.XXXXXX.01P12VW7x6/report: No such file or directory
===== 2026-09-10 00:46:02 上报结束 =====

===== 2026-09-10 00:47:04 开始上报 =====
/Users/zhengbangli/code/GoLearn/polaris/global-scheduler/cmd/report/run_crontab.sh: line 36: /var/folders/l2/1wpn5kpd0715sc20jc_g372h0000gn/T/report.XXXXXX.01P12VW7x6/report: No such file or directory
===== 2026-09-10 00:47:04 上报结束 =====

===== 2026-09-10 00:48:05 开始上报 =====
/Users/zhengbangli/code/GoLearn/polaris/global-scheduler/cmd/report/run_crontab.sh: line 36: /var/folders/l2/1wpn5kpd0715sc20jc_g372h0000gn/T/report.XXXXXX.01P12VW7x6/report: No such file or directory
===== 2026-09-10 00:48:05 上报结束 =====

===== 2026-09-10 00:49:06 开始上报 =====
/Users/zhengbangli/code/GoLearn/polaris/global-scheduler/cmd/report/run_crontab.sh: line 36: /var/folders/l2/1wpn5kpd0715sc20jc_g372h0000gn/T/report.XXXXXX.01P12VW7x6/report: No such file or directory
===== 2026-09-10 00:49:06 上报结束 =====

===== 2026-09-10 00:50:06 开始上报 =====
/Users/zhengbangli/code/GoLearn/polaris/global-scheduler/cmd/report/run_crontab.sh: line 36: /var/folders/l2/1wpn5kpd0715sc20jc_g372h0000gn/T/report.XXXXXX.01P12VW7x6/report: No such file or directory
===== 2026-09-10 00:50:07 上报结束 =====

===== 2026-09-10 00:51:08 开始上报 =====
/Users/zhengbangli/code/GoLearn/polaris/global-scheduler/cmd/report/run_crontab.sh: line 36: /var/folders/l2/1wpn5kpd0715sc20jc_g372h0000gn/T/report.XXXXXX.01P12VW7x6/report: No such file or directory
===== 2026-09-10 00:51:08 上报结束 =====

===== 2026-09-10 00:52:09 开始上报 =====
/Users/zhengbangli/code/GoLearn/polaris/global-scheduler/cmd/report/run_crontab.sh: line 36: /var/folders/l2/1wpn5kpd0715sc20jc_g372h0000gn/T/report.XXXXXX.01P12VW7x6/report: No such file or directory
===== 2026-09-10 00:52:09 上报结束 =====

===== 2026-09-10 00:53:10 开始上报 =====
/Users/zhengbangli/code/GoLearn/polaris/global-scheduler/cmd/report/run_crontab.sh: line 36: /var/folders/l2/1wpn5kpd0715sc20jc_g372h0000gn/T/report.XXXXXX.01P12VW7x6/report: No such file or directory
===== 2026-09-10 00:53:10 上报结束 =====

===== 2026-09-10 00:54:10 开始上报 =====
/Users/zhengbangli/code/GoLearn/polaris/global-scheduler/cmd/report/run_crontab.sh: line 36: /var/folders/l2/1wpn5kpd0715sc20jc_g372h0000gn/T/report.XXXXXX.01P12VW7x6/report: No such file or directory
===== 2026-09-10 00:54:10 上报结束 =====

===== 2026-09-10 00:55:12 开始上报 =====
/Users/zhengbangli/code/GoLearn/polaris/global-scheduler/cmd/report/run_crontab.sh: line 36: /var/folders/l2/1wpn5kpd0715sc20jc_g372h0000gn/T/report.XXXXXX.01P12VW7x6/report: No such file or directory
===== 2026-09-10 00:55:12 上报结束 =====

===== 2026-09-10 00:56:13 开始上报 =====
/Users/zhengbangli/code/GoLearn/polaris/global-scheduler/cmd/report/run_crontab.sh: line 36: /var/folders/l2/1wpn5kpd0715sc20jc_g372h0000gn/T/report.XXXXXX.01P12VW7x6/report: No such file or directory
===== 2026-09-10 00:56:13 上报结束 =====

===== 2026-09-10 00:57:14 开始上报 =====
/Users/zhengbangli/code/GoLearn/polaris/global-scheduler/cmd/report/run_crontab.sh: line 36: /var/folders/l2/1wpn5kpd0715sc20jc_g372h0000gn/T/report.XXXXXX.01P12VW7x6/report: No such file or directory
===== 2026-09-10 00:57:14 上报结束 =====

===== 2026-09-10 00:58:15 开始上报 =====
/Users/zhengbangli/code/GoLearn/polaris/global-scheduler/cmd/report/run_crontab.sh: line 36: /var/folders/l2/1wpn5kpd0715sc20jc_g372h0000gn/T/report.XXXXXX.01P12VW7x6/report: No such file or directory
===== 2026-09-10 00:58:15 上报结束 =====

===== 2026-09-10 00:59:16 开始上报 =====
/Users/zhengbangli/code/GoLearn/polaris/global-scheduler/cmd/report/run_crontab.sh: line 36: /var/folders/l2/1wpn5kpd0715sc20jc_g372h0000gn/T/report.XXXXXX.01P12VW7x6/report: No such file or directory
===== 2026-09-10 00:59:16 上报结束 =====

===== 2026-09-10 01:00:17 开始上报 =====
/Users/zhengbangli/code/GoLearn/polaris/global-scheduler/cmd/report/run_crontab.sh: line 36: /var/folders/l2/1wpn5kpd0715sc20jc_g372h0000gn/T/report.XXXXXX.01P12VW7x6/report: No such file or directory
===== 2026-09-10 01:00:17 上报结束 =====

===== 2026-09-10 01:01:18 开始上报 =====
/Users/zhengbangli/code/GoLearn/polaris/global-scheduler/cmd/report/run_crontab.sh: line 36: /var/folders/l2/1wpn5kpd0715sc20jc_g372h0000gn/T/report.XXXXXX.01P12VW7x6/report: No such file or directory
===== 2026-09-10 01:01:18 上报结束 =====

===== 2026-09-10 01:02:19 开始上报 =====
/Users/zhengbangli/code/GoLearn/polaris/global-scheduler/cmd/report/run_crontab.sh: line 36: /var/folders/l2/1wpn5kpd0715sc20jc_g372h0000gn/T/report.XXXXXX.01P12VW7x6/report: No such file or directory
===== 2026-09-10 01:02:19 上报结束 =====

===== 2026-09-10 01:03:20 开始上报 =====
/Users/zhengbangli/code/GoLearn/polaris/global-scheduler/cmd/report/run_crontab.sh: line 36: /var/folders/l2/1wpn5kpd0715sc20jc_g372h0000gn/T/report.XXXXXX.01P12VW7x6/report: No such file or directory
===== 2026-09-10 01:03:20 上报结束 =====

===== 2026-09-10 01:04:21 开始上报 =====
/Users/zhengbangli/code/GoLearn/polaris/global-scheduler/cmd/report/run_crontab.sh: line 36: /var/folders/l2/1wpn5kpd0715sc20jc_g372h0000gn/T/report.XXXXXX.01P12VW7x6/report: No such file or directory
===== 2026-09-10 01:04:21 上报结束 =====

===== 2026-09-10 01:05:22 开始上报 =====
/Users/zhengbangli/code/GoLearn/polaris/global-scheduler/cmd/report/run_crontab.sh: line 36: /var/folders/l2/1wpn5kpd0715sc20jc_g372h0000gn/T/report.XXXXXX.01P12VW7x6/report: No such file or directory
===== 2026-09-10 01:05:22 上报结束 =====

===== 2026-09-10 01:06:23 开始上报 =====
/Users/zhengbangli/code/GoLearn/polaris/global-scheduler/cmd/report/run_crontab.sh: line 36: /var/folders/l2/1wpn5kpd0715sc20jc_g372h0000gn/T/report.XXXXXX.01P12VW7x6/report: No such file or directory
===== 2026-09-10 01:06:23 上报结束 =====

===== 2026-09-10 01:07:23 开始上报 =====
/Users/zhengbangli/code/GoLearn/polaris/global-scheduler/cmd/report/run_crontab.sh: line 36: /var/folders/l2/1wpn5kpd0715sc20jc_g372h0000gn/T/report.XXXXXX.01P12VW7x6/report: No such file or directory
===== 2026-09-10 01:07:23 上报结束 =====

===== 2026-09-10 01:08:24 开始上报 =====
/Users/zhengbangli/code/GoLearn/polaris/global-scheduler/cmd/report/run_crontab.sh: line 36: /var/folders/l2/1wpn5kpd0715sc20jc_g372h0000gn/T/report.XXXXXX.01P12VW7x6/report: No such file or directory
===== 2026-09-10 01:08:24 上报结束 =====

===== 2026-09-10 01:09:25 开始上报 =====
/Users/zhengbangli/code/GoLearn/polaris/global-scheduler/cmd/report/run_crontab.sh: line 36: /var/folders/l2/1wpn5kpd0715sc20jc_g372h0000gn/T/report.XXXXXX.01P12VW7x6/report: No such file or directory
===== 2026-09-10 01:09:25 上报结束 =====

===== 2026-09-10 01:10:26 开始上报 =====
/Users/zhengbangli/code/GoLearn/polaris/global-scheduler/cmd/report/run_crontab.sh: line 36: /var/folders/l2/1wpn5kpd0715sc20jc_g372h0000gn/T/report.XXXXXX.01P12VW7x6/report: No such file or directory
===== 2026-09-10 01:10:26 上报结束 =====

===== 2026-09-10 01:11:27 开始上报 =====
/Users/zhengbangli/code/GoLearn/polaris/global-scheduler/cmd/report/run_crontab.sh: line 36: /var/folders/l2/1wpn5kpd0715sc20jc_g372h0000gn/T/report.XXXXXX.01P12VW7x6/report: No such file or directory
===== 2026-09-10 01:11:28 上报结束 =====

===== 2026-09-10 01:12:28 开始上报 =====
/Users/zhengbangli/code/GoLearn/polaris/global-scheduler/cmd/report/run_crontab.sh: line 36: /var/folders/l2/1wpn5kpd0715sc20jc_g372h0000gn/T/report.XXXXXX.01P12VW7x6/report: No such file or directory
===== 2026-09-10 01:12:28 上报结束 =====

===== 2026-09-10 01:13:29 开始上报 =====
/Users/zhengbangli/code/GoLearn/polaris/global-scheduler/cmd/report/run_crontab.sh: line 36: /var/folders/l2/1wpn5kpd0715sc20jc_g372h0000gn/T/report.XXXXXX.01P12VW7x6/report: No such file or directory
===== 2026-09-10 01:13:29 上报结束 =====

===== 2026-09-10 01:14:30 开始上报 =====
/Users/zhengbangli/code/GoLearn/polaris/global-scheduler/cmd/report/run_crontab.sh: line 36: /var/folders/l2/1wpn5kpd0715sc20jc_g372h0000gn/T/report.XXXXXX.01P12VW7x6/report: No such file or directory
===== 2026-09-10 01:14:30 上报结束 =====

===== 2026-09-10 01:15:31 开始上报 =====
/Users/zhengbangli/code/GoLearn/polaris/global-scheduler/cmd/report/run_crontab.sh: line 36: /var/folders/l2/1wpn5kpd0715sc20jc_g372h0000gn/T/report.XXXXXX.01P12VW7x6/report: No such file or directory
===== 2026-09-10 01:15:31 上报结束 =====

===== 2026-09-10 01:16:32 开始上报 =====
/Users/zhengbangli/code/GoLearn/polaris/global-scheduler/cmd/report/run_crontab.sh: line 36: /var/folders/l2/1wpn5kpd0715sc20jc_g372h0000gn/T/report.XXXXXX.01P12VW7x6/report: No such file or directory
===== 2026-09-10 01:16:32 上报结束 =====

===== 2026-09-10 01:17:33 开始上报 =====
/Users/zhengbangli/code/GoLearn/polaris/global-scheduler/cmd/report/run_crontab.sh: line 36: /var/folders/l2/1wpn5kpd0715sc20jc_g372h0000gn/T/report.XXXXXX.01P12VW7x6/report: No such file or directory
===== 2026-09-10 01:17:33 上报结束 =====

===== 2026-09-10 01:18:34 开始上报 =====
/Users/zhengbangli/code/GoLearn/polaris/global-scheduler/cmd/report/run_crontab.sh: line 36: /var/folders/l2/1wpn5kpd0715sc20jc_g372h0000gn/T/report.XXXXXX.01P12VW7x6/report: No such file or directory
===== 2026-09-10 01:18:34 上报结束 =====

===== 2026-09-10 01:19:35 开始上报 =====
/Users/zhengbangli/code/GoLearn/polaris/global-scheduler/cmd/report/run_crontab.sh: line 36: /var/folders/l2/1wpn5kpd0715sc20jc_g372h0000gn/T/report.XXXXXX.01P12VW7x6/report: No such file or directory
===== 2026-09-10 01:19:35 上报结束 =====

===== 2026-09-10 01:20:36 开始上报 =====
/Users/zhengbangli/code/GoLearn/polaris/global-scheduler/cmd/report/run_crontab.sh: line 36: /var/folders/l2/1wpn5kpd0715sc20jc_g372h0000gn/T/report.XXXXXX.01P12VW7x6/report: No such file or directory
===== 2026-09-10 01:20:36 上报结束 =====

===== 2026-09-10 01:21:37 开始上报 =====
/Users/zhengbangli/code/GoLearn/polaris/global-scheduler/cmd/report/run_crontab.sh: line 36: /var/folders/l2/1wpn5kpd0715sc20jc_g372h0000gn/T/report.XXXXXX.01P12VW7x6/report: No such file or directory
===== 2026-09-10 01:21:37 上报结束 =====

===== 2026-09-10 01:22:38 开始上报 =====
/Users/zhengbangli/code/GoLearn/polaris/global-scheduler/cmd/report/run_crontab.sh: line 36: /var/folders/l2/1wpn5kpd0715sc20jc_g372h0000gn/T/report.XXXXXX.01P12VW7x6/report: No such file or directory
===== 2026-09-10 01:22:38 上报结束 =====

===== 2026-09-10 01:23:39 开始上报 =====
/Users/zhengbangli/code/GoLearn/polaris/global-scheduler/cmd/report/run_crontab.sh: line 36: /var/folders/l2/1wpn5kpd0715sc20jc_g372h0000gn/T/report.XXXXXX.01P12VW7x6/report: No such file or directory
===== 2026-09-10 01:23:39 上报结束 =====

===== 2026-09-10 01:24:40 开始上报 =====
/Users/zhengbangli/code/GoLearn/polaris/global-scheduler/cmd/report/run_crontab.sh: line 36: /var/folders/l2/1wpn5kpd0715sc20jc_g372h0000gn/T/report.XXXXXX.01P12VW7x6/report: No such file or directory
===== 2026-09-10 01:24:40 上报结束 =====

===== 2026-09-10 01:25:41 开始上报 =====
/Users/zhengbangli/code/GoLearn/polaris/global-scheduler/cmd/report/run_crontab.sh: line 36: /var/folders/l2/1wpn5kpd0715sc20jc_g372h0000gn/T/report.XXXXXX.01P12VW7x6/report: No such file or directory
===== 2026-09-10 01:25:41 上报结束 =====

===== 2026-09-10 01:26:42 开始上报 =====
/Users/zhengbangli/code/GoLearn/polaris/global-scheduler/cmd/report/run_crontab.sh: line 36: /var/folders/l2/1wpn5kpd0715sc20jc_g372h0000gn/T/report.XXXXXX.01P12VW7x6/report: No such file or directory
===== 2026-09-10 01:26:42 上报结束 =====

===== 2026-09-10 01:27:43 开始上报 =====
/Users/zhengbangli/code/GoLearn/polaris/global-scheduler/cmd/report/run_crontab.sh: line 36: /var/folders/l2/1wpn5kpd0715sc20jc_g372h0000gn/T/report.XXXXXX.01P12VW7x6/report: No such file or directory
===== 2026-09-10 01:27:43 上报结束 =====

===== 2026-09-10 01:28:44 开始上报 =====
/Users/zhengbangli/code/GoLearn/polaris/global-scheduler/cmd/report/run_crontab.sh: line 36: /var/folders/l2/1wpn5kpd0715sc20jc_g372h0000gn/T/report.XXXXXX.01P12VW7x6/report: No such file or directory
===== 2026-09-10 01:28:44 上报结束 =====

===== 2026-09-10 01:29:45 开始上报 =====
/Users/zhengbangli/code/GoLearn/polaris/global-scheduler/cmd/report/run_crontab.sh: line 36: /var/folders/l2/1wpn5kpd0715sc20jc_g372h0000gn/T/report.XXXXXX.01P12VW7x6/report: No such file or directory
===== 2026-09-10 01:29:45 上报结束 =====

===== 2026-09-10 01:30:46 开始上报 =====
/Users/zhengbangli/code/GoLearn/polaris/global-scheduler/cmd/report/run_crontab.sh: line 36: /var/folders/l2/1wpn5kpd0715sc20jc_g372h0000gn/T/report.XXXXXX.01P12VW7x6/report: No such file or directory
===== 2026-09-10 01:30:46 上报结束 =====

===== 2026-09-10 01:31:47 开始上报 =====
/Users/zhengbangli/code/GoLearn/polaris/global-scheduler/cmd/report/run_crontab.sh: line 36: /var/folders/l2/1wpn5kpd0715sc20jc_g372h0000gn/T/report.XXXXXX.01P12VW7x6/report: No such file or directory
===== 2026-09-10 01:31:47 上报结束 =====

===== 2026-09-10 01:32:48 开始上报 =====
/Users/zhengbangli/code/GoLearn/polaris/global-scheduler/cmd/report/run_crontab.sh: line 36: /var/folders/l2/1wpn5kpd0715sc20jc_g372h0000gn/T/report.XXXXXX.01P12VW7x6/report: No such file or directory
===== 2026-09-10 01:32:48 上报结束 =====

===== 2026-09-10 01:33:49 开始上报 =====
/Users/zhengbangli/code/GoLearn/polaris/global-scheduler/cmd/report/run_crontab.sh: line 36: /var/folders/l2/1wpn5kpd0715sc20jc_g372h0000gn/T/report.XXXXXX.01P12VW7x6/report: No such file or directory
===== 2026-09-10 01:33:49 上报结束 =====

===== 2026-09-10 01:34:50 开始上报 =====
/Users/zhengbangli/code/GoLearn/polaris/global-scheduler/cmd/report/run_crontab.sh: line 36: /var/folders/l2/1wpn5kpd0715sc20jc_g372h0000gn/T/report.XXXXXX.01P12VW7x6/report: No such file or directory
===== 2026-09-10 01:34:50 上报结束 =====

===== 2026-09-10 01:35:51 开始上报 =====
/Users/zhengbangli/code/GoLearn/polaris/global-scheduler/cmd/report/run_crontab.sh: line 36: /var/folders/l2/1wpn5kpd0715sc20jc_g372h0000gn/T/report.XXXXXX.01P12VW7x6/report: No such file or directory
===== 2026-09-10 01:35:51 上报结束 =====

===== 2026-09-10 01:36:52 开始上报 =====
/Users/zhengbangli/code/GoLearn/polaris/global-scheduler/cmd/report/run_crontab.sh: line 36: /var/folders/l2/1wpn5kpd0715sc20jc_g372h0000gn/T/report.XXXXXX.01P12VW7x6/report: No such file or directory
===== 2026-09-10 01:36:52 上报结束 =====

===== 2026-09-10 01:37:53 开始上报 =====
/Users/zhengbangli/code/GoLearn/polaris/global-scheduler/cmd/report/run_crontab.sh: line 36: /var/folders/l2/1wpn5kpd0715sc20jc_g372h0000gn/T/report.XXXXXX.01P12VW7x6/report: No such file or directory
===== 2026-09-10 01:37:53 上报结束 =====

===== 2026-09-10 01:38:54 开始上报 =====
/Users/zhengbangli/code/GoLearn/polaris/global-scheduler/cmd/report/run_crontab.sh: line 36: /var/folders/l2/1wpn5kpd0715sc20jc_g372h0000gn/T/report.XXXXXX.01P12VW7x6/report: No such file or directory
===== 2026-09-10 01:38:54 上报结束 =====

===== 2026-09-10 01:39:55 开始上报 =====
/Users/zhengbangli/code/GoLearn/polaris/global-scheduler/cmd/report/run_crontab.sh: line 36: /var/folders/l2/1wpn5kpd0715sc20jc_g372h0000gn/T/report.XXXXXX.01P12VW7x6/report: No such file or directory
===== 2026-09-10 01:39:55 上报结束 =====

===== 2026-09-10 01:40:56 开始上报 =====
/Users/zhengbangli/code/GoLearn/polaris/global-scheduler/cmd/report/run_crontab.sh: line 36: /var/folders/l2/1wpn5kpd0715sc20jc_g372h0000gn/T/report.XXXXXX.01P12VW7x6/report: No such file or directory
===== 2026-09-10 01:40:56 上报结束 =====

===== 2026-09-10 01:41:57 开始上报 =====
/Users/zhengbangli/code/GoLearn/polaris/global-scheduler/cmd/report/run_crontab.sh: line 36: /var/folders/l2/1wpn5kpd0715sc20jc_g372h0000gn/T/report.XXXXXX.01P12VW7x6/report: No such file or directory
===== 2026-09-10 01:41:57 上报结束 =====

===== 2026-09-10 01:42:58 开始上报 =====
/Users/zhengbangli/code/GoLearn/polaris/global-scheduler/cmd/report/run_crontab.sh: line 36: /var/folders/l2/1wpn5kpd0715sc20jc_g372h0000gn/T/report.XXXXXX.01P12VW7x6/report: No such file or directory
===== 2026-09-10 01:42:58 上报结束 =====

===== 2026-09-10 01:43:59 开始上报 =====
/Users/zhengbangli/code/GoLearn/polaris/global-scheduler/cmd/report/run_crontab.sh: line 36: /var/folders/l2/1wpn5kpd0715sc20jc_g372h0000gn/T/report.XXXXXX.01P12VW7x6/report: No such file or directory
===== 2026-09-10 01:43:59 上报结束 =====

===== 2026-09-10 01:45:00 开始上报 =====
/Users/zhengbangli/code/GoLearn/polaris/global-scheduler/cmd/report/run_crontab.sh: line 36: /var/folders/l2/1wpn5kpd0715sc20jc_g372h0000gn/T/report.XXXXXX.01P12VW7x6/report: No such file or directory
===== 2026-09-10 01:45:00 上报结束 =====

===== 2026-09-10 01:46:01 开始上报 =====
/Users/zhengbangli/code/GoLearn/polaris/global-scheduler/cmd/report/run_crontab.sh: line 36: /var/folders/l2/1wpn5kpd0715sc20jc_g372h0000gn/T/report.XXXXXX.01P12VW7x6/report: No such file or directory
===== 2026-09-10 01:46:01 上报结束 =====

===== 2026-09-10 01:47:02 开始上报 =====
/Users/zhengbangli/code/GoLearn/polaris/global-scheduler/cmd/report/run_crontab.sh: line 36: /var/folders/l2/1wpn5kpd0715sc20jc_g372h0000gn/T/report.XXXXXX.01P12VW7x6/report: No such file or directory
===== 2026-09-10 01:47:02 上报结束 =====

===== 2026-09-10 01:48:03 开始上报 =====
/Users/zhengbangli/code/GoLearn/polaris/global-scheduler/cmd/report/run_crontab.sh: line 36: /var/folders/l2/1wpn5kpd0715sc20jc_g372h0000gn/T/report.XXXXXX.01P12VW7x6/report: No such file or directory
===== 2026-09-10 01:48:03 上报结束 =====

===== 2026-09-10 01:49:04 开始上报 =====
/Users/zhengbangli/code/GoLearn/polaris/global-scheduler/cmd/report/run_crontab.sh: line 36: /var/folders/l2/1wpn5kpd0715sc20jc_g372h0000gn/T/report.XXXXXX.01P12VW7x6/report: No such file or directory
===== 2026-09-10 01:49:04 上报结束 =====

===== 2026-09-10 01:50:05 开始上报 =====
/Users/zhengbangli/code/GoLearn/polaris/global-scheduler/cmd/report/run_crontab.sh: line 36: /var/folders/l2/1wpn5kpd0715sc20jc_g372h0000gn/T/report.XXXXXX.01P12VW7x6/report: No such file or directory
===== 2026-09-10 01:50:05 上报结束 =====

===== 2026-09-10 01:51:06 开始上报 =====
/Users/zhengbangli/code/GoLearn/polaris/global-scheduler/cmd/report/run_crontab.sh: line 36: /var/folders/l2/1wpn5kpd0715sc20jc_g372h0000gn/T/report.XXXXXX.01P12VW7x6/report: No such file or directory
===== 2026-09-10 01:51:06 上报结束 =====

===== 2026-09-10 01:52:07 开始上报 =====
/Users/zhengbangli/code/GoLearn/polaris/global-scheduler/cmd/report/run_crontab.sh: line 36: /var/folders/l2/1wpn5kpd0715sc20jc_g372h0000gn/T/report.XXXXXX.01P12VW7x6/report: No such file or directory
===== 2026-09-10 01:52:07 上报结束 =====

===== 2026-09-10 01:53:08 开始上报 =====
/Users/zhengbangli/code/GoLearn/polaris/global-scheduler/cmd/report/run_crontab.sh: line 36: /var/folders/l2/1wpn5kpd0715sc20jc_g372h0000gn/T/report.XXXXXX.01P12VW7x6/report: No such file or directory
===== 2026-09-10 01:53:08 上报结束 =====

===== 2026-09-10 01:54:09 开始上报 =====
/Users/zhengbangli/code/GoLearn/polaris/global-scheduler/cmd/report/run_crontab.sh: line 36: /var/folders/l2/1wpn5kpd0715sc20jc_g372h0000gn/T/report.XXXXXX.01P12VW7x6/report: No such file or directory
===== 2026-09-10 01:54:09 上报结束 =====

===== 2026-09-10 01:55:10 开始上报 =====
/Users/zhengbangli/code/GoLearn/polaris/global-scheduler/cmd/report/run_crontab.sh: line 36: /var/folders/l2/1wpn5kpd0715sc20jc_g372h0000gn/T/report.XXXXXX.01P12VW7x6/report: No such file or directory
===== 2026-09-10 01:55:10 上报结束 =====

===== 2026-09-10 01:56:11 开始上报 =====
/Users/zhengbangli/code/GoLearn/polaris/global-scheduler/cmd/report/run_crontab.sh: line 36: /var/folders/l2/1wpn5kpd0715sc20jc_g372h0000gn/T/report.XXXXXX.01P12VW7x6/report: No such file or directory
===== 2026-09-10 01:56:11 上报结束 =====

===== 2026-09-10 01:57:12 开始上报 =====
/Users/zhengbangli/code/GoLearn/polaris/global-scheduler/cmd/report/run_crontab.sh: line 36: /var/folders/l2/1wpn5kpd0715sc20jc_g372h0000gn/T/report.XXXXXX.01P12VW7x6/report: No such file or directory
===== 2026-09-10 01:57:12 上报结束 =====

===== 2026-09-10 01:58:13 开始上报 =====
/Users/zhengbangli/code/GoLearn/polaris/global-scheduler/cmd/report/run_crontab.sh: line 36: /var/folders/l2/1wpn5kpd0715sc20jc_g372h0000gn/T/report.XXXXXX.01P12VW7x6/report: No such file or directory
===== 2026-09-10 01:58:13 上报结束 =====

===== 2026-09-10 01:59:14 开始上报 =====
/Users/zhengbangli/code/GoLearn/polaris/global-scheduler/cmd/report/run_crontab.sh: line 36: /var/folders/l2/1wpn5kpd0715sc20jc_g372h0000gn/T/report.XXXXXX.01P12VW7x6/report: No such file or directory
===== 2026-09-10 01:59:14 上报结束 =====

===== 2026-09-10 02:00:15 开始上报 =====
/Users/zhengbangli/code/GoLearn/polaris/global-scheduler/cmd/report/run_crontab.sh: line 36: /var/folders/l2/1wpn5kpd0715sc20jc_g372h0000gn/T/report.XXXXXX.01P12VW7x6/report: No such file or directory
===== 2026-09-10 02:00:15 上报结束 =====

===== 2026-09-10 02:01:16 开始上报 =====
/Users/zhengbangli/code/GoLearn/polaris/global-scheduler/cmd/report/run_crontab.sh: line 36: /var/folders/l2/1wpn5kpd0715sc20jc_g372h0000gn/T/report.XXXXXX.01P12VW7x6/report: No such file or directory
===== 2026-09-10 02:01:16 上报结束 =====

===== 2026-09-10 02:02:17 开始上报 =====
/Users/zhengbangli/code/GoLearn/polaris/global-scheduler/cmd/report/run_crontab.sh: line 36: /var/folders/l2/1wpn5kpd0715sc20jc_g372h0000gn/T/report.XXXXXX.01P12VW7x6/report: No such file or directory
===== 2026-09-10 02:02:17 上报结束 =====

===== 2026-09-10 02:03:18 开始上报 =====
/Users/zhengbangli/code/GoLearn/polaris/global-scheduler/cmd/report/run_crontab.sh: line 36: /var/folders/l2/1wpn5kpd0715sc20jc_g372h0000gn/T/report.XXXXXX.01P12VW7x6/report: No such file or directory
===== 2026-09-10 02:03:18 上报结束 =====

===== 2026-09-10 02:04:19 开始上报 =====
/Users/zhengbangli/code/GoLearn/polaris/global-scheduler/cmd/report/run_crontab.sh: line 36: /var/folders/l2/1wpn5kpd0715sc20jc_g372h0000gn/T/report.XXXXXX.01P12VW7x6/report: No such file or directory
===== 2026-09-10 02:04:19 上报结束 =====

===== 2026-09-10 02:05:20 开始上报 =====
/Users/zhengbangli/code/GoLearn/polaris/global-scheduler/cmd/report/run_crontab.sh: line 36: /var/folders/l2/1wpn5kpd0715sc20jc_g372h0000gn/T/report.XXXXXX.01P12VW7x6/report: No such file or directory
===== 2026-09-10 02:05:20 上报结束 =====

===== 2026-09-10 02:06:21 开始上报 =====
/Users/zhengbangli/code/GoLearn/polaris/global-scheduler/cmd/report/run_crontab.sh: line 36: /var/folders/l2/1wpn5kpd0715sc20jc_g372h0000gn/T/report.XXXXXX.01P12VW7x6/report: No such file or directory
===== 2026-09-10 02:06:21 上报结束 =====

===== 2026-09-10 02:07:22 开始上报 =====
/Users/zhengbangli/code/GoLearn/polaris/global-scheduler/cmd/report/run_crontab.sh: line 36: /var/folders/l2/1wpn5kpd0715sc20jc_g372h0000gn/T/report.XXXXXX.01P12VW7x6/report: No such file or directory
===== 2026-09-10 02:07:22 上报结束 =====

===== 2026-09-10 02:08:23 开始上报 =====
/Users/zhengbangli/code/GoLearn/polaris/global-scheduler/cmd/report/run_crontab.sh: line 36: /var/folders/l2/1wpn5kpd0715sc20jc_g372h0000gn/T/report.XXXXXX.01P12VW7x6/report: No such file or directory
===== 2026-09-10 02:08:23 上报结束 =====

===== 2026-09-10 02:09:24 开始上报 =====
/Users/zhengbangli/code/GoLearn/polaris/global-scheduler/cmd/report/run_crontab.sh: line 36: /var/folders/l2/1wpn5kpd0715sc20jc_g372h0000gn/T/report.XXXXXX.01P12VW7x6/report: No such file or directory
===== 2026-09-10 02:09:24 上报结束 =====

===== 2026-09-10 02:10:25 开始上报 =====
/Users/zhengbangli/code/GoLearn/polaris/global-scheduler/cmd/report/run_crontab.sh: line 36: /var/folders/l2/1wpn5kpd0715sc20jc_g372h0000gn/T/report.XXXXXX.01P12VW7x6/report: No such file or directory
===== 2026-09-10 02:10:25 上报结束 =====

===== 2026-09-10 02:11:26 开始上报 =====
/Users/zhengbangli/code/GoLearn/polaris/global-scheduler/cmd/report/run_crontab.sh: line 36: /var/folders/l2/1wpn5kpd0715sc20jc_g372h0000gn/T/report.XXXXXX.01P12VW7x6/report: No such file or directory
===== 2026-09-10 02:11:26 上报结束 =====

===== 2026-09-10 02:12:27 开始上报 =====
/Users/zhengbangli/code/GoLearn/polaris/global-scheduler/cmd/report/run_crontab.sh: line 36: /var/folders/l2/1wpn5kpd0715sc20jc_g372h0000gn/T/report.XXXXXX.01P12VW7x6/report: No such file or directory
===== 2026-09-10 02:12:27 上报结束 =====

===== 2026-09-10 02:13:28 开始上报 =====
/Users/zhengbangli/code/GoLearn/polaris/global-scheduler/cmd/report/run_crontab.sh: line 36: /var/folders/l2/1wpn5kpd0715sc20jc_g372h0000gn/T/report.XXXXXX.01P12VW7x6/report: No such file or directory
===== 2026-09-10 02:13:28 上报结束 =====

===== 2026-09-10 02:14:29 开始上报 =====
/Users/zhengbangli/code/GoLearn/polaris/global-scheduler/cmd/report/run_crontab.sh: line 36: /var/folders/l2/1wpn5kpd0715sc20jc_g372h0000gn/T/report.XXXXXX.01P12VW7x6/report: No such file or directory
===== 2026-09-10 02:14:29 上报结束 =====

===== 2026-09-10 02:15:30 开始上报 =====
/Users/zhengbangli/code/GoLearn/polaris/global-scheduler/cmd/report/run_crontab.sh: line 36: /var/folders/l2/1wpn5kpd0715sc20jc_g372h0000gn/T/report.XXXXXX.01P12VW7x6/report: No such file or directory
===== 2026-09-10 02:15:30 上报结束 =====

===== 2026-09-10 02:16:31 开始上报 =====
/Users/zhengbangli/code/GoLearn/polaris/global-scheduler/cmd/report/run_crontab.sh: line 36: /var/folders/l2/1wpn5kpd0715sc20jc_g372h0000gn/T/report.XXXXXX.01P12VW7x6/report: No such file or directory
===== 2026-09-10 02:16:31 上报结束 =====

===== 2026-09-10 02:17:32 开始上报 =====
/Users/zhengbangli/code/GoLearn/polaris/global-scheduler/cmd/report/run_crontab.sh: line 36: /var/folders/l2/1wpn5kpd0715sc20jc_g372h0000gn/T/report.XXXXXX.01P12VW7x6/report: No such file or directory
===== 2026-09-10 02:17:32 上报结束 =====

===== 2026-09-10 02:18:33 开始上报 =====
/Users/zhengbangli/code/GoLearn/polaris/global-scheduler/cmd/report/run_crontab.sh: line 36: /var/folders/l2/1wpn5kpd0715sc20jc_g372h0000gn/T/report.XXXXXX.01P12VW7x6/report: No such file or directory
===== 2026-09-10 02:18:33 上报结束 =====

===== 2026-09-10 02:19:34 开始上报 =====
/Users/zhengbangli/code/GoLearn/polaris/global-scheduler/cmd/report/run_crontab.sh: line 36: /var/folders/l2/1wpn5kpd0715sc20jc_g372h0000gn/T/report.XXXXXX.01P12VW7x6/report: No such file or directory
===== 2026-09-10 02:19:34 上报结束 =====

===== 2026-09-10 02:20:35 开始上报 =====
/Users/zhengbangli/code/GoLearn/polaris/global-scheduler/cmd/report/run_crontab.sh: line 36: /var/folders/l2/1wpn5kpd0715sc20jc_g372h0000gn/T/report.XXXXXX.01P12VW7x6/report: No such file or directory
===== 2026-09-10 02:20:35 上报结束 =====

===== 2026-09-10 02:21:36 开始上报 =====
/Users/zhengbangli/code/GoLearn/polaris/global-scheduler/cmd/report/run_crontab.sh: line 36: /var/folders/l2/1wpn5kpd0715sc20jc_g372h0000gn/T/report.XXXXXX.01P12VW7x6/report: No such file or directory
===== 2026-09-10 02:21:36 上报结束 =====

===== 2026-09-10 02:22:37 开始上报 =====
/Users/zhengbangli/code/GoLearn/polaris/global-scheduler/cmd/report/run_crontab.sh: line 36: /var/folders/l2/1wpn5kpd0715sc20jc_g372h0000gn/T/report.XXXXXX.01P12VW7x6/report: No such file or directory
===== 2026-09-10 02:22:37 上报结束 =====

===== 2026-09-10 02:23:38 开始上报 =====
/Users/zhengbangli/code/GoLearn/polaris/global-scheduler/cmd/report/run_crontab.sh: line 36: /var/folders/l2/1wpn5kpd0715sc20jc_g372h0000gn/T/report.XXXXXX.01P12VW7x6/report: No such file or directory
===== 2026-09-10 02:23:38 上报结束 =====

===== 2026-09-10 02:24:39 开始上报 =====
/Users/zhengbangli/code/GoLearn/polaris/global-scheduler/cmd/report/run_crontab.sh: line 36: /var/folders/l2/1wpn5kpd0715sc20jc_g372h0000gn/T/report.XXXXXX.01P12VW7x6/report: No such file or directory
===== 2026-09-10 02:24:39 上报结束 =====

===== 2026-09-10 02:25:40 开始上报 =====
/Users/zhengbangli/code/GoLearn/polaris/global-scheduler/cmd/report/run_crontab.sh: line 36: /var/folders/l2/1wpn5kpd0715sc20jc_g372h0000gn/T/report.XXXXXX.01P12VW7x6/report: No such file or directory
===== 2026-09-10 02:25:40 上报结束 =====

===== 2026-09-10 02:26:41 开始上报 =====
/Users/zhengbangli/code/GoLearn/polaris/global-scheduler/cmd/report/run_crontab.sh: line 36: /var/folders/l2/1wpn5kpd0715sc20jc_g372h0000gn/T/report.XXXXXX.01P12VW7x6/report: No such file or directory
===== 2026-09-10 02:26:41 上报结束 =====

===== 2026-09-10 02:27:42 开始上报 =====
/Users/zhengbangli/code/GoLearn/polaris/global-scheduler/cmd/report/run_crontab.sh: line 36: /var/folders/l2/1wpn5kpd0715sc20jc_g372h0000gn/T/report.XXXXXX.01P12VW7x6/report: No such file or directory
===== 2026-09-10 02:27:42 上报结束 =====

===== 2026-09-10 02:28:43 开始上报 =====
/Users/zhengbangli/code/GoLearn/polaris/global-scheduler/cmd/report/run_crontab.sh: line 36: /var/folders/l2/1wpn5kpd0715sc20jc_g372h0000gn/T/report.XXXXXX.01P12VW7x6/report: No such file or directory
===== 2026-09-10 02:28:43 上报结束 =====

===== 2026-09-10 02:29:44 开始上报 =====
/Users/zhengbangli/code/GoLearn/polaris/global-scheduler/cmd/report/run_crontab.sh: line 36: /var/folders/l2/1wpn5kpd0715sc20jc_g372h0000gn/T/report.XXXXXX.01P12VW7x6/report: No such file or directory
===== 2026-09-10 02:29:44 上报结束 =====

===== 2026-09-10 02:30:45 开始上报 =====
/Users/zhengbangli/code/GoLearn/polaris/global-scheduler/cmd/report/run_crontab.sh: line 36: /var/folders/l2/1wpn5kpd0715sc20jc_g372h0000gn/T/report.XXXXXX.01P12VW7x6/report: No such file or directory
===== 2026-09-10 02:30:45 上报结束 =====

===== 2026-09-10 02:31:46 开始上报 =====
/Users/zhengbangli/code/GoLearn/polaris/global-scheduler/cmd/report/run_crontab.sh: line 36: /var/folders/l2/1wpn5kpd0715sc20jc_g372h0000gn/T/report.XXXXXX.01P12VW7x6/report: No such file or directory
===== 2026-09-10 02:31:46 上报结束 =====

===== 2026-09-10 02:32:47 开始上报 =====
/Users/zhengbangli/code/GoLearn/polaris/global-scheduler/cmd/report/run_crontab.sh: line 36: /var/folders/l2/1wpn5kpd0715sc20jc_g372h0000gn/T/report.XXXXXX.01P12VW7x6/report: No such file or directory
===== 2026-09-10 02:32:47 上报结束 =====

===== 2026-09-10 02:33:48 开始上报 =====
/Users/zhengbangli/code/GoLearn/polaris/global-scheduler/cmd/report/run_crontab.sh: line 36: /var/folders/l2/1wpn5kpd0715sc20jc_g372h0000gn/T/report.XXXXXX.01P12VW7x6/report: No such file or directory
===== 2026-09-10 02:33:48 上报结束 =====

===== 2026-09-10 02:34:49 开始上报 =====
/Users/zhengbangli/code/GoLearn/polaris/global-scheduler/cmd/report/run_crontab.sh: line 36: /var/folders/l2/1wpn5kpd0715sc20jc_g372h0000gn/T/report.XXXXXX.01P12VW7x6/report: No such file or directory
===== 2026-09-10 02:34:49 上报结束 =====

===== 2026-09-10 02:35:50 开始上报 =====
/Users/zhengbangli/code/GoLearn/polaris/global-scheduler/cmd/report/run_crontab.sh: line 36: /var/folders/l2/1wpn5kpd0715sc20jc_g372h0000gn/T/report.XXXXXX.01P12VW7x6/report: No such file or directory
===== 2026-09-10 02:35:50 上报结束 =====

===== 2026-09-10 02:36:51 开始上报 =====
/Users/zhengbangli/code/GoLearn/polaris/global-scheduler/cmd/report/run_crontab.sh: line 36: /var/folders/l2/1wpn5kpd0715sc20jc_g372h0000gn/T/report.XXXXXX.01P12VW7x6/report: No such file or directory
===== 2026-09-10 02:36:51 上报结束 =====

===== 2026-09-10 02:37:52 开始上报 =====
/Users/zhengbangli/code/GoLearn/polaris/global-scheduler/cmd/report/run_crontab.sh: line 36: /var/folders/l2/1wpn5kpd0715sc20jc_g372h0000gn/T/report.XXXXXX.01P12VW7x6/report: No such file or directory
===== 2026-09-10 02:37:52 上报结束 =====

===== 2026-09-10 02:38:53 开始上报 =====
/Users/zhengbangli/code/GoLearn/polaris/global-scheduler/cmd/report/run_crontab.sh: line 36: /var/folders/l2/1wpn5kpd0715sc20jc_g372h0000gn/T/report.XXXXXX.01P12VW7x6/report: No such file or directory
===== 2026-09-10 02:38:53 上报结束 =====

===== 2026-09-10 02:39:54 开始上报 =====
/Users/zhengbangli/code/GoLearn/polaris/global-scheduler/cmd/report/run_crontab.sh: line 36: /var/folders/l2/1wpn5kpd0715sc20jc_g372h0000gn/T/report.XXXXXX.01P12VW7x6/report: No such file or directory
===== 2026-09-10 02:39:54 上报结束 =====

===== 2026-09-10 02:40:55 开始上报 =====
/Users/zhengbangli/code/GoLearn/polaris/global-scheduler/cmd/report/run_crontab.sh: line 36: /var/folders/l2/1wpn5kpd0715sc20jc_g372h0000gn/T/report.XXXXXX.01P12VW7x6/report: No such file or directory
===== 2026-09-10 02:40:55 上报结束 =====

===== 2026-09-10 02:41:56 开始上报 =====
/Users/zhengbangli/code/GoLearn/polaris/global-scheduler/cmd/report/run_crontab.sh: line 36: /var/folders/l2/1wpn5kpd0715sc20jc_g372h0000gn/T/report.XXXXXX.01P12VW7x6/report: No such file or directory
===== 2026-09-10 02:41:56 上报结束 =====

===== 2026-09-10 02:42:57 开始上报 =====
/Users/zhengbangli/code/GoLearn/polaris/global-scheduler/cmd/report/run_crontab.sh: line 36: /var/folders/l2/1wpn5kpd0715sc20jc_g372h0000gn/T/report.XXXXXX.01P12VW7x6/report: No such file or directory
===== 2026-09-10 02:42:57 上报结束 =====

===== 2026-09-10 02:43:58 开始上报 =====
/Users/zhengbangli/code/GoLearn/polaris/global-scheduler/cmd/report/run_crontab.sh: line 36: /var/folders/l2/1wpn5kpd0715sc20jc_g372h0000gn/T/report.XXXXXX.01P12VW7x6/report: No such file or directory
===== 2026-09-10 02:43:58 上报结束 =====

===== 2026-09-10 02:44:59 开始上报 =====
/Users/zhengbangli/code/GoLearn/polaris/global-scheduler/cmd/report/run_crontab.sh: line 36: /var/folders/l2/1wpn5kpd0715sc20jc_g372h0000gn/T/report.XXXXXX.01P12VW7x6/report: No such file or directory
===== 2026-09-10 02:44:59 上报结束 =====

===== 2026-09-10 02:46:00 开始上报 =====
/Users/zhengbangli/code/GoLearn/polaris/global-scheduler/cmd/report/run_crontab.sh: line 36: /var/folders/l2/1wpn5kpd0715sc20jc_g372h0000gn/T/report.XXXXXX.01P12VW7x6/report: No such file or directory
===== 2026-09-10 02:46:00 上报结束 =====

===== 2026-09-10 02:47:01 开始上报 =====
/Users/zhengbangli/code/GoLearn/polaris/global-scheduler/cmd/report/run_crontab.sh: line 36: /var/folders/l2/1wpn5kpd0715sc20jc_g372h0000gn/T/report.XXXXXX.01P12VW7x6/report: No such file or directory
===== 2026-09-10 02:47:01 上报结束 =====

===== 2026-09-10 02:48:02 开始上报 =====
/Users/zhengbangli/code/GoLearn/polaris/global-scheduler/cmd/report/run_crontab.sh: line 36: /var/folders/l2/1wpn5kpd0715sc20jc_g372h0000gn/T/report.XXXXXX.01P12VW7x6/report: No such file or directory
===== 2026-09-10 02:48:02 上报结束 =====

===== 2026-09-10 02:49:03 开始上报 =====
/Users/zhengbangli/code/GoLearn/polaris/global-scheduler/cmd/report/run_crontab.sh: line 36: /var/folders/l2/1wpn5kpd0715sc20jc_g372h0000gn/T/report.XXXXXX.01P12VW7x6/report: No such file or directory
===== 2026-09-10 02:49:03 上报结束 =====

===== 2026-09-10 02:50:04 开始上报 =====
/Users/zhengbangli/code/GoLearn/polaris/global-scheduler/cmd/report/run_crontab.sh: line 36: /var/folders/l2/1wpn5kpd0715sc20jc_g372h0000gn/T/report.XXXXXX.01P12VW7x6/report: No such file or directory
===== 2026-09-10 02:50:04 上报结束 =====

===== 2026-09-10 02:51:05 开始上报 =====
/Users/zhengbangli/code/GoLearn/polaris/global-scheduler/cmd/report/run_crontab.sh: line 36: /var/folders/l2/1wpn5kpd0715sc20jc_g372h0000gn/T/report.XXXXXX.01P12VW7x6/report: No such file or directory
===== 2026-09-10 02:51:05 上报结束 =====

===== 2026-09-10 02:52:06 开始上报 =====
/Users/zhengbangli/code/GoLearn/polaris/global-scheduler/cmd/report/run_crontab.sh: line 36: /var/folders/l2/1wpn5kpd0715sc20jc_g372h0000gn/T/report.XXXXXX.01P12VW7x6/report: No such file or directory
===== 2026-09-10 02:52:06 上报结束 =====

===== 2026-09-10 02:53:07 开始上报 =====
/Users/zhengbangli/code/GoLearn/polaris/global-scheduler/cmd/report/run_crontab.sh: line 36: /var/folders/l2/1wpn5kpd0715sc20jc_g372h0000gn/T/report.XXXXXX.01P12VW7x6/report: No such file or directory
===== 2026-09-10 02:53:07 上报结束 =====

===== 2026-09-10 02:54:08 开始上报 =====
/Users/zhengbangli/code/GoLearn/polaris/global-scheduler/cmd/report/run_crontab.sh: line 36: /var/folders/l2/1wpn5kpd0715sc20jc_g372h0000gn/T/report.XXXXXX.01P12VW7x6/report: No such file or directory
===== 2026-09-10 02:54:08 上报结束 =====

===== 2026-09-10 02:55:09 开始上报 =====
/Users/zhengbangli/code/GoLearn/polaris/global-scheduler/cmd/report/run_crontab.sh: line 36: /var/folders/l2/1wpn5kpd0715sc20jc_g372h0000gn/T/report.XXXXXX.01P12VW7x6/report: No such file or directory
===== 2026-09-10 02:55:09 上报结束 =====

===== 2026-09-10 02:56:10 开始上报 =====
/Users/zhengbangli/code/GoLearn/polaris/global-scheduler/cmd/report/run_crontab.sh: line 36: /var/folders/l2/1wpn5kpd0715sc20jc_g372h0000gn/T/report.XXXXXX.01P12VW7x6/report: No such file or directory
===== 2026-09-10 02:56:10 上报结束 =====

===== 2026-09-10 02:57:11 开始上报 =====
/Users/zhengbangli/code/GoLearn/polaris/global-scheduler/cmd/report/run_crontab.sh: line 36: /var/folders/l2/1wpn5kpd0715sc20jc_g372h0000gn/T/report.XXXXXX.01P12VW7x6/report: No such file or directory
===== 2026-09-10 02:57:11 上报结束 =====

===== 2026-09-10 02:58:12 开始上报 =====
/Users/zhengbangli/code/GoLearn/polaris/global-scheduler/cmd/report/run_crontab.sh: line 36: /var/folders/l2/1wpn5kpd0715sc20jc_g372h0000gn/T/report.XXXXXX.01P12VW7x6/report: No such file or directory
===== 2026-09-10 02:58:12 上报结束 =====

===== 2026-09-10 02:59:13 开始上报 =====
/Users/zhengbangli/code/GoLearn/polaris/global-scheduler/cmd/report/run_crontab.sh: line 36: /var/folders/l2/1wpn5kpd0715sc20jc_g372h0000gn/T/report.XXXXXX.01P12VW7x6/report: No such file or directory
===== 2026-09-10 02:59:13 上报结束 =====

===== 2026-09-10 03:00:14 开始上报 =====
/Users/zhengbangli/code/GoLearn/polaris/global-scheduler/cmd/report/run_crontab.sh: line 36: /var/folders/l2/1wpn5kpd0715sc20jc_g372h0000gn/T/report.XXXXXX.01P12VW7x6/report: No such file or directory
===== 2026-09-10 03:00:14 上报结束 =====

===== 2026-09-10 03:01:15 开始上报 =====
/Users/zhengbangli/code/GoLearn/polaris/global-scheduler/cmd/report/run_crontab.sh: line 36: /var/folders/l2/1wpn5kpd0715sc20jc_g372h0000gn/T/report.XXXXXX.01P12VW7x6/report: No such file or directory
===== 2026-09-10 03:01:15 上报结束 =====

===== 2026-09-10 03:02:16 开始上报 =====
/Users/zhengbangli/code/GoLearn/polaris/global-scheduler/cmd/report/run_crontab.sh: line 36: /var/folders/l2/1wpn5kpd0715sc20jc_g372h0000gn/T/report.XXXXXX.01P12VW7x6/report: No such file or directory
===== 2026-09-10 03:02:16 上报结束 =====

===== 2026-09-10 03:03:17 开始上报 =====
/Users/zhengbangli/code/GoLearn/polaris/global-scheduler/cmd/report/run_crontab.sh: line 36: /var/folders/l2/1wpn5kpd0715sc20jc_g372h0000gn/T/report.XXXXXX.01P12VW7x6/report: No such file or directory
===== 2026-09-10 03:03:17 上报结束 =====

===== 2026-09-10 03:04:18 开始上报 =====
/Users/zhengbangli/code/GoLearn/polaris/global-scheduler/cmd/report/run_crontab.sh: line 36: /var/folders/l2/1wpn5kpd0715sc20jc_g372h0000gn/T/report.XXXXXX.01P12VW7x6/report: No such file or directory
===== 2026-09-10 03:04:18 上报结束 =====

===== 2026-09-10 03:05:19 开始上报 =====
/Users/zhengbangli/code/GoLearn/polaris/global-scheduler/cmd/report/run_crontab.sh: line 36: /var/folders/l2/1wpn5kpd0715sc20jc_g372h0000gn/T/report.XXXXXX.01P12VW7x6/report: No such file or directory
===== 2026-09-10 03:05:19 上报结束 =====

===== 2026-09-10 03:06:20 开始上报 =====
/Users/zhengbangli/code/GoLearn/polaris/global-scheduler/cmd/report/run_crontab.sh: line 36: /var/folders/l2/1wpn5kpd0715sc20jc_g372h0000gn/T/report.XXXXXX.01P12VW7x6/report: No such file or directory
===== 2026-09-10 03:06:20 上报结束 =====

===== 2026-09-10 03:07:21 开始上报 =====
/Users/zhengbangli/code/GoLearn/polaris/global-scheduler/cmd/report/run_crontab.sh: line 36: /var/folders/l2/1wpn5kpd0715sc20jc_g372h0000gn/T/report.XXXXXX.01P12VW7x6/report: No such file or directory
===== 2026-09-10 03:07:21 上报结束 =====

===== 2026-09-10 03:08:22 开始上报 =====
/Users/zhengbangli/code/GoLearn/polaris/global-scheduler/cmd/report/run_crontab.sh: line 36: /var/folders/l2/1wpn5kpd0715sc20jc_g372h0000gn/T/report.XXXXXX.01P12VW7x6/report: No such file or directory
===== 2026-09-10 03:08:22 上报结束 =====

===== 2026-09-10 03:09:23 开始上报 =====
/Users/zhengbangli/code/GoLearn/polaris/global-scheduler/cmd/report/run_crontab.sh: line 36: /var/folders/l2/1wpn5kpd0715sc20jc_g372h0000gn/T/report.XXXXXX.01P12VW7x6/report: No such file or directory
===== 2026-09-10 03:09:23 上报结束 =====

===== 2026-09-10 03:10:24 开始上报 =====
/Users/zhengbangli/code/GoLearn/polaris/global-scheduler/cmd/report/run_crontab.sh: line 36: /var/folders/l2/1wpn5kpd0715sc20jc_g372h0000gn/T/report.XXXXXX.01P12VW7x6/report: No such file or directory
===== 2026-09-10 03:10:24 上报结束 =====

===== 2026-09-10 03:11:25 开始上报 =====
/Users/zhengbangli/code/GoLearn/polaris/global-scheduler/cmd/report/run_crontab.sh: line 36: /var/folders/l2/1wpn5kpd0715sc20jc_g372h0000gn/T/report.XXXXXX.01P12VW7x6/report: No such file or directory
===== 2026-09-10 03:11:25 上报结束 =====

===== 2026-09-10 03:12:26 开始上报 =====
/Users/zhengbangli/code/GoLearn/polaris/global-scheduler/cmd/report/run_crontab.sh: line 36: /var/folders/l2/1wpn5kpd0715sc20jc_g372h0000gn/T/report.XXXXXX.01P12VW7x6/report: No such file or directory
===== 2026-09-10 03:12:26 上报结束 =====

===== 2026-09-10 03:13:27 开始上报 =====
/Users/zhengbangli/code/GoLearn/polaris/global-scheduler/cmd/report/run_crontab.sh: line 36: /var/folders/l2/1wpn5kpd0715sc20jc_g372h0000gn/T/report.XXXXXX.01P12VW7x6/report: No such file or directory
===== 2026-09-10 03:13:27 上报结束 =====

===== 2026-09-10 03:14:28 开始上报 =====
/Users/zhengbangli/code/GoLearn/polaris/global-scheduler/cmd/report/run_crontab.sh: line 36: /var/folders/l2/1wpn5kpd0715sc20jc_g372h0000gn/T/report.XXXXXX.01P12VW7x6/report: No such file or directory
===== 2026-09-10 03:14:28 上报结束 =====

===== 2026-09-10 03:15:29 开始上报 =====
/Users/zhengbangli/code/GoLearn/polaris/global-scheduler/cmd/report/run_crontab.sh: line 36: /var/folders/l2/1wpn5kpd0715sc20jc_g372h0000gn/T/report.XXXXXX.01P12VW7x6/report: No such file or directory
===== 2026-09-10 03:15:29 上报结束 =====

===== 2026-09-10 03:16:30 开始上报 =====
/Users/zhengbangli/code/GoLearn/polaris/global-scheduler/cmd/report/run_crontab.sh: line 36: /var/folders/l2/1wpn5kpd0715sc20jc_g372h0000gn/T/report.XXXXXX.01P12VW7x6/report: No such file or directory
===== 2026-09-10 03:16:30 上报结束 =====

===== 2026-09-10 03:17:31 开始上报 =====
/Users/zhengbangli/code/GoLearn/polaris/global-scheduler/cmd/report/run_crontab.sh: line 36: /var/folders/l2/1wpn5kpd0715sc20jc_g372h0000gn/T/report.XXXXXX.01P12VW7x6/report: No such file or directory
===== 2026-09-10 03:17:31 上报结束 =====

===== 2026-09-10 03:18:32 开始上报 =====
/Users/zhengbangli/code/GoLearn/polaris/global-scheduler/cmd/report/run_crontab.sh: line 36: /var/folders/l2/1wpn5kpd0715sc20jc_g372h0000gn/T/report.XXXXXX.01P12VW7x6/report: No such file or directory
===== 2026-09-10 03:18:32 上报结束 =====

===== 2026-09-10 03:19:33 开始上报 =====
/Users/zhengbangli/code/GoLearn/polaris/global-scheduler/cmd/report/run_crontab.sh: line 36: /var/folders/l2/1wpn5kpd0715sc20jc_g372h0000gn/T/report.XXXXXX.01P12VW7x6/report: No such file or directory
===== 2026-09-10 03:19:33 上报结束 =====

===== 2026-09-10 03:20:34 开始上报 =====
/Users/zhengbangli/code/GoLearn/polaris/global-scheduler/cmd/report/run_crontab.sh: line 36: /var/folders/l2/1wpn5kpd0715sc20jc_g372h0000gn/T/report.XXXXXX.01P12VW7x6/report: No such file or directory
===== 2026-09-10 03:20:34 上报结束 =====

===== 2026-09-10 03:21:35 开始上报 =====
/Users/zhengbangli/code/GoLearn/polaris/global-scheduler/cmd/report/run_crontab.sh: line 36: /var/folders/l2/1wpn5kpd0715sc20jc_g372h0000gn/T/report.XXXXXX.01P12VW7x6/report: No such file or directory
===== 2026-09-10 03:21:35 上报结束 =====

===== 2026-09-10 03:22:36 开始上报 =====
/Users/zhengbangli/code/GoLearn/polaris/global-scheduler/cmd/report/run_crontab.sh: line 36: /var/folders/l2/1wpn5kpd0715sc20jc_g372h0000gn/T/report.XXXXXX.01P12VW7x6/report: No such file or directory
===== 2026-09-10 03:22:36 上报结束 =====

===== 2026-09-10 03:23:37 开始上报 =====
/Users/zhengbangli/code/GoLearn/polaris/global-scheduler/cmd/report/run_crontab.sh: line 36: /var/folders/l2/1wpn5kpd0715sc20jc_g372h0000gn/T/report.XXXXXX.01P12VW7x6/report: No such file or directory
===== 2026-09-10 03:23:37 上报结束 =====

===== 2026-09-10 03:24:38 开始上报 =====
/Users/zhengbangli/code/GoLearn/polaris/global-scheduler/cmd/report/run_crontab.sh: line 36: /var/folders/l2/1wpn5kpd0715sc20jc_g372h0000gn/T/report.XXXXXX.01P12VW7x6/report: No such file or directory
===== 2026-09-10 03:24:38 上报结束 =====

===== 2026-09-10 03:25:39 开始上报 =====
/Users/zhengbangli/code/GoLearn/polaris/global-scheduler/cmd/report/run_crontab.sh: line 36: /var/folders/l2/1wpn5kpd0715sc20jc_g372h0000gn/T/report.XXXXXX.01P12VW7x6/report: No such file or directory
===== 2026-09-10 03:25:39 上报结束 =====

===== 2026-09-10 03:26:40 开始上报 =====
/Users/zhengbangli/code/GoLearn/polaris/global-scheduler/cmd/report/run_crontab.sh: line 36: /var/folders/l2/1wpn5kpd0715sc20jc_g372h0000gn/T/report.XXXXXX.01P12VW7x6/report: No such file or directory
===== 2026-09-10 03:26:40 上报结束 =====

===== 2026-09-10 03:27:41 开始上报 =====
/Users/zhengbangli/code/GoLearn/polaris/global-scheduler/cmd/report/run_crontab.sh: line 36: /var/folders/l2/1wpn5kpd0715sc20jc_g372h0000gn/T/report.XXXXXX.01P12VW7x6/report: No such file or directory
===== 2026-09-10 03:27:41 上报结束 =====

===== 2026-09-10 03:28:42 开始上报 =====
/Users/zhengbangli/code/GoLearn/polaris/global-scheduler/cmd/report/run_crontab.sh: line 36: /var/folders/l2/1wpn5kpd0715sc20jc_g372h0000gn/T/report.XXXXXX.01P12VW7x6/report: No such file or directory
===== 2026-09-10 03:28:42 上报结束 =====

===== 2026-09-10 03:29:43 开始上报 =====
/Users/zhengbangli/code/GoLearn/polaris/global-scheduler/cmd/report/run_crontab.sh: line 36: /var/folders/l2/1wpn5kpd0715sc20jc_g372h0000gn/T/report.XXXXXX.01P12VW7x6/report: No such file or directory
===== 2026-09-10 03:29:43 上报结束 =====

===== 2026-09-10 03:30:44 开始上报 =====
/Users/zhengbangli/code/GoLearn/polaris/global-scheduler/cmd/report/run_crontab.sh: line 36: /var/folders/l2/1wpn5kpd0715sc20jc_g372h0000gn/T/report.XXXXXX.01P12VW7x6/report: No such file or directory
===== 2026-09-10 03:30:44 上报结束 =====

===== 2026-09-10 03:31:45 开始上报 =====
/Users/zhengbangli/code/GoLearn/polaris/global-scheduler/cmd/report/run_crontab.sh: line 36: /var/folders/l2/1wpn5kpd0715sc20jc_g372h0000gn/T/report.XXXXXX.01P12VW7x6/report: No such file or directory
===== 2026-09-10 03:31:45 上报结束 =====

===== 2026-09-10 03:32:46 开始上报 =====
/Users/zhengbangli/code/GoLearn/polaris/global-scheduler/cmd/report/run_crontab.sh: line 36: /var/folders/l2/1wpn5kpd0715sc20jc_g372h0000gn/T/report.XXXXXX.01P12VW7x6/report: No such file or directory
===== 2026-09-10 03:32:46 上报结束 =====

===== 2026-09-10 03:33:47 开始上报 =====
/Users/zhengbangli/code/GoLearn/polaris/global-scheduler/cmd/report/run_crontab.sh: line 36: /var/folders/l2/1wpn5kpd0715sc20jc_g372h0000gn/T/report.XXXXXX.01P12VW7x6/report: No such file or directory
===== 2026-09-10 03:33:47 上报结束 =====

===== 2026-09-10 03:34:48 开始上报 =====
/Users/zhengbangli/code/GoLearn/polaris/global-scheduler/cmd/report/run_crontab.sh: line 36: /var/folders/l2/1wpn5kpd0715sc20jc_g372h0000gn/T/report.XXXXXX.01P12VW7x6/report: No such file or directory
===== 2026-09-10 03:34:48 上报结束 =====

===== 2026-09-10 03:35:49 开始上报 =====
/Users/zhengbangli/code/GoLearn/polaris/global-scheduler/cmd/report/run_crontab.sh: line 36: /var/folders/l2/1wpn5kpd0715sc20jc_g372h0000gn/T/report.XXXXXX.01P12VW7x6/report: No such file or directory
===== 2026-09-10 03:35:49 上报结束 =====

===== 2026-09-10 03:36:50 开始上报 =====
/Users/zhengbangli/code/GoLearn/polaris/global-scheduler/cmd/report/run_crontab.sh: line 36: /var/folders/l2/1wpn5kpd0715sc20jc_g372h0000gn/T/report.XXXXXX.01P12VW7x6/report: No such file or directory
===== 2026-09-10 03:36:50 上报结束 =====

===== 2026-09-10 03:37:51 开始上报 =====
/Users/zhengbangli/code/GoLearn/polaris/global-scheduler/cmd/report/run_crontab.sh: line 36: /var/folders/l2/1wpn5kpd0715sc20jc_g372h0000gn/T/report.XXXXXX.01P12VW7x6/report: No such file or directory
===== 2026-09-10 03:37:51 上报结束 =====

===== 2026-09-10 03:38:52 开始上报 =====
/Users/zhengbangli/code/GoLearn/polaris/global-scheduler/cmd/report/run_crontab.sh: line 36: /var/folders/l2/1wpn5kpd0715sc20jc_g372h0000gn/T/report.XXXXXX.01P12VW7x6/report: No such file or directory
===== 2026-09-10 03:38:52 上报结束 =====

===== 2026-09-10 03:39:53 开始上报 =====
/Users/zhengbangli/code/GoLearn/polaris/global-scheduler/cmd/report/run_crontab.sh: line 36: /var/folders/l2/1wpn5kpd0715sc20jc_g372h0000gn/T/report.XXXXXX.01P12VW7x6/report: No such file or directory
===== 2026-09-10 03:39:53 上报结束 =====

===== 2026-09-10 03:40:54 开始上报 =====
/Users/zhengbangli/code/GoLearn/polaris/global-scheduler/cmd/report/run_crontab.sh: line 36: /var/folders/l2/1wpn5kpd0715sc20jc_g372h0000gn/T/report.XXXXXX.01P12VW7x6/report: No such file or directory
===== 2026-09-10 03:40:54 上报结束 =====

===== 2026-09-10 03:41:55 开始上报 =====
/Users/zhengbangli/code/GoLearn/polaris/global-scheduler/cmd/report/run_crontab.sh: line 36: /var/folders/l2/1wpn5kpd0715sc20jc_g372h0000gn/T/report.XXXXXX.01P12VW7x6/report: No such file or directory
===== 2026-09-10 03:41:55 上报结束 =====

===== 2026-09-10 03:42:55 开始上报 =====
/Users/zhengbangli/code/GoLearn/polaris/global-scheduler/cmd/report/run_crontab.sh: line 36: /var/folders/l2/1wpn5kpd0715sc20jc_g372h0000gn/T/report.XXXXXX.01P12VW7x6/report: No such file or directory
===== 2026-09-10 03:42:55 上报结束 =====

===== 2026-09-10 03:43:56 开始上报 =====
/Users/zhengbangli/code/GoLearn/polaris/global-scheduler/cmd/report/run_crontab.sh: line 36: /var/folders/l2/1wpn5kpd0715sc20jc_g372h0000gn/T/report.XXXXXX.01P12VW7x6/report: No such file or directory
===== 2026-09-10 03:43:56 上报结束 =====

===== 2026-09-10 03:44:57 开始上报 =====
/Users/zhengbangli/code/GoLearn/polaris/global-scheduler/cmd/report/run_crontab.sh: line 36: /var/folders/l2/1wpn5kpd0715sc20jc_g372h0000gn/T/report.XXXXXX.01P12VW7x6/report: No such file or directory
===== 2026-09-10 03:44:57 上报结束 =====

===== 2026-09-10 03:45:58 开始上报 =====
/Users/zhengbangli/code/GoLearn/polaris/global-scheduler/cmd/report/run_crontab.sh: line 36: /var/folders/l2/1wpn5kpd0715sc20jc_g372h0000gn/T/report.XXXXXX.01P12VW7x6/report: No such file or directory
===== 2026-09-10 03:45:58 上报结束 =====

===== 2026-09-10 03:46:59 开始上报 =====
/Users/zhengbangli/code/GoLearn/polaris/global-scheduler/cmd/report/run_crontab.sh: line 36: /var/folders/l2/1wpn5kpd0715sc20jc_g372h0000gn/T/report.XXXXXX.01P12VW7x6/report: No such file or directory
===== 2026-09-10 03:46:59 上报结束 =====

===== 2026-09-10 03:48:00 开始上报 =====
/Users/zhengbangli/code/GoLearn/polaris/global-scheduler/cmd/report/run_crontab.sh: line 36: /var/folders/l2/1wpn5kpd0715sc20jc_g372h0000gn/T/report.XXXXXX.01P12VW7x6/report: No such file or directory
===== 2026-09-10 03:48:00 上报结束 =====

===== 2026-09-10 03:49:01 开始上报 =====
/Users/zhengbangli/code/GoLearn/polaris/global-scheduler/cmd/report/run_crontab.sh: line 36: /var/folders/l2/1wpn5kpd0715sc20jc_g372h0000gn/T/report.XXXXXX.01P12VW7x6/report: No such file or directory
===== 2026-09-10 03:49:01 上报结束 =====

===== 2026-09-10 03:50:02 开始上报 =====
/Users/zhengbangli/code/GoLearn/polaris/global-scheduler/cmd/report/run_crontab.sh: line 36: /var/folders/l2/1wpn5kpd0715sc20jc_g372h0000gn/T/report.XXXXXX.01P12VW7x6/report: No such file or directory
===== 2026-09-10 03:50:02 上报结束 =====

===== 2026-09-10 03:51:03 开始上报 =====
/Users/zhengbangli/code/GoLearn/polaris/global-scheduler/cmd/report/run_crontab.sh: line 36: /var/folders/l2/1wpn5kpd0715sc20jc_g372h0000gn/T/report.XXXXXX.01P12VW7x6/report: No such file or directory
===== 2026-09-10 03:51:03 上报结束 =====

===== 2026-09-10 03:52:04 开始上报 =====
/Users/zhengbangli/code/GoLearn/polaris/global-scheduler/cmd/report/run_crontab.sh: line 36: /var/folders/l2/1wpn5kpd0715sc20jc_g372h0000gn/T/report.XXXXXX.01P12VW7x6/report: No such file or directory
===== 2026-09-10 03:52:04 上报结束 =====

===== 2026-09-10 03:53:05 开始上报 =====
/Users/zhengbangli/code/GoLearn/polaris/global-scheduler/cmd/report/run_crontab.sh: line 36: /var/folders/l2/1wpn5kpd0715sc20jc_g372h0000gn/T/report.XXXXXX.01P12VW7x6/report: No such file or directory
===== 2026-09-10 03:53:05 上报结束 =====

===== 2026-09-10 03:54:06 开始上报 =====
/Users/zhengbangli/code/GoLearn/polaris/global-scheduler/cmd/report/run_crontab.sh: line 36: /var/folders/l2/1wpn5kpd0715sc20jc_g372h0000gn/T/report.XXXXXX.01P12VW7x6/report: No such file or directory
===== 2026-09-10 03:54:06 上报结束 =====

===== 2026-09-10 03:55:07 开始上报 =====
/Users/zhengbangli/code/GoLearn/polaris/global-scheduler/cmd/report/run_crontab.sh: line 36: /var/folders/l2/1wpn5kpd0715sc20jc_g372h0000gn/T/report.XXXXXX.01P12VW7x6/report: No such file or directory
===== 2026-09-10 03:55:07 上报结束 =====

===== 2026-09-10 03:56:08 开始上报 =====
/Users/zhengbangli/code/GoLearn/polaris/global-scheduler/cmd/report/run_crontab.sh: line 36: /var/folders/l2/1wpn5kpd0715sc20jc_g372h0000gn/T/report.XXXXXX.01P12VW7x6/report: No such file or directory
===== 2026-09-10 03:56:08 上报结束 =====

===== 2026-09-10 03:57:09 开始上报 =====
/Users/zhengbangli/code/GoLearn/polaris/global-scheduler/cmd/report/run_crontab.sh: line 36: /var/folders/l2/1wpn5kpd0715sc20jc_g372h0000gn/T/report.XXXXXX.01P12VW7x6/report: No such file or directory
===== 2026-09-10 03:57:09 上报结束 =====

===== 2026-09-10 03:58:10 开始上报 =====
/Users/zhengbangli/code/GoLearn/polaris/global-scheduler/cmd/report/run_crontab.sh: line 36: /var/folders/l2/1wpn5kpd0715sc20jc_g372h0000gn/T/report.XXXXXX.01P12VW7x6/report: No such file or directory
===== 2026-09-10 03:58:10 上报结束 =====

===== 2026-09-10 03:59:11 开始上报 =====
/Users/zhengbangli/code/GoLearn/polaris/global-scheduler/cmd/report/run_crontab.sh: line 36: /var/folders/l2/1wpn5kpd0715sc20jc_g372h0000gn/T/report.XXXXXX.01P12VW7x6/report: No such file or directory
===== 2026-09-10 03:59:11 上报结束 =====

===== 2026-09-10 04:00:12 开始上报 =====
/Users/zhengbangli/code/GoLearn/polaris/global-scheduler/cmd/report/run_crontab.sh: line 36: /var/folders/l2/1wpn5kpd0715sc20jc_g372h0000gn/T/report.XXXXXX.01P12VW7x6/report: No such file or directory
===== 2026-09-10 04:00:12 上报结束 =====

===== 2026-09-10 04:01:14 开始上报 =====
/Users/zhengbangli/code/GoLearn/polaris/global-scheduler/cmd/report/run_crontab.sh: line 36: /var/folders/l2/1wpn5kpd0715sc20jc_g372h0000gn/T/report.XXXXXX.01P12VW7x6/report: No such file or directory
===== 2026-09-10 04:01:14 上报结束 =====

===== 2026-09-10 04:02:15 开始上报 =====
/Users/zhengbangli/code/GoLearn/polaris/global-scheduler/cmd/report/run_crontab.sh: line 36: /var/folders/l2/1wpn5kpd0715sc20jc_g372h0000gn/T/report.XXXXXX.01P12VW7x6/report: No such file or directory
===== 2026-09-10 04:02:15 上报结束 =====

===== 2026-09-10 04:03:16 开始上报 =====
/Users/zhengbangli/code/GoLearn/polaris/global-scheduler/cmd/report/run_crontab.sh: line 36: /var/folders/l2/1wpn5kpd0715sc20jc_g372h0000gn/T/report.XXXXXX.01P12VW7x6/report: No such file or directory
===== 2026-09-10 04:03:16 上报结束 =====

===== 2026-09-10 04:04:16 开始上报 =====
/Users/zhengbangli/code/GoLearn/polaris/global-scheduler/cmd/report/run_crontab.sh: line 36: /var/folders/l2/1wpn5kpd0715sc20jc_g372h0000gn/T/report.XXXXXX.01P12VW7x6/report: No such file or directory
===== 2026-09-10 04:04:16 上报结束 =====

===== 2026-09-10 04:05:17 开始上报 =====
/Users/zhengbangli/code/GoLearn/polaris/global-scheduler/cmd/report/run_crontab.sh: line 36: /var/folders/l2/1wpn5kpd0715sc20jc_g372h0000gn/T/report.XXXXXX.01P12VW7x6/report: No such file or directory
===== 2026-09-10 04:05:17 上报结束 =====

===== 2026-09-10 04:06:18 开始上报 =====
/Users/zhengbangli/code/GoLearn/polaris/global-scheduler/cmd/report/run_crontab.sh: line 36: /var/folders/l2/1wpn5kpd0715sc20jc_g372h0000gn/T/report.XXXXXX.01P12VW7x6/report: No such file or directory
===== 2026-09-10 04:06:18 上报结束 =====

===== 2026-09-10 04:07:19 开始上报 =====
/Users/zhengbangli/code/GoLearn/polaris/global-scheduler/cmd/report/run_crontab.sh: line 36: /var/folders/l2/1wpn5kpd0715sc20jc_g372h0000gn/T/report.XXXXXX.01P12VW7x6/report: No such file or directory
===== 2026-09-10 04:07:19 上报结束 =====

===== 2026-09-10 04:08:20 开始上报 =====
/Users/zhengbangli/code/GoLearn/polaris/global-scheduler/cmd/report/run_crontab.sh: line 36: /var/folders/l2/1wpn5kpd0715sc20jc_g372h0000gn/T/report.XXXXXX.01P12VW7x6/report: No such file or directory
===== 2026-09-10 04:08:20 上报结束 =====

===== 2026-09-10 04:09:21 开始上报 =====
/Users/zhengbangli/code/GoLearn/polaris/global-scheduler/cmd/report/run_crontab.sh: line 36: /var/folders/l2/1wpn5kpd0715sc20jc_g372h0000gn/T/report.XXXXXX.01P12VW7x6/report: No such file or directory
===== 2026-09-10 04:09:21 上报结束 =====

===== 2026-09-10 04:10:22 开始上报 =====
/Users/zhengbangli/code/GoLearn/polaris/global-scheduler/cmd/report/run_crontab.sh: line 36: /var/folders/l2/1wpn5kpd0715sc20jc_g372h0000gn/T/report.XXXXXX.01P12VW7x6/report: No such file or directory
===== 2026-09-10 04:10:22 上报结束 =====

===== 2026-09-10 04:11:23 开始上报 =====
/Users/zhengbangli/code/GoLearn/polaris/global-scheduler/cmd/report/run_crontab.sh: line 36: /var/folders/l2/1wpn5kpd0715sc20jc_g372h0000gn/T/report.XXXXXX.01P12VW7x6/report: No such file or directory
===== 2026-09-10 04:11:23 上报结束 =====

===== 2026-09-10 04:12:24 开始上报 =====
/Users/zhengbangli/code/GoLearn/polaris/global-scheduler/cmd/report/run_crontab.sh: line 36: /var/folders/l2/1wpn5kpd0715sc20jc_g372h0000gn/T/report.XXXXXX.01P12VW7x6/report: No such file or directory
===== 2026-09-10 04:12:24 上报结束 =====

===== 2026-09-10 04:13:25 开始上报 =====
/Users/zhengbangli/code/GoLearn/polaris/global-scheduler/cmd/report/run_crontab.sh: line 36: /var/folders/l2/1wpn5kpd0715sc20jc_g372h0000gn/T/report.XXXXXX.01P12VW7x6/report: No such file or directory
===== 2026-09-10 04:13:25 上报结束 =====

===== 2026-09-10 04:14:26 开始上报 =====
/Users/zhengbangli/code/GoLearn/polaris/global-scheduler/cmd/report/run_crontab.sh: line 36: /var/folders/l2/1wpn5kpd0715sc20jc_g372h0000gn/T/report.XXXXXX.01P12VW7x6/report: No such file or directory
===== 2026-09-10 04:14:26 上报结束 =====

===== 2026-09-10 04:15:27 开始上报 =====
/Users/zhengbangli/code/GoLearn/polaris/global-scheduler/cmd/report/run_crontab.sh: line 36: /var/folders/l2/1wpn5kpd0715sc20jc_g372h0000gn/T/report.XXXXXX.01P12VW7x6/report: No such file or directory
===== 2026-09-10 04:15:27 上报结束 =====

===== 2026-09-10 04:16:28 开始上报 =====
/Users/zhengbangli/code/GoLearn/polaris/global-scheduler/cmd/report/run_crontab.sh: line 36: /var/folders/l2/1wpn5kpd0715sc20jc_g372h0000gn/T/report.XXXXXX.01P12VW7x6/report: No such file or directory
===== 2026-09-10 04:16:28 上报结束 =====

===== 2026-09-10 04:17:29 开始上报 =====
/Users/zhengbangli/code/GoLearn/polaris/global-scheduler/cmd/report/run_crontab.sh: line 36: /var/folders/l2/1wpn5kpd0715sc20jc_g372h0000gn/T/report.XXXXXX.01P12VW7x6/report: No such file or directory
===== 2026-09-10 04:17:29 上报结束 =====

===== 2026-09-10 04:18:30 开始上报 =====
/Users/zhengbangli/code/GoLearn/polaris/global-scheduler/cmd/report/run_crontab.sh: line 36: /var/folders/l2/1wpn5kpd0715sc20jc_g372h0000gn/T/report.XXXXXX.01P12VW7x6/report: No such file or directory
===== 2026-09-10 04:18:30 上报结束 =====

===== 2026-09-10 04:19:31 开始上报 =====
/Users/zhengbangli/code/GoLearn/polaris/global-scheduler/cmd/report/run_crontab.sh: line 36: /var/folders/l2/1wpn5kpd0715sc20jc_g372h0000gn/T/report.XXXXXX.01P12VW7x6/report: No such file or directory
===== 2026-09-10 04:19:31 上报结束 =====

===== 2026-09-10 04:20:32 开始上报 =====
/Users/zhengbangli/code/GoLearn/polaris/global-scheduler/cmd/report/run_crontab.sh: line 36: /var/folders/l2/1wpn5kpd0715sc20jc_g372h0000gn/T/report.XXXXXX.01P12VW7x6/report: No such file or directory
===== 2026-09-10 04:20:32 上报结束 =====

===== 2026-09-10 04:21:33 开始上报 =====
/Users/zhengbangli/code/GoLearn/polaris/global-scheduler/cmd/report/run_crontab.sh: line 36: /var/folders/l2/1wpn5kpd0715sc20jc_g372h0000gn/T/report.XXXXXX.01P12VW7x6/report: No such file or directory
===== 2026-09-10 04:21:33 上报结束 =====

===== 2026-09-10 04:22:34 开始上报 =====
/Users/zhengbangli/code/GoLearn/polaris/global-scheduler/cmd/report/run_crontab.sh: line 36: /var/folders/l2/1wpn5kpd0715sc20jc_g372h0000gn/T/report.XXXXXX.01P12VW7x6/report: No such file or directory
===== 2026-09-10 04:22:34 上报结束 =====

===== 2026-09-10 04:23:35 开始上报 =====
/Users/zhengbangli/code/GoLearn/polaris/global-scheduler/cmd/report/run_crontab.sh: line 36: /var/folders/l2/1wpn5kpd0715sc20jc_g372h0000gn/T/report.XXXXXX.01P12VW7x6/report: No such file or directory
===== 2026-09-10 04:23:35 上报结束 =====

===== 2026-09-10 04:24:36 开始上报 =====
/Users/zhengbangli/code/GoLearn/polaris/global-scheduler/cmd/report/run_crontab.sh: line 36: /var/folders/l2/1wpn5kpd0715sc20jc_g372h0000gn/T/report.XXXXXX.01P12VW7x6/report: No such file or directory
===== 2026-09-10 04:24:36 上报结束 =====

===== 2026-09-10 04:25:37 开始上报 =====
/Users/zhengbangli/code/GoLearn/polaris/global-scheduler/cmd/report/run_crontab.sh: line 36: /var/folders/l2/1wpn5kpd0715sc20jc_g372h0000gn/T/report.XXXXXX.01P12VW7x6/report: No such file or directory
===== 2026-09-10 04:25:37 上报结束 =====

===== 2026-09-10 04:26:38 开始上报 =====
/Users/zhengbangli/code/GoLearn/polaris/global-scheduler/cmd/report/run_crontab.sh: line 36: /var/folders/l2/1wpn5kpd0715sc20jc_g372h0000gn/T/report.XXXXXX.01P12VW7x6/report: No such file or directory
===== 2026-09-10 04:26:38 上报结束 =====

===== 2026-09-10 04:27:39 开始上报 =====
/Users/zhengbangli/code/GoLearn/polaris/global-scheduler/cmd/report/run_crontab.sh: line 36: /var/folders/l2/1wpn5kpd0715sc20jc_g372h0000gn/T/report.XXXXXX.01P12VW7x6/report: No such file or directory
===== 2026-09-10 04:27:39 上报结束 =====

===== 2026-09-10 04:28:40 开始上报 =====
/Users/zhengbangli/code/GoLearn/polaris/global-scheduler/cmd/report/run_crontab.sh: line 36: /var/folders/l2/1wpn5kpd0715sc20jc_g372h0000gn/T/report.XXXXXX.01P12VW7x6/report: No such file or directory
===== 2026-09-10 04:28:40 上报结束 =====

===== 2026-09-10 04:29:41 开始上报 =====
/Users/zhengbangli/code/GoLearn/polaris/global-scheduler/cmd/report/run_crontab.sh: line 36: /var/folders/l2/1wpn5kpd0715sc20jc_g372h0000gn/T/report.XXXXXX.01P12VW7x6/report: No such file or directory
===== 2026-09-10 04:29:41 上报结束 =====

===== 2026-09-10 04:30:42 开始上报 =====
/Users/zhengbangli/code/GoLearn/polaris/global-scheduler/cmd/report/run_crontab.sh: line 36: /var/folders/l2/1wpn5kpd0715sc20jc_g372h0000gn/T/report.XXXXXX.01P12VW7x6/report: No such file or directory
===== 2026-09-10 04:30:42 上报结束 =====

===== 2026-09-10 04:31:43 开始上报 =====
/Users/zhengbangli/code/GoLearn/polaris/global-scheduler/cmd/report/run_crontab.sh: line 36: /var/folders/l2/1wpn5kpd0715sc20jc_g372h0000gn/T/report.XXXXXX.01P12VW7x6/report: No such file or directory
===== 2026-09-10 04:31:43 上报结束 =====

===== 2026-09-10 04:32:44 开始上报 =====
/Users/zhengbangli/code/GoLearn/polaris/global-scheduler/cmd/report/run_crontab.sh: line 36: /var/folders/l2/1wpn5kpd0715sc20jc_g372h0000gn/T/report.XXXXXX.01P12VW7x6/report: No such file or directory
===== 2026-09-10 04:32:44 上报结束 =====

===== 2026-09-10 04:33:45 开始上报 =====
/Users/zhengbangli/code/GoLearn/polaris/global-scheduler/cmd/report/run_crontab.sh: line 36: /var/folders/l2/1wpn5kpd0715sc20jc_g372h0000gn/T/report.XXXXXX.01P12VW7x6/report: No such file or directory
===== 2026-09-10 04:33:45 上报结束 =====

===== 2026-09-10 04:34:46 开始上报 =====
/Users/zhengbangli/code/GoLearn/polaris/global-scheduler/cmd/report/run_crontab.sh: line 36: /var/folders/l2/1wpn5kpd0715sc20jc_g372h0000gn/T/report.XXXXXX.01P12VW7x6/report: No such file or directory
===== 2026-09-10 04:34:46 上报结束 =====

===== 2026-09-10 04:35:47 开始上报 =====
/Users/zhengbangli/code/GoLearn/polaris/global-scheduler/cmd/report/run_crontab.sh: line 36: /var/folders/l2/1wpn5kpd0715sc20jc_g372h0000gn/T/report.XXXXXX.01P12VW7x6/report: No such file or directory
===== 2026-09-10 04:35:47 上报结束 =====

===== 2026-09-10 04:36:48 开始上报 =====
/Users/zhengbangli/code/GoLearn/polaris/global-scheduler/cmd/report/run_crontab.sh: line 36: /var/folders/l2/1wpn5kpd0715sc20jc_g372h0000gn/T/report.XXXXXX.01P12VW7x6/report: No such file or directory
===== 2026-09-10 04:36:48 上报结束 =====

===== 2026-09-10 04:37:49 开始上报 =====
/Users/zhengbangli/code/GoLearn/polaris/global-scheduler/cmd/report/run_crontab.sh: line 36: /var/folders/l2/1wpn5kpd0715sc20jc_g372h0000gn/T/report.XXXXXX.01P12VW7x6/report: No such file or directory
===== 2026-09-10 04:37:49 上报结束 =====

===== 2026-09-10 04:38:50 开始上报 =====
/Users/zhengbangli/code/GoLearn/polaris/global-scheduler/cmd/report/run_crontab.sh: line 36: /var/folders/l2/1wpn5kpd0715sc20jc_g372h0000gn/T/report.XXXXXX.01P12VW7x6/report: No such file or directory
===== 2026-09-10 04:38:50 上报结束 =====

===== 2026-09-10 04:39:51 开始上报 =====
/Users/zhengbangli/code/GoLearn/polaris/global-scheduler/cmd/report/run_crontab.sh: line 36: /var/folders/l2/1wpn5kpd0715sc20jc_g372h0000gn/T/report.XXXXXX.01P12VW7x6/report: No such file or directory
===== 2026-09-10 04:39:51 上报结束 =====

===== 2026-09-10 04:40:52 开始上报 =====
/Users/zhengbangli/code/GoLearn/polaris/global-scheduler/cmd/report/run_crontab.sh: line 36: /var/folders/l2/1wpn5kpd0715sc20jc_g372h0000gn/T/report.XXXXXX.01P12VW7x6/report: No such file or directory
===== 2026-09-10 04:40:52 上报结束 =====

===== 2026-09-10 04:41:53 开始上报 =====
/Users/zhengbangli/code/GoLearn/polaris/global-scheduler/cmd/report/run_crontab.sh: line 36: /var/folders/l2/1wpn5kpd0715sc20jc_g372h0000gn/T/report.XXXXXX.01P12VW7x6/report: No such file or directory
===== 2026-09-10 04:41:53 上报结束 =====

===== 2026-09-10 04:42:54 开始上报 =====
/Users/zhengbangli/code/GoLearn/polaris/global-scheduler/cmd/report/run_crontab.sh: line 36: /var/folders/l2/1wpn5kpd0715sc20jc_g372h0000gn/T/report.XXXXXX.01P12VW7x6/report: No such file or directory
===== 2026-09-10 04:42:54 上报结束 =====

===== 2026-09-10 04:43:55 开始上报 =====
/Users/zhengbangli/code/GoLearn/polaris/global-scheduler/cmd/report/run_crontab.sh: line 36: /var/folders/l2/1wpn5kpd0715sc20jc_g372h0000gn/T/report.XXXXXX.01P12VW7x6/report: No such file or directory
===== 2026-09-10 04:43:55 上报结束 =====

===== 2026-09-10 04:44:56 开始上报 =====
/Users/zhengbangli/code/GoLearn/polaris/global-scheduler/cmd/report/run_crontab.sh: line 36: /var/folders/l2/1wpn5kpd0715sc20jc_g372h0000gn/T/report.XXXXXX.01P12VW7x6/report: No such file or directory
===== 2026-09-10 04:44:56 上报结束 =====

===== 2026-09-10 04:45:57 开始上报 =====
/Users/zhengbangli/code/GoLearn/polaris/global-scheduler/cmd/report/run_crontab.sh: line 36: /var/folders/l2/1wpn5kpd0715sc20jc_g372h0000gn/T/report.XXXXXX.01P12VW7x6/report: No such file or directory
===== 2026-09-10 04:45:57 上报结束 =====

===== 2026-09-10 04:46:58 开始上报 =====
/Users/zhengbangli/code/GoLearn/polaris/global-scheduler/cmd/report/run_crontab.sh: line 36: /var/folders/l2/1wpn5kpd0715sc20jc_g372h0000gn/T/report.XXXXXX.01P12VW7x6/report: No such file or directory
===== 2026-09-10 04:46:58 上报结束 =====

===== 2026-09-10 04:47:59 开始上报 =====
/Users/zhengbangli/code/GoLearn/polaris/global-scheduler/cmd/report/run_crontab.sh: line 36: /var/folders/l2/1wpn5kpd0715sc20jc_g372h0000gn/T/report.XXXXXX.01P12VW7x6/report: No such file or directory
===== 2026-09-10 04:47:59 上报结束 =====

===== 2026-09-10 04:49:00 开始上报 =====
/Users/zhengbangli/code/GoLearn/polaris/global-scheduler/cmd/report/run_crontab.sh: line 36: /var/folders/l2/1wpn5kpd0715sc20jc_g372h0000gn/T/report.XXXXXX.01P12VW7x6/report: No such file or directory
===== 2026-09-10 04:49:00 上报结束 =====

===== 2026-09-10 04:50:01 开始上报 =====
/Users/zhengbangli/code/GoLearn/polaris/global-scheduler/cmd/report/run_crontab.sh: line 36: /var/folders/l2/1wpn5kpd0715sc20jc_g372h0000gn/T/report.XXXXXX.01P12VW7x6/report: No such file or directory
===== 2026-09-10 04:50:01 上报结束 =====

===== 2026-09-10 04:51:02 开始上报 =====
/Users/zhengbangli/code/GoLearn/polaris/global-scheduler/cmd/report/run_crontab.sh: line 36: /var/folders/l2/1wpn5kpd0715sc20jc_g372h0000gn/T/report.XXXXXX.01P12VW7x6/report: No such file or directory
===== 2026-09-10 04:51:02 上报结束 =====

===== 2026-09-10 04:52:03 开始上报 =====
/Users/zhengbangli/code/GoLearn/polaris/global-scheduler/cmd/report/run_crontab.sh: line 36: /var/folders/l2/1wpn5kpd0715sc20jc_g372h0000gn/T/report.XXXXXX.01P12VW7x6/report: No such file or directory
===== 2026-09-10 04:52:03 上报结束 =====

===== 2026-09-10 04:53:04 开始上报 =====
/Users/zhengbangli/code/GoLearn/polaris/global-scheduler/cmd/report/run_crontab.sh: line 36: /var/folders/l2/1wpn5kpd0715sc20jc_g372h0000gn/T/report.XXXXXX.01P12VW7x6/report: No such file or directory
===== 2026-09-10 04:53:04 上报结束 =====

===== 2026-09-10 04:54:05 开始上报 =====
/Users/zhengbangli/code/GoLearn/polaris/global-scheduler/cmd/report/run_crontab.sh: line 36: /var/folders/l2/1wpn5kpd0715sc20jc_g372h0000gn/T/report.XXXXXX.01P12VW7x6/report: No such file or directory
===== 2026-09-10 04:54:05 上报结束 =====

===== 2026-09-10 04:55:06 开始上报 =====
/Users/zhengbangli/code/GoLearn/polaris/global-scheduler/cmd/report/run_crontab.sh: line 36: /var/folders/l2/1wpn5kpd0715sc20jc_g372h0000gn/T/report.XXXXXX.01P12VW7x6/report: No such file or directory
===== 2026-09-10 04:55:06 上报结束 =====

===== 2026-09-10 04:56:07 开始上报 =====
/Users/zhengbangli/code/GoLearn/polaris/global-scheduler/cmd/report/run_crontab.sh: line 36: /var/folders/l2/1wpn5kpd0715sc20jc_g372h0000gn/T/report.XXXXXX.01P12VW7x6/report: No such file or directory
===== 2026-09-10 04:56:07 上报结束 =====

===== 2026-09-10 04:57:08 开始上报 =====
/Users/zhengbangli/code/GoLearn/polaris/global-scheduler/cmd/report/run_crontab.sh: line 36: /var/folders/l2/1wpn5kpd0715sc20jc_g372h0000gn/T/report.XXXXXX.01P12VW7x6/report: No such file or directory
===== 2026-09-10 04:57:08 上报结束 =====

===== 2026-09-10 04:58:09 开始上报 =====
/Users/zhengbangli/code/GoLearn/polaris/global-scheduler/cmd/report/run_crontab.sh: line 36: /var/folders/l2/1wpn5kpd0715sc20jc_g372h0000gn/T/report.XXXXXX.01P12VW7x6/report: No such file or directory
===== 2026-09-10 04:58:09 上报结束 =====

===== 2026-09-10 04:59:10 开始上报 =====
/Users/zhengbangli/code/GoLearn/polaris/global-scheduler/cmd/report/run_crontab.sh: line 36: /var/folders/l2/1wpn5kpd0715sc20jc_g372h0000gn/T/report.XXXXXX.01P12VW7x6/report: No such file or directory
===== 2026-09-10 04:59:10 上报结束 =====

===== 2026-09-10 05:00:11 开始上报 =====
/Users/zhengbangli/code/GoLearn/polaris/global-scheduler/cmd/report/run_crontab.sh: line 36: /var/folders/l2/1wpn5kpd0715sc20jc_g372h0000gn/T/report.XXXXXX.01P12VW7x6/report: No such file or directory
===== 2026-09-10 05:00:11 上报结束 =====

===== 2026-09-10 05:01:12 开始上报 =====
/Users/zhengbangli/code/GoLearn/polaris/global-scheduler/cmd/report/run_crontab.sh: line 36: /var/folders/l2/1wpn5kpd0715sc20jc_g372h0000gn/T/report.XXXXXX.01P12VW7x6/report: No such file or directory
===== 2026-09-10 05:01:12 上报结束 =====

===== 2026-09-10 05:02:13 开始上报 =====
/Users/zhengbangli/code/GoLearn/polaris/global-scheduler/cmd/report/run_crontab.sh: line 36: /var/folders/l2/1wpn5kpd0715sc20jc_g372h0000gn/T/report.XXXXXX.01P12VW7x6/report: No such file or directory
===== 2026-09-10 05:02:13 上报结束 =====

===== 2026-09-10 05:03:14 开始上报 =====
/Users/zhengbangli/code/GoLearn/polaris/global-scheduler/cmd/report/run_crontab.sh: line 36: /var/folders/l2/1wpn5kpd0715sc20jc_g372h0000gn/T/report.XXXXXX.01P12VW7x6/report: No such file or directory
===== 2026-09-10 05:03:14 上报结束 =====

===== 2026-09-10 05:04:15 开始上报 =====
/Users/zhengbangli/code/GoLearn/polaris/global-scheduler/cmd/report/run_crontab.sh: line 36: /var/folders/l2/1wpn5kpd0715sc20jc_g372h0000gn/T/report.XXXXXX.01P12VW7x6/report: No such file or directory
===== 2026-09-10 05:04:15 上报结束 =====

===== 2026-09-10 05:05:16 开始上报 =====
/Users/zhengbangli/code/GoLearn/polaris/global-scheduler/cmd/report/run_crontab.sh: line 36: /var/folders/l2/1wpn5kpd0715sc20jc_g372h0000gn/T/report.XXXXXX.01P12VW7x6/report: No such file or directory
===== 2026-09-10 05:05:16 上报结束 =====

===== 2026-09-10 05:06:17 开始上报 =====
/Users/zhengbangli/code/GoLearn/polaris/global-scheduler/cmd/report/run_crontab.sh: line 36: /var/folders/l2/1wpn5kpd0715sc20jc_g372h0000gn/T/report.XXXXXX.01P12VW7x6/report: No such file or directory
===== 2026-09-10 05:06:17 上报结束 =====

===== 2026-09-10 05:07:18 开始上报 =====
/Users/zhengbangli/code/GoLearn/polaris/global-scheduler/cmd/report/run_crontab.sh: line 36: /var/folders/l2/1wpn5kpd0715sc20jc_g372h0000gn/T/report.XXXXXX.01P12VW7x6/report: No such file or directory
===== 2026-09-10 05:07:18 上报结束 =====

===== 2026-09-10 05:08:19 开始上报 =====
/Users/zhengbangli/code/GoLearn/polaris/global-scheduler/cmd/report/run_crontab.sh: line 36: /var/folders/l2/1wpn5kpd0715sc20jc_g372h0000gn/T/report.XXXXXX.01P12VW7x6/report: No such file or directory
===== 2026-09-10 05:08:19 上报结束 =====

===== 2026-09-10 05:09:20 开始上报 =====
/Users/zhengbangli/code/GoLearn/polaris/global-scheduler/cmd/report/run_crontab.sh: line 36: /var/folders/l2/1wpn5kpd0715sc20jc_g372h0000gn/T/report.XXXXXX.01P12VW7x6/report: No such file or directory
===== 2026-09-10 05:09:20 上报结束 =====

===== 2026-09-10 05:10:21 开始上报 =====
/Users/zhengbangli/code/GoLearn/polaris/global-scheduler/cmd/report/run_crontab.sh: line 36: /var/folders/l2/1wpn5kpd0715sc20jc_g372h0000gn/T/report.XXXXXX.01P12VW7x6/report: No such file or directory
===== 2026-09-10 05:10:21 上报结束 =====

===== 2026-09-10 05:11:22 开始上报 =====
/Users/zhengbangli/code/GoLearn/polaris/global-scheduler/cmd/report/run_crontab.sh: line 36: /var/folders/l2/1wpn5kpd0715sc20jc_g372h0000gn/T/report.XXXXXX.01P12VW7x6/report: No such file or directory
===== 2026-09-10 05:11:22 上报结束 =====

===== 2026-09-10 05:12:23 开始上报 =====
/Users/zhengbangli/code/GoLearn/polaris/global-scheduler/cmd/report/run_crontab.sh: line 36: /var/folders/l2/1wpn5kpd0715sc20jc_g372h0000gn/T/report.XXXXXX.01P12VW7x6/report: No such file or directory
===== 2026-09-10 05:12:23 上报结束 =====

===== 2026-09-10 05:13:24 开始上报 =====
/Users/zhengbangli/code/GoLearn/polaris/global-scheduler/cmd/report/run_crontab.sh: line 36: /var/folders/l2/1wpn5kpd0715sc20jc_g372h0000gn/T/report.XXXXXX.01P12VW7x6/report: No such file or directory
===== 2026-09-10 05:13:24 上报结束 =====

===== 2026-09-10 05:14:25 开始上报 =====
/Users/zhengbangli/code/GoLearn/polaris/global-scheduler/cmd/report/run_crontab.sh: line 36: /var/folders/l2/1wpn5kpd0715sc20jc_g372h0000gn/T/report.XXXXXX.01P12VW7x6/report: No such file or directory
===== 2026-09-10 05:14:25 上报结束 =====

===== 2026-09-10 05:15:26 开始上报 =====
/Users/zhengbangli/code/GoLearn/polaris/global-scheduler/cmd/report/run_crontab.sh: line 36: /var/folders/l2/1wpn5kpd0715sc20jc_g372h0000gn/T/report.XXXXXX.01P12VW7x6/report: No such file or directory
===== 2026-09-10 05:15:26 上报结束 =====

===== 2026-09-10 05:16:27 开始上报 =====
/Users/zhengbangli/code/GoLearn/polaris/global-scheduler/cmd/report/run_crontab.sh: line 36: /var/folders/l2/1wpn5kpd0715sc20jc_g372h0000gn/T/report.XXXXXX.01P12VW7x6/report: No such file or directory
===== 2026-09-10 05:16:27 上报结束 =====

===== 2026-09-10 05:17:28 开始上报 =====
/Users/zhengbangli/code/GoLearn/polaris/global-scheduler/cmd/report/run_crontab.sh: line 36: /var/folders/l2/1wpn5kpd0715sc20jc_g372h0000gn/T/report.XXXXXX.01P12VW7x6/report: No such file or directory
===== 2026-09-10 05:17:28 上报结束 =====

===== 2026-09-10 05:18:29 开始上报 =====
/Users/zhengbangli/code/GoLearn/polaris/global-scheduler/cmd/report/run_crontab.sh: line 36: /var/folders/l2/1wpn5kpd0715sc20jc_g372h0000gn/T/report.XXXXXX.01P12VW7x6/report: No such file or directory
===== 2026-09-10 05:18:29 上报结束 =====

===== 2026-09-10 05:19:30 开始上报 =====
/Users/zhengbangli/code/GoLearn/polaris/global-scheduler/cmd/report/run_crontab.sh: line 36: /var/folders/l2/1wpn5kpd0715sc20jc_g372h0000gn/T/report.XXXXXX.01P12VW7x6/report: No such file or directory
===== 2026-09-10 05:19:30 上报结束 =====

===== 2026-09-10 05:20:31 开始上报 =====
/Users/zhengbangli/code/GoLearn/polaris/global-scheduler/cmd/report/run_crontab.sh: line 36: /var/folders/l2/1wpn5kpd0715sc20jc_g372h0000gn/T/report.XXXXXX.01P12VW7x6/report: No such file or directory
===== 2026-09-10 05:20:31 上报结束 =====

===== 2026-09-10 05:21:32 开始上报 =====
/Users/zhengbangli/code/GoLearn/polaris/global-scheduler/cmd/report/run_crontab.sh: line 36: /var/folders/l2/1wpn5kpd0715sc20jc_g372h0000gn/T/report.XXXXXX.01P12VW7x6/report: No such file or directory
===== 2026-09-10 05:21:32 上报结束 =====

===== 2026-09-10 05:22:33 开始上报 =====
/Users/zhengbangli/code/GoLearn/polaris/global-scheduler/cmd/report/run_crontab.sh: line 36: /var/folders/l2/1wpn5kpd0715sc20jc_g372h0000gn/T/report.XXXXXX.01P12VW7x6/report: No such file or directory
===== 2026-09-10 05:22:33 上报结束 =====

===== 2026-09-10 05:23:34 开始上报 =====
/Users/zhengbangli/code/GoLearn/polaris/global-scheduler/cmd/report/run_crontab.sh: line 36: /var/folders/l2/1wpn5kpd0715sc20jc_g372h0000gn/T/report.XXXXXX.01P12VW7x6/report: No such file or directory
===== 2026-09-10 05:23:34 上报结束 =====

===== 2026-09-10 05:24:35 开始上报 =====
/Users/zhengbangli/code/GoLearn/polaris/global-scheduler/cmd/report/run_crontab.sh: line 36: /var/folders/l2/1wpn5kpd0715sc20jc_g372h0000gn/T/report.XXXXXX.01P12VW7x6/report: No such file or directory
===== 2026-09-10 05:24:35 上报结束 =====

===== 2026-09-10 05:25:36 开始上报 =====
/Users/zhengbangli/code/GoLearn/polaris/global-scheduler/cmd/report/run_crontab.sh: line 36: /var/folders/l2/1wpn5kpd0715sc20jc_g372h0000gn/T/report.XXXXXX.01P12VW7x6/report: No such file or directory
===== 2026-09-10 05:25:36 上报结束 =====

===== 2026-09-10 05:26:37 开始上报 =====
/Users/zhengbangli/code/GoLearn/polaris/global-scheduler/cmd/report/run_crontab.sh: line 36: /var/folders/l2/1wpn5kpd0715sc20jc_g372h0000gn/T/report.XXXXXX.01P12VW7x6/report: No such file or directory
===== 2026-09-10 05:26:37 上报结束 =====

===== 2026-09-10 05:27:38 开始上报 =====
/Users/zhengbangli/code/GoLearn/polaris/global-scheduler/cmd/report/run_crontab.sh: line 36: /var/folders/l2/1wpn5kpd0715sc20jc_g372h0000gn/T/report.XXXXXX.01P12VW7x6/report: No such file or directory
===== 2026-09-10 05:27:38 上报结束 =====

===== 2026-09-10 05:28:39 开始上报 =====
/Users/zhengbangli/code/GoLearn/polaris/global-scheduler/cmd/report/run_crontab.sh: line 36: /var/folders/l2/1wpn5kpd0715sc20jc_g372h0000gn/T/report.XXXXXX.01P12VW7x6/report: No such file or directory
===== 2026-09-10 05:28:39 上报结束 =====

===== 2026-09-10 05:29:40 开始上报 =====
/Users/zhengbangli/code/GoLearn/polaris/global-scheduler/cmd/report/run_crontab.sh: line 36: /var/folders/l2/1wpn5kpd0715sc20jc_g372h0000gn/T/report.XXXXXX.01P12VW7x6/report: No such file or directory
===== 2026-09-10 05:29:40 上报结束 =====

===== 2026-09-10 05:30:41 开始上报 =====
/Users/zhengbangli/code/GoLearn/polaris/global-scheduler/cmd/report/run_crontab.sh: line 36: /var/folders/l2/1wpn5kpd0715sc20jc_g372h0000gn/T/report.XXXXXX.01P12VW7x6/report: No such file or directory
===== 2026-09-10 05:30:41 上报结束 =====

===== 2026-09-10 05:31:42 开始上报 =====
/Users/zhengbangli/code/GoLearn/polaris/global-scheduler/cmd/report/run_crontab.sh: line 36: /var/folders/l2/1wpn5kpd0715sc20jc_g372h0000gn/T/report.XXXXXX.01P12VW7x6/report: No such file or directory
===== 2026-09-10 05:31:42 上报结束 =====

===== 2026-09-10 05:32:43 开始上报 =====
/Users/zhengbangli/code/GoLearn/polaris/global-scheduler/cmd/report/run_crontab.sh: line 36: /var/folders/l2/1wpn5kpd0715sc20jc_g372h0000gn/T/report.XXXXXX.01P12VW7x6/report: No such file or directory
===== 2026-09-10 05:32:43 上报结束 =====

===== 2026-09-10 05:33:44 开始上报 =====
/Users/zhengbangli/code/GoLearn/polaris/global-scheduler/cmd/report/run_crontab.sh: line 36: /var/folders/l2/1wpn5kpd0715sc20jc_g372h0000gn/T/report.XXXXXX.01P12VW7x6/report: No such file or directory
===== 2026-09-10 05:33:44 上报结束 =====

===== 2026-09-10 05:34:45 开始上报 =====
/Users/zhengbangli/code/GoLearn/polaris/global-scheduler/cmd/report/run_crontab.sh: line 36: /var/folders/l2/1wpn5kpd0715sc20jc_g372h0000gn/T/report.XXXXXX.01P12VW7x6/report: No such file or directory
===== 2026-09-10 05:34:45 上报结束 =====

===== 2026-09-10 05:35:46 开始上报 =====
/Users/zhengbangli/code/GoLearn/polaris/global-scheduler/cmd/report/run_crontab.sh: line 36: /var/folders/l2/1wpn5kpd0715sc20jc_g372h0000gn/T/report.XXXXXX.01P12VW7x6/report: No such file or directory
===== 2026-09-10 05:35:46 上报结束 =====

===== 2026-09-10 05:36:47 开始上报 =====
/Users/zhengbangli/code/GoLearn/polaris/global-scheduler/cmd/report/run_crontab.sh: line 36: /var/folders/l2/1wpn5kpd0715sc20jc_g372h0000gn/T/report.XXXXXX.01P12VW7x6/report: No such file or directory
===== 2026-09-10 05:36:47 上报结束 =====

===== 2026-09-10 05:37:48 开始上报 =====
/Users/zhengbangli/code/GoLearn/polaris/global-scheduler/cmd/report/run_crontab.sh: line 36: /var/folders/l2/1wpn5kpd0715sc20jc_g372h0000gn/T/report.XXXXXX.01P12VW7x6/report: No such file or directory
===== 2026-09-10 05:37:48 上报结束 =====

===== 2026-09-10 05:38:49 开始上报 =====
/Users/zhengbangli/code/GoLearn/polaris/global-scheduler/cmd/report/run_crontab.sh: line 36: /var/folders/l2/1wpn5kpd0715sc20jc_g372h0000gn/T/report.XXXXXX.01P12VW7x6/report: No such file or directory
===== 2026-09-10 05:38:49 上报结束 =====

===== 2026-09-10 05:39:50 开始上报 =====
/Users/zhengbangli/code/GoLearn/polaris/global-scheduler/cmd/report/run_crontab.sh: line 36: /var/folders/l2/1wpn5kpd0715sc20jc_g372h0000gn/T/report.XXXXXX.01P12VW7x6/report: No such file or directory
===== 2026-09-10 05:39:50 上报结束 =====

===== 2026-09-10 05:40:51 开始上报 =====
/Users/zhengbangli/code/GoLearn/polaris/global-scheduler/cmd/report/run_crontab.sh: line 36: /var/folders/l2/1wpn5kpd0715sc20jc_g372h0000gn/T/report.XXXXXX.01P12VW7x6/report: No such file or directory
===== 2026-09-10 05:40:51 上报结束 =====

===== 2026-09-10 05:41:52 开始上报 =====
/Users/zhengbangli/code/GoLearn/polaris/global-scheduler/cmd/report/run_crontab.sh: line 36: /var/folders/l2/1wpn5kpd0715sc20jc_g372h0000gn/T/report.XXXXXX.01P12VW7x6/report: No such file or directory
===== 2026-09-10 05:41:52 上报结束 =====

===== 2026-09-10 05:42:53 开始上报 =====
/Users/zhengbangli/code/GoLearn/polaris/global-scheduler/cmd/report/run_crontab.sh: line 36: /var/folders/l2/1wpn5kpd0715sc20jc_g372h0000gn/T/report.XXXXXX.01P12VW7x6/report: No such file or directory
===== 2026-09-10 05:42:53 上报结束 =====

===== 2026-09-10 05:43:54 开始上报 =====
/Users/zhengbangli/code/GoLearn/polaris/global-scheduler/cmd/report/run_crontab.sh: line 36: /var/folders/l2/1wpn5kpd0715sc20jc_g372h0000gn/T/report.XXXXXX.01P12VW7x6/report: No such file or directory
===== 2026-09-10 05:43:54 上报结束 =====

===== 2026-09-10 05:44:55 开始上报 =====
/Users/zhengbangli/code/GoLearn/polaris/global-scheduler/cmd/report/run_crontab.sh: line 36: /var/folders/l2/1wpn5kpd0715sc20jc_g372h0000gn/T/report.XXXXXX.01P12VW7x6/report: No such file or directory
===== 2026-09-10 05:44:55 上报结束 =====

===== 2026-09-10 05:45:56 开始上报 =====
/Users/zhengbangli/code/GoLearn/polaris/global-scheduler/cmd/report/run_crontab.sh: line 36: /var/folders/l2/1wpn5kpd0715sc20jc_g372h0000gn/T/report.XXXXXX.01P12VW7x6/report: No such file or directory
===== 2026-09-10 05:45:56 上报结束 =====

===== 2026-09-10 05:46:57 开始上报 =====
/Users/zhengbangli/code/GoLearn/polaris/global-scheduler/cmd/report/run_crontab.sh: line 36: /var/folders/l2/1wpn5kpd0715sc20jc_g372h0000gn/T/report.XXXXXX.01P12VW7x6/report: No such file or directory
===== 2026-09-10 05:46:57 上报结束 =====

===== 2026-09-10 05:47:58 开始上报 =====
/Users/zhengbangli/code/GoLearn/polaris/global-scheduler/cmd/report/run_crontab.sh: line 36: /var/folders/l2/1wpn5kpd0715sc20jc_g372h0000gn/T/report.XXXXXX.01P12VW7x6/report: No such file or directory
===== 2026-09-10 05:47:58 上报结束 =====

===== 2026-09-10 05:48:59 开始上报 =====
/Users/zhengbangli/code/GoLearn/polaris/global-scheduler/cmd/report/run_crontab.sh: line 36: /var/folders/l2/1wpn5kpd0715sc20jc_g372h0000gn/T/report.XXXXXX.01P12VW7x6/report: No such file or directory
===== 2026-09-10 05:48:59 上报结束 =====

===== 2026-09-10 05:50:00 开始上报 =====
/Users/zhengbangli/code/GoLearn/polaris/global-scheduler/cmd/report/run_crontab.sh: line 36: /var/folders/l2/1wpn5kpd0715sc20jc_g372h0000gn/T/report.XXXXXX.01P12VW7x6/report: No such file or directory
===== 2026-09-10 05:50:00 上报结束 =====

===== 2026-09-10 05:51:01 开始上报 =====
/Users/zhengbangli/code/GoLearn/polaris/global-scheduler/cmd/report/run_crontab.sh: line 36: /var/folders/l2/1wpn5kpd0715sc20jc_g372h0000gn/T/report.XXXXXX.01P12VW7x6/report: No such file or directory
===== 2026-09-10 05:51:01 上报结束 =====

===== 2026-09-10 05:52:02 开始上报 =====
/Users/zhengbangli/code/GoLearn/polaris/global-scheduler/cmd/report/run_crontab.sh: line 36: /var/folders/l2/1wpn5kpd0715sc20jc_g372h0000gn/T/report.XXXXXX.01P12VW7x6/report: No such file or directory
===== 2026-09-10 05:52:02 上报结束 =====

===== 2026-09-10 05:53:03 开始上报 =====
/Users/zhengbangli/code/GoLearn/polaris/global-scheduler/cmd/report/run_crontab.sh: line 36: /var/folders/l2/1wpn5kpd0715sc20jc_g372h0000gn/T/report.XXXXXX.01P12VW7x6/report: No such file or directory
===== 2026-09-10 05:53:03 上报结束 =====

===== 2026-09-10 05:54:04 开始上报 =====
/Users/zhengbangli/code/GoLearn/polaris/global-scheduler/cmd/report/run_crontab.sh: line 36: /var/folders/l2/1wpn5kpd0715sc20jc_g372h0000gn/T/report.XXXXXX.01P12VW7x6/report: No such file or directory
===== 2026-09-10 05:54:04 上报结束 =====

===== 2026-09-10 05:55:05 开始上报 =====
/Users/zhengbangli/code/GoLearn/polaris/global-scheduler/cmd/report/run_crontab.sh: line 36: /var/folders/l2/1wpn5kpd0715sc20jc_g372h0000gn/T/report.XXXXXX.01P12VW7x6/report: No such file or directory
===== 2026-09-10 05:55:05 上报结束 =====

===== 2026-09-10 05:56:06 开始上报 =====
/Users/zhengbangli/code/GoLearn/polaris/global-scheduler/cmd/report/run_crontab.sh: line 36: /var/folders/l2/1wpn5kpd0715sc20jc_g372h0000gn/T/report.XXXXXX.01P12VW7x6/report: No such file or directory
===== 2026-09-10 05:56:06 上报结束 =====

===== 2026-09-10 05:57:07 开始上报 =====
/Users/zhengbangli/code/GoLearn/polaris/global-scheduler/cmd/report/run_crontab.sh: line 36: /var/folders/l2/1wpn5kpd0715sc20jc_g372h0000gn/T/report.XXXXXX.01P12VW7x6/report: No such file or directory
===== 2026-09-10 05:57:07 上报结束 =====

===== 2026-09-10 05:58:08 开始上报 =====
/Users/zhengbangli/code/GoLearn/polaris/global-scheduler/cmd/report/run_crontab.sh: line 36: /var/folders/l2/1wpn5kpd0715sc20jc_g372h0000gn/T/report.XXXXXX.01P12VW7x6/report: No such file or directory
===== 2026-09-10 05:58:08 上报结束 =====

===== 2026-09-10 05:59:09 开始上报 =====
/Users/zhengbangli/code/GoLearn/polaris/global-scheduler/cmd/report/run_crontab.sh: line 36: /var/folders/l2/1wpn5kpd0715sc20jc_g372h0000gn/T/report.XXXXXX.01P12VW7x6/report: No such file or directory
===== 2026-09-10 05:59:09 上报结束 =====

===== 2026-09-10 06:00:10 开始上报 =====
/Users/zhengbangli/code/GoLearn/polaris/global-scheduler/cmd/report/run_crontab.sh: line 36: /var/folders/l2/1wpn5kpd0715sc20jc_g372h0000gn/T/report.XXXXXX.01P12VW7x6/report: No such file or directory
===== 2026-09-10 06:00:10 上报结束 =====

===== 2026-09-10 06:01:11 开始上报 =====
/Users/zhengbangli/code/GoLearn/polaris/global-scheduler/cmd/report/run_crontab.sh: line 36: /var/folders/l2/1wpn5kpd0715sc20jc_g372h0000gn/T/report.XXXXXX.01P12VW7x6/report: No such file or directory
===== 2026-09-10 06:01:11 上报结束 =====

===== 2026-09-10 06:02:12 开始上报 =====
/Users/zhengbangli/code/GoLearn/polaris/global-scheduler/cmd/report/run_crontab.sh: line 36: /var/folders/l2/1wpn5kpd0715sc20jc_g372h0000gn/T/report.XXXXXX.01P12VW7x6/report: No such file or directory
===== 2026-09-10 06:02:12 上报结束 =====

===== 2026-09-10 06:03:13 开始上报 =====
/Users/zhengbangli/code/GoLearn/polaris/global-scheduler/cmd/report/run_crontab.sh: line 36: /var/folders/l2/1wpn5kpd0715sc20jc_g372h0000gn/T/report.XXXXXX.01P12VW7x6/report: No such file or directory
===== 2026-09-10 06:03:13 上报结束 =====

===== 2026-09-10 06:04:14 开始上报 =====
/Users/zhengbangli/code/GoLearn/polaris/global-scheduler/cmd/report/run_crontab.sh: line 36: /var/folders/l2/1wpn5kpd0715sc20jc_g372h0000gn/T/report.XXXXXX.01P12VW7x6/report: No such file or directory
===== 2026-09-10 06:04:14 上报结束 =====

===== 2026-09-10 06:05:15 开始上报 =====
/Users/zhengbangli/code/GoLearn/polaris/global-scheduler/cmd/report/run_crontab.sh: line 36: /var/folders/l2/1wpn5kpd0715sc20jc_g372h0000gn/T/report.XXXXXX.01P12VW7x6/report: No such file or directory
===== 2026-09-10 06:05:15 上报结束 =====

===== 2026-09-10 06:06:16 开始上报 =====
/Users/zhengbangli/code/GoLearn/polaris/global-scheduler/cmd/report/run_crontab.sh: line 36: /var/folders/l2/1wpn5kpd0715sc20jc_g372h0000gn/T/report.XXXXXX.01P12VW7x6/report: No such file or directory
===== 2026-09-10 06:06:16 上报结束 =====

===== 2026-09-10 06:07:17 开始上报 =====
/Users/zhengbangli/code/GoLearn/polaris/global-scheduler/cmd/report/run_crontab.sh: line 36: /var/folders/l2/1wpn5kpd0715sc20jc_g372h0000gn/T/report.XXXXXX.01P12VW7x6/report: No such file or directory
===== 2026-09-10 06:07:17 上报结束 =====

===== 2026-09-10 06:08:18 开始上报 =====
/Users/zhengbangli/code/GoLearn/polaris/global-scheduler/cmd/report/run_crontab.sh: line 36: /var/folders/l2/1wpn5kpd0715sc20jc_g372h0000gn/T/report.XXXXXX.01P12VW7x6/report: No such file or directory
===== 2026-09-10 06:08:18 上报结束 =====

===== 2026-09-10 06:09:19 开始上报 =====
/Users/zhengbangli/code/GoLearn/polaris/global-scheduler/cmd/report/run_crontab.sh: line 36: /var/folders/l2/1wpn5kpd0715sc20jc_g372h0000gn/T/report.XXXXXX.01P12VW7x6/report: No such file or directory
===== 2026-09-10 06:09:19 上报结束 =====

===== 2026-09-10 06:10:20 开始上报 =====
/Users/zhengbangli/code/GoLearn/polaris/global-scheduler/cmd/report/run_crontab.sh: line 36: /var/folders/l2/1wpn5kpd0715sc20jc_g372h0000gn/T/report.XXXXXX.01P12VW7x6/report: No such file or directory
===== 2026-09-10 06:10:21 上报结束 =====

===== 2026-09-10 06:11:22 开始上报 =====
/Users/zhengbangli/code/GoLearn/polaris/global-scheduler/cmd/report/run_crontab.sh: line 36: /var/folders/l2/1wpn5kpd0715sc20jc_g372h0000gn/T/report.XXXXXX.01P12VW7x6/report: No such file or directory
===== 2026-09-10 06:11:22 上报结束 =====

===== 2026-09-10 06:12:22 开始上报 =====
/Users/zhengbangli/code/GoLearn/polaris/global-scheduler/cmd/report/run_crontab.sh: line 36: /var/folders/l2/1wpn5kpd0715sc20jc_g372h0000gn/T/report.XXXXXX.01P12VW7x6/report: No such file or directory
===== 2026-09-10 06:12:22 上报结束 =====

===== 2026-09-10 06:13:23 开始上报 =====
/Users/zhengbangli/code/GoLearn/polaris/global-scheduler/cmd/report/run_crontab.sh: line 36: /var/folders/l2/1wpn5kpd0715sc20jc_g372h0000gn/T/report.XXXXXX.01P12VW7x6/report: No such file or directory
===== 2026-09-10 06:13:23 上报结束 =====

===== 2026-09-10 06:14:24 开始上报 =====
/Users/zhengbangli/code/GoLearn/polaris/global-scheduler/cmd/report/run_crontab.sh: line 36: /var/folders/l2/1wpn5kpd0715sc20jc_g372h0000gn/T/report.XXXXXX.01P12VW7x6/report: No such file or directory
===== 2026-09-10 06:14:24 上报结束 =====

===== 2026-09-10 06:15:25 开始上报 =====
/Users/zhengbangli/code/GoLearn/polaris/global-scheduler/cmd/report/run_crontab.sh: line 36: /var/folders/l2/1wpn5kpd0715sc20jc_g372h0000gn/T/report.XXXXXX.01P12VW7x6/report: No such file or directory
===== 2026-09-10 06:15:25 上报结束 =====

===== 2026-09-10 06:16:26 开始上报 =====
/Users/zhengbangli/code/GoLearn/polaris/global-scheduler/cmd/report/run_crontab.sh: line 36: /var/folders/l2/1wpn5kpd0715sc20jc_g372h0000gn/T/report.XXXXXX.01P12VW7x6/report: No such file or directory
===== 2026-09-10 06:16:26 上报结束 =====

===== 2026-09-10 06:17:27 开始上报 =====
/Users/zhengbangli/code/GoLearn/polaris/global-scheduler/cmd/report/run_crontab.sh: line 36: /var/folders/l2/1wpn5kpd0715sc20jc_g372h0000gn/T/report.XXXXXX.01P12VW7x6/report: No such file or directory
===== 2026-09-10 06:17:27 上报结束 =====

===== 2026-09-10 06:18:28 开始上报 =====
/Users/zhengbangli/code/GoLearn/polaris/global-scheduler/cmd/report/run_crontab.sh: line 36: /var/folders/l2/1wpn5kpd0715sc20jc_g372h0000gn/T/report.XXXXXX.01P12VW7x6/report: No such file or directory
===== 2026-09-10 06:18:28 上报结束 =====

===== 2026-09-10 06:19:29 开始上报 =====
/Users/zhengbangli/code/GoLearn/polaris/global-scheduler/cmd/report/run_crontab.sh: line 36: /var/folders/l2/1wpn5kpd0715sc20jc_g372h0000gn/T/report.XXXXXX.01P12VW7x6/report: No such file or directory
===== 2026-09-10 06:19:29 上报结束 =====

===== 2026-09-10 06:20:30 开始上报 =====
/Users/zhengbangli/code/GoLearn/polaris/global-scheduler/cmd/report/run_crontab.sh: line 36: /var/folders/l2/1wpn5kpd0715sc20jc_g372h0000gn/T/report.XXXXXX.01P12VW7x6/report: No such file or directory
===== 2026-09-10 06:20:30 上报结束 =====

===== 2026-09-10 06:21:31 开始上报 =====
/Users/zhengbangli/code/GoLearn/polaris/global-scheduler/cmd/report/run_crontab.sh: line 36: /var/folders/l2/1wpn5kpd0715sc20jc_g372h0000gn/T/report.XXXXXX.01P12VW7x6/report: No such file or directory
===== 2026-09-10 06:21:31 上报结束 =====

===== 2026-09-10 06:22:32 开始上报 =====
/Users/zhengbangli/code/GoLearn/polaris/global-scheduler/cmd/report/run_crontab.sh: line 36: /var/folders/l2/1wpn5kpd0715sc20jc_g372h0000gn/T/report.XXXXXX.01P12VW7x6/report: No such file or directory
===== 2026-09-10 06:22:32 上报结束 =====

===== 2026-09-10 06:23:33 开始上报 =====
/Users/zhengbangli/code/GoLearn/polaris/global-scheduler/cmd/report/run_crontab.sh: line 36: /var/folders/l2/1wpn5kpd0715sc20jc_g372h0000gn/T/report.XXXXXX.01P12VW7x6/report: No such file or directory
===== 2026-09-10 06:23:33 上报结束 =====

===== 2026-09-10 06:24:34 开始上报 =====
/Users/zhengbangli/code/GoLearn/polaris/global-scheduler/cmd/report/run_crontab.sh: line 36: /var/folders/l2/1wpn5kpd0715sc20jc_g372h0000gn/T/report.XXXXXX.01P12VW7x6/report: No such file or directory
===== 2026-09-10 06:24:34 上报结束 =====

===== 2026-09-10 06:25:35 开始上报 =====
/Users/zhengbangli/code/GoLearn/polaris/global-scheduler/cmd/report/run_crontab.sh: line 36: /var/folders/l2/1wpn5kpd0715sc20jc_g372h0000gn/T/report.XXXXXX.01P12VW7x6/report: No such file or directory
===== 2026-09-10 06:25:35 上报结束 =====

===== 2026-09-10 06:26:36 开始上报 =====
/Users/zhengbangli/code/GoLearn/polaris/global-scheduler/cmd/report/run_crontab.sh: line 36: /var/folders/l2/1wpn5kpd0715sc20jc_g372h0000gn/T/report.XXXXXX.01P12VW7x6/report: No such file or directory
===== 2026-09-10 06:26:36 上报结束 =====

===== 2026-09-10 06:27:37 开始上报 =====
/Users/zhengbangli/code/GoLearn/polaris/global-scheduler/cmd/report/run_crontab.sh: line 36: /var/folders/l2/1wpn5kpd0715sc20jc_g372h0000gn/T/report.XXXXXX.01P12VW7x6/report: No such file or directory
===== 2026-09-10 06:27:37 上报结束 =====

===== 2026-09-10 06:28:38 开始上报 =====
/Users/zhengbangli/code/GoLearn/polaris/global-scheduler/cmd/report/run_crontab.sh: line 36: /var/folders/l2/1wpn5kpd0715sc20jc_g372h0000gn/T/report.XXXXXX.01P12VW7x6/report: No such file or directory
===== 2026-09-10 06:28:38 上报结束 =====

===== 2026-09-10 06:29:39 开始上报 =====
/Users/zhengbangli/code/GoLearn/polaris/global-scheduler/cmd/report/run_crontab.sh: line 36: /var/folders/l2/1wpn5kpd0715sc20jc_g372h0000gn/T/report.XXXXXX.01P12VW7x6/report: No such file or directory
===== 2026-09-10 06:29:40 上报结束 =====

===== 2026-09-10 06:30:40 开始上报 =====
/Users/zhengbangli/code/GoLearn/polaris/global-scheduler/cmd/report/run_crontab.sh: line 36: /var/folders/l2/1wpn5kpd0715sc20jc_g372h0000gn/T/report.XXXXXX.01P12VW7x6/report: No such file or directory
===== 2026-09-10 06:30:40 上报结束 =====

===== 2026-09-10 06:31:42 开始上报 =====
/Users/zhengbangli/code/GoLearn/polaris/global-scheduler/cmd/report/run_crontab.sh: line 36: /var/folders/l2/1wpn5kpd0715sc20jc_g372h0000gn/T/report.XXXXXX.01P12VW7x6/report: No such file or directory
===== 2026-09-10 06:31:42 上报结束 =====

===== 2026-09-10 06:32:43 开始上报 =====
/Users/zhengbangli/code/GoLearn/polaris/global-scheduler/cmd/report/run_crontab.sh: line 36: /var/folders/l2/1wpn5kpd0715sc20jc_g372h0000gn/T/report.XXXXXX.01P12VW7x6/report: No such file or directory
===== 2026-09-10 06:32:43 上报结束 =====

===== 2026-09-10 06:33:44 开始上报 =====
/Users/zhengbangli/code/GoLearn/polaris/global-scheduler/cmd/report/run_crontab.sh: line 36: /var/folders/l2/1wpn5kpd0715sc20jc_g372h0000gn/T/report.XXXXXX.01P12VW7x6/report: No such file or directory
===== 2026-09-10 06:33:44 上报结束 =====

===== 2026-09-10 06:34:45 开始上报 =====
/Users/zhengbangli/code/GoLearn/polaris/global-scheduler/cmd/report/run_crontab.sh: line 36: /var/folders/l2/1wpn5kpd0715sc20jc_g372h0000gn/T/report.XXXXXX.01P12VW7x6/report: No such file or directory
===== 2026-09-10 06:34:45 上报结束 =====

===== 2026-09-10 06:35:45 开始上报 =====
/Users/zhengbangli/code/GoLearn/polaris/global-scheduler/cmd/report/run_crontab.sh: line 36: /var/folders/l2/1wpn5kpd0715sc20jc_g372h0000gn/T/report.XXXXXX.01P12VW7x6/report: No such file or directory
===== 2026-09-10 06:35:45 上报结束 =====

===== 2026-09-10 06:36:46 开始上报 =====
/Users/zhengbangli/code/GoLearn/polaris/global-scheduler/cmd/report/run_crontab.sh: line 36: /var/folders/l2/1wpn5kpd0715sc20jc_g372h0000gn/T/report.XXXXXX.01P12VW7x6/report: No such file or directory
===== 2026-09-10 06:36:46 上报结束 =====

===== 2026-09-10 06:37:47 开始上报 =====
/Users/zhengbangli/code/GoLearn/polaris/global-scheduler/cmd/report/run_crontab.sh: line 36: /var/folders/l2/1wpn5kpd0715sc20jc_g372h0000gn/T/report.XXXXXX.01P12VW7x6/report: No such file or directory
===== 2026-09-10 06:37:47 上报结束 =====

===== 2026-09-10 06:38:48 开始上报 =====
/Users/zhengbangli/code/GoLearn/polaris/global-scheduler/cmd/report/run_crontab.sh: line 36: /var/folders/l2/1wpn5kpd0715sc20jc_g372h0000gn/T/report.XXXXXX.01P12VW7x6/report: No such file or directory
===== 2026-09-10 06:38:48 上报结束 =====

===== 2026-09-10 06:39:49 开始上报 =====
/Users/zhengbangli/code/GoLearn/polaris/global-scheduler/cmd/report/run_crontab.sh: line 36: /var/folders/l2/1wpn5kpd0715sc20jc_g372h0000gn/T/report.XXXXXX.01P12VW7x6/report: No such file or directory
===== 2026-09-10 06:39:49 上报结束 =====

===== 2026-09-10 06:40:50 开始上报 =====
/Users/zhengbangli/code/GoLearn/polaris/global-scheduler/cmd/report/run_crontab.sh: line 36: /var/folders/l2/1wpn5kpd0715sc20jc_g372h0000gn/T/report.XXXXXX.01P12VW7x6/report: No such file or directory
===== 2026-09-10 06:40:50 上报结束 =====

===== 2026-09-10 06:41:51 开始上报 =====
/Users/zhengbangli/code/GoLearn/polaris/global-scheduler/cmd/report/run_crontab.sh: line 36: /var/folders/l2/1wpn5kpd0715sc20jc_g372h0000gn/T/report.XXXXXX.01P12VW7x6/report: No such file or directory
===== 2026-09-10 06:41:51 上报结束 =====

===== 2026-09-10 06:42:52 开始上报 =====
/Users/zhengbangli/code/GoLearn/polaris/global-scheduler/cmd/report/run_crontab.sh: line 36: /var/folders/l2/1wpn5kpd0715sc20jc_g372h0000gn/T/report.XXXXXX.01P12VW7x6/report: No such file or directory
===== 2026-09-10 06:42:52 上报结束 =====

===== 2026-09-10 06:43:53 开始上报 =====
/Users/zhengbangli/code/GoLearn/polaris/global-scheduler/cmd/report/run_crontab.sh: line 36: /var/folders/l2/1wpn5kpd0715sc20jc_g372h0000gn/T/report.XXXXXX.01P12VW7x6/report: No such file or directory
===== 2026-09-10 06:43:53 上报结束 =====

===== 2026-09-10 06:44:54 开始上报 =====
/Users/zhengbangli/code/GoLearn/polaris/global-scheduler/cmd/report/run_crontab.sh: line 36: /var/folders/l2/1wpn5kpd0715sc20jc_g372h0000gn/T/report.XXXXXX.01P12VW7x6/report: No such file or directory
===== 2026-09-10 06:44:54 上报结束 =====

===== 2026-09-10 06:45:55 开始上报 =====
/Users/zhengbangli/code/GoLearn/polaris/global-scheduler/cmd/report/run_crontab.sh: line 36: /var/folders/l2/1wpn5kpd0715sc20jc_g372h0000gn/T/report.XXXXXX.01P12VW7x6/report: No such file or directory
===== 2026-09-10 06:45:55 上报结束 =====

===== 2026-09-10 06:46:56 开始上报 =====
/Users/zhengbangli/code/GoLearn/polaris/global-scheduler/cmd/report/run_crontab.sh: line 36: /var/folders/l2/1wpn5kpd0715sc20jc_g372h0000gn/T/report.XXXXXX.01P12VW7x6/report: No such file or directory
===== 2026-09-10 06:46:56 上报结束 =====

===== 2026-09-10 06:47:57 开始上报 =====
/Users/zhengbangli/code/GoLearn/polaris/global-scheduler/cmd/report/run_crontab.sh: line 36: /var/folders/l2/1wpn5kpd0715sc20jc_g372h0000gn/T/report.XXXXXX.01P12VW7x6/report: No such file or directory
===== 2026-09-10 06:47:57 上报结束 =====

===== 2026-09-10 06:48:58 开始上报 =====
/Users/zhengbangli/code/GoLearn/polaris/global-scheduler/cmd/report/run_crontab.sh: line 36: /var/folders/l2/1wpn5kpd0715sc20jc_g372h0000gn/T/report.XXXXXX.01P12VW7x6/report: No such file or directory
===== 2026-09-10 06:48:58 上报结束 =====

===== 2026-09-10 06:49:59 开始上报 =====
/Users/zhengbangli/code/GoLearn/polaris/global-scheduler/cmd/report/run_crontab.sh: line 36: /var/folders/l2/1wpn5kpd0715sc20jc_g372h0000gn/T/report.XXXXXX.01P12VW7x6/report: No such file or directory
===== 2026-09-10 06:49:59 上报结束 =====

===== 2026-09-10 06:51:00 开始上报 =====
/Users/zhengbangli/code/GoLearn/polaris/global-scheduler/cmd/report/run_crontab.sh: line 36: /var/folders/l2/1wpn5kpd0715sc20jc_g372h0000gn/T/report.XXXXXX.01P12VW7x6/report: No such file or directory
===== 2026-09-10 06:51:00 上报结束 =====

===== 2026-09-10 06:52:01 开始上报 =====
/Users/zhengbangli/code/GoLearn/polaris/global-scheduler/cmd/report/run_crontab.sh: line 36: /var/folders/l2/1wpn5kpd0715sc20jc_g372h0000gn/T/report.XXXXXX.01P12VW7x6/report: No such file or directory
===== 2026-09-10 06:52:01 上报结束 =====

===== 2026-09-10 06:53:02 开始上报 =====
/Users/zhengbangli/code/GoLearn/polaris/global-scheduler/cmd/report/run_crontab.sh: line 36: /var/folders/l2/1wpn5kpd0715sc20jc_g372h0000gn/T/report.XXXXXX.01P12VW7x6/report: No such file or directory
===== 2026-09-10 06:53:02 上报结束 =====

===== 2026-09-10 06:54:03 开始上报 =====
/Users/zhengbangli/code/GoLearn/polaris/global-scheduler/cmd/report/run_crontab.sh: line 36: /var/folders/l2/1wpn5kpd0715sc20jc_g372h0000gn/T/report.XXXXXX.01P12VW7x6/report: No such file or directory
===== 2026-09-10 06:54:03 上报结束 =====

===== 2026-09-10 06:55:04 开始上报 =====
/Users/zhengbangli/code/GoLearn/polaris/global-scheduler/cmd/report/run_crontab.sh: line 36: /var/folders/l2/1wpn5kpd0715sc20jc_g372h0000gn/T/report.XXXXXX.01P12VW7x6/report: No such file or directory
===== 2026-09-10 06:55:04 上报结束 =====

===== 2026-09-10 06:56:05 开始上报 =====
/Users/zhengbangli/code/GoLearn/polaris/global-scheduler/cmd/report/run_crontab.sh: line 36: /var/folders/l2/1wpn5kpd0715sc20jc_g372h0000gn/T/report.XXXXXX.01P12VW7x6/report: No such file or directory
===== 2026-09-10 06:56:05 上报结束 =====

===== 2026-09-10 06:57:06 开始上报 =====
/Users/zhengbangli/code/GoLearn/polaris/global-scheduler/cmd/report/run_crontab.sh: line 36: /var/folders/l2/1wpn5kpd0715sc20jc_g372h0000gn/T/report.XXXXXX.01P12VW7x6/report: No such file or directory
===== 2026-09-10 06:57:06 上报结束 =====

===== 2026-09-10 06:58:07 开始上报 =====
/Users/zhengbangli/code/GoLearn/polaris/global-scheduler/cmd/report/run_crontab.sh: line 36: /var/folders/l2/1wpn5kpd0715sc20jc_g372h0000gn/T/report.XXXXXX.01P12VW7x6/report: No such file or directory
===== 2026-09-10 06:58:07 上报结束 =====

===== 2026-09-10 06:59:08 开始上报 =====
/Users/zhengbangli/code/GoLearn/polaris/global-scheduler/cmd/report/run_crontab.sh: line 36: /var/folders/l2/1wpn5kpd0715sc20jc_g372h0000gn/T/report.XXXXXX.01P12VW7x6/report: No such file or directory
===== 2026-09-10 06:59:08 上报结束 =====

===== 2026-09-10 07:00:09 开始上报 =====
/Users/zhengbangli/code/GoLearn/polaris/global-scheduler/cmd/report/run_crontab.sh: line 36: /var/folders/l2/1wpn5kpd0715sc20jc_g372h0000gn/T/report.XXXXXX.01P12VW7x6/report: No such file or directory
===== 2026-09-10 07:00:09 上报结束 =====

===== 2026-09-10 07:01:10 开始上报 =====
/Users/zhengbangli/code/GoLearn/polaris/global-scheduler/cmd/report/run_crontab.sh: line 36: /var/folders/l2/1wpn5kpd0715sc20jc_g372h0000gn/T/report.XXXXXX.01P12VW7x6/report: No such file or directory
===== 2026-09-10 07:01:10 上报结束 =====

===== 2026-09-10 07:02:11 开始上报 =====
/Users/zhengbangli/code/GoLearn/polaris/global-scheduler/cmd/report/run_crontab.sh: line 36: /var/folders/l2/1wpn5kpd0715sc20jc_g372h0000gn/T/report.XXXXXX.01P12VW7x6/report: No such file or directory
===== 2026-09-10 07:02:11 上报结束 =====

===== 2026-09-10 07:03:12 开始上报 =====
/Users/zhengbangli/code/GoLearn/polaris/global-scheduler/cmd/report/run_crontab.sh: line 36: /var/folders/l2/1wpn5kpd0715sc20jc_g372h0000gn/T/report.XXXXXX.01P12VW7x6/report: No such file or directory
===== 2026-09-10 07:03:12 上报结束 =====

===== 2026-09-10 07:04:13 开始上报 =====
/Users/zhengbangli/code/GoLearn/polaris/global-scheduler/cmd/report/run_crontab.sh: line 36: /var/folders/l2/1wpn5kpd0715sc20jc_g372h0000gn/T/report.XXXXXX.01P12VW7x6/report: No such file or directory
===== 2026-09-10 07:04:13 上报结束 =====

===== 2026-09-10 07:05:14 开始上报 =====
/Users/zhengbangli/code/GoLearn/polaris/global-scheduler/cmd/report/run_crontab.sh: line 36: /var/folders/l2/1wpn5kpd0715sc20jc_g372h0000gn/T/report.XXXXXX.01P12VW7x6/report: No such file or directory
===== 2026-09-10 07:05:14 上报结束 =====

===== 2026-09-10 07:06:15 开始上报 =====
/Users/zhengbangli/code/GoLearn/polaris/global-scheduler/cmd/report/run_crontab.sh: line 36: /var/folders/l2/1wpn5kpd0715sc20jc_g372h0000gn/T/report.XXXXXX.01P12VW7x6/report: No such file or directory
===== 2026-09-10 07:06:15 上报结束 =====

===== 2026-09-10 07:07:16 开始上报 =====
/Users/zhengbangli/code/GoLearn/polaris/global-scheduler/cmd/report/run_crontab.sh: line 36: /var/folders/l2/1wpn5kpd0715sc20jc_g372h0000gn/T/report.XXXXXX.01P12VW7x6/report: No such file or directory
===== 2026-09-10 07:07:16 上报结束 =====

===== 2026-09-10 07:08:17 开始上报 =====
/Users/zhengbangli/code/GoLearn/polaris/global-scheduler/cmd/report/run_crontab.sh: line 36: /var/folders/l2/1wpn5kpd0715sc20jc_g372h0000gn/T/report.XXXXXX.01P12VW7x6/report: No such file or directory
===== 2026-09-10 07:08:17 上报结束 =====

===== 2026-09-10 07:09:18 开始上报 =====
/Users/zhengbangli/code/GoLearn/polaris/global-scheduler/cmd/report/run_crontab.sh: line 36: /var/folders/l2/1wpn5kpd0715sc20jc_g372h0000gn/T/report.XXXXXX.01P12VW7x6/report: No such file or directory
===== 2026-09-10 07:09:18 上报结束 =====

===== 2026-09-10 07:10:19 开始上报 =====
/Users/zhengbangli/code/GoLearn/polaris/global-scheduler/cmd/report/run_crontab.sh: line 36: /var/folders/l2/1wpn5kpd0715sc20jc_g372h0000gn/T/report.XXXXXX.01P12VW7x6/report: No such file or directory
===== 2026-09-10 07:10:19 上报结束 =====

===== 2026-09-10 07:11:20 开始上报 =====
/Users/zhengbangli/code/GoLearn/polaris/global-scheduler/cmd/report/run_crontab.sh: line 36: /var/folders/l2/1wpn5kpd0715sc20jc_g372h0000gn/T/report.XXXXXX.01P12VW7x6/report: No such file or directory
===== 2026-09-10 07:11:20 上报结束 =====

===== 2026-09-10 07:12:21 开始上报 =====
/Users/zhengbangli/code/GoLearn/polaris/global-scheduler/cmd/report/run_crontab.sh: line 36: /var/folders/l2/1wpn5kpd0715sc20jc_g372h0000gn/T/report.XXXXXX.01P12VW7x6/report: No such file or directory
===== 2026-09-10 07:12:21 上报结束 =====

===== 2026-09-10 07:13:22 开始上报 =====
/Users/zhengbangli/code/GoLearn/polaris/global-scheduler/cmd/report/run_crontab.sh: line 36: /var/folders/l2/1wpn5kpd0715sc20jc_g372h0000gn/T/report.XXXXXX.01P12VW7x6/report: No such file or directory
===== 2026-09-10 07:13:22 上报结束 =====

===== 2026-09-10 07:14:23 开始上报 =====
/Users/zhengbangli/code/GoLearn/polaris/global-scheduler/cmd/report/run_crontab.sh: line 36: /var/folders/l2/1wpn5kpd0715sc20jc_g372h0000gn/T/report.XXXXXX.01P12VW7x6/report: No such file or directory
===== 2026-09-10 07:14:23 上报结束 =====

===== 2026-09-10 07:15:24 开始上报 =====
/Users/zhengbangli/code/GoLearn/polaris/global-scheduler/cmd/report/run_crontab.sh: line 36: /var/folders/l2/1wpn5kpd0715sc20jc_g372h0000gn/T/report.XXXXXX.01P12VW7x6/report: No such file or directory
===== 2026-09-10 07:15:24 上报结束 =====

===== 2026-09-10 07:16:25 开始上报 =====
/Users/zhengbangli/code/GoLearn/polaris/global-scheduler/cmd/report/run_crontab.sh: line 36: /var/folders/l2/1wpn5kpd0715sc20jc_g372h0000gn/T/report.XXXXXX.01P12VW7x6/report: No such file or directory
===== 2026-09-10 07:16:25 上报结束 =====

===== 2026-09-10 07:17:26 开始上报 =====
/Users/zhengbangli/code/GoLearn/polaris/global-scheduler/cmd/report/run_crontab.sh: line 36: /var/folders/l2/1wpn5kpd0715sc20jc_g372h0000gn/T/report.XXXXXX.01P12VW7x6/report: No such file or directory
===== 2026-09-10 07:17:26 上报结束 =====

===== 2026-09-10 07:18:27 开始上报 =====
/Users/zhengbangli/code/GoLearn/polaris/global-scheduler/cmd/report/run_crontab.sh: line 36: /var/folders/l2/1wpn5kpd0715sc20jc_g372h0000gn/T/report.XXXXXX.01P12VW7x6/report: No such file or directory
===== 2026-09-10 07:18:27 上报结束 =====

===== 2026-09-10 07:19:28 开始上报 =====
/Users/zhengbangli/code/GoLearn/polaris/global-scheduler/cmd/report/run_crontab.sh: line 36: /var/folders/l2/1wpn5kpd0715sc20jc_g372h0000gn/T/report.XXXXXX.01P12VW7x6/report: No such file or directory
===== 2026-09-10 07:19:28 上报结束 =====

===== 2026-09-10 07:20:29 开始上报 =====
/Users/zhengbangli/code/GoLearn/polaris/global-scheduler/cmd/report/run_crontab.sh: line 36: /var/folders/l2/1wpn5kpd0715sc20jc_g372h0000gn/T/report.XXXXXX.01P12VW7x6/report: No such file or directory
===== 2026-09-10 07:20:29 上报结束 =====

===== 2026-09-10 07:21:30 开始上报 =====
/Users/zhengbangli/code/GoLearn/polaris/global-scheduler/cmd/report/run_crontab.sh: line 36: /var/folders/l2/1wpn5kpd0715sc20jc_g372h0000gn/T/report.XXXXXX.01P12VW7x6/report: No such file or directory
===== 2026-09-10 07:21:30 上报结束 =====

===== 2026-09-10 07:22:31 开始上报 =====
/Users/zhengbangli/code/GoLearn/polaris/global-scheduler/cmd/report/run_crontab.sh: line 36: /var/folders/l2/1wpn5kpd0715sc20jc_g372h0000gn/T/report.XXXXXX.01P12VW7x6/report: No such file or directory
===== 2026-09-10 07:22:31 上报结束 =====

===== 2026-09-10 07:23:32 开始上报 =====
/Users/zhengbangli/code/GoLearn/polaris/global-scheduler/cmd/report/run_crontab.sh: line 36: /var/folders/l2/1wpn5kpd0715sc20jc_g372h0000gn/T/report.XXXXXX.01P12VW7x6/report: No such file or directory
===== 2026-09-10 07:23:32 上报结束 =====

===== 2026-09-10 07:24:33 开始上报 =====
/Users/zhengbangli/code/GoLearn/polaris/global-scheduler/cmd/report/run_crontab.sh: line 36: /var/folders/l2/1wpn5kpd0715sc20jc_g372h0000gn/T/report.XXXXXX.01P12VW7x6/report: No such file or directory
===== 2026-09-10 07:24:33 上报结束 =====

===== 2026-09-10 07:25:34 开始上报 =====
/Users/zhengbangli/code/GoLearn/polaris/global-scheduler/cmd/report/run_crontab.sh: line 36: /var/folders/l2/1wpn5kpd0715sc20jc_g372h0000gn/T/report.XXXXXX.01P12VW7x6/report: No such file or directory
===== 2026-09-10 07:25:34 上报结束 =====

===== 2026-09-10 07:26:35 开始上报 =====
/Users/zhengbangli/code/GoLearn/polaris/global-scheduler/cmd/report/run_crontab.sh: line 36: /var/folders/l2/1wpn5kpd0715sc20jc_g372h0000gn/T/report.XXXXXX.01P12VW7x6/report: No such file or directory
===== 2026-09-10 07:26:35 上报结束 =====

===== 2026-09-10 07:27:36 开始上报 =====
/Users/zhengbangli/code/GoLearn/polaris/global-scheduler/cmd/report/run_crontab.sh: line 36: /var/folders/l2/1wpn5kpd0715sc20jc_g372h0000gn/T/report.XXXXXX.01P12VW7x6/report: No such file or directory
===== 2026-09-10 07:27:36 上报结束 =====

===== 2026-09-10 07:28:37 开始上报 =====
/Users/zhengbangli/code/GoLearn/polaris/global-scheduler/cmd/report/run_crontab.sh: line 36: /var/folders/l2/1wpn5kpd0715sc20jc_g372h0000gn/T/report.XXXXXX.01P12VW7x6/report: No such file or directory
===== 2026-09-10 07:28:37 上报结束 =====

===== 2026-09-10 07:29:38 开始上报 =====
/Users/zhengbangli/code/GoLearn/polaris/global-scheduler/cmd/report/run_crontab.sh: line 36: /var/folders/l2/1wpn5kpd0715sc20jc_g372h0000gn/T/report.XXXXXX.01P12VW7x6/report: No such file or directory
===== 2026-09-10 07:29:38 上报结束 =====

===== 2026-09-10 07:30:39 开始上报 =====
/Users/zhengbangli/code/GoLearn/polaris/global-scheduler/cmd/report/run_crontab.sh: line 36: /var/folders/l2/1wpn5kpd0715sc20jc_g372h0000gn/T/report.XXXXXX.01P12VW7x6/report: No such file or directory
===== 2026-09-10 07:30:39 上报结束 =====

===== 2026-09-10 07:31:40 开始上报 =====
/Users/zhengbangli/code/GoLearn/polaris/global-scheduler/cmd/report/run_crontab.sh: line 36: /var/folders/l2/1wpn5kpd0715sc20jc_g372h0000gn/T/report.XXXXXX.01P12VW7x6/report: No such file or directory
===== 2026-09-10 07:31:40 上报结束 =====

===== 2026-09-10 07:32:41 开始上报 =====
/Users/zhengbangli/code/GoLearn/polaris/global-scheduler/cmd/report/run_crontab.sh: line 36: /var/folders/l2/1wpn5kpd0715sc20jc_g372h0000gn/T/report.XXXXXX.01P12VW7x6/report: No such file or directory
===== 2026-09-10 07:32:41 上报结束 =====

===== 2026-09-10 07:33:42 开始上报 =====
/Users/zhengbangli/code/GoLearn/polaris/global-scheduler/cmd/report/run_crontab.sh: line 36: /var/folders/l2/1wpn5kpd0715sc20jc_g372h0000gn/T/report.XXXXXX.01P12VW7x6/report: No such file or directory
===== 2026-09-10 07:33:42 上报结束 =====

===== 2026-09-10 07:34:43 开始上报 =====
/Users/zhengbangli/code/GoLearn/polaris/global-scheduler/cmd/report/run_crontab.sh: line 36: /var/folders/l2/1wpn5kpd0715sc20jc_g372h0000gn/T/report.XXXXXX.01P12VW7x6/report: No such file or directory
===== 2026-09-10 07:34:43 上报结束 =====

===== 2026-09-10 07:35:44 开始上报 =====
/Users/zhengbangli/code/GoLearn/polaris/global-scheduler/cmd/report/run_crontab.sh: line 36: /var/folders/l2/1wpn5kpd0715sc20jc_g372h0000gn/T/report.XXXXXX.01P12VW7x6/report: No such file or directory
===== 2026-09-10 07:35:44 上报结束 =====

===== 2026-09-10 07:36:45 开始上报 =====
/Users/zhengbangli/code/GoLearn/polaris/global-scheduler/cmd/report/run_crontab.sh: line 36: /var/folders/l2/1wpn5kpd0715sc20jc_g372h0000gn/T/report.XXXXXX.01P12VW7x6/report: No such file or directory
===== 2026-09-10 07:36:45 上报结束 =====

===== 2026-09-10 07:37:46 开始上报 =====
/Users/zhengbangli/code/GoLearn/polaris/global-scheduler/cmd/report/run_crontab.sh: line 36: /var/folders/l2/1wpn5kpd0715sc20jc_g372h0000gn/T/report.XXXXXX.01P12VW7x6/report: No such file or directory
===== 2026-09-10 07:37:46 上报结束 =====

===== 2026-09-10 07:38:47 开始上报 =====
/Users/zhengbangli/code/GoLearn/polaris/global-scheduler/cmd/report/run_crontab.sh: line 36: /var/folders/l2/1wpn5kpd0715sc20jc_g372h0000gn/T/report.XXXXXX.01P12VW7x6/report: No such file or directory
===== 2026-09-10 07:38:47 上报结束 =====

===== 2026-09-10 07:39:48 开始上报 =====
/Users/zhengbangli/code/GoLearn/polaris/global-scheduler/cmd/report/run_crontab.sh: line 36: /var/folders/l2/1wpn5kpd0715sc20jc_g372h0000gn/T/report.XXXXXX.01P12VW7x6/report: No such file or directory
===== 2026-09-10 07:39:48 上报结束 =====

===== 2026-09-10 07:40:49 开始上报 =====
/Users/zhengbangli/code/GoLearn/polaris/global-scheduler/cmd/report/run_crontab.sh: line 36: /var/folders/l2/1wpn5kpd0715sc20jc_g372h0000gn/T/report.XXXXXX.01P12VW7x6/report: No such file or directory
===== 2026-09-10 07:40:49 上报结束 =====

===== 2026-09-10 07:41:50 开始上报 =====
/Users/zhengbangli/code/GoLearn/polaris/global-scheduler/cmd/report/run_crontab.sh: line 36: /var/folders/l2/1wpn5kpd0715sc20jc_g372h0000gn/T/report.XXXXXX.01P12VW7x6/report: No such file or directory
===== 2026-09-10 07:41:50 上报结束 =====

===== 2026-09-10 07:42:51 开始上报 =====
/Users/zhengbangli/code/GoLearn/polaris/global-scheduler/cmd/report/run_crontab.sh: line 36: /var/folders/l2/1wpn5kpd0715sc20jc_g372h0000gn/T/report.XXXXXX.01P12VW7x6/report: No such file or directory
===== 2026-09-10 07:42:51 上报结束 =====

===== 2026-09-10 07:43:52 开始上报 =====
/Users/zhengbangli/code/GoLearn/polaris/global-scheduler/cmd/report/run_crontab.sh: line 36: /var/folders/l2/1wpn5kpd0715sc20jc_g372h0000gn/T/report.XXXXXX.01P12VW7x6/report: No such file or directory
===== 2026-09-10 07:43:52 上报结束 =====

===== 2026-09-10 07:44:53 开始上报 =====
/Users/zhengbangli/code/GoLearn/polaris/global-scheduler/cmd/report/run_crontab.sh: line 36: /var/folders/l2/1wpn5kpd0715sc20jc_g372h0000gn/T/report.XXXXXX.01P12VW7x6/report: No such file or directory
===== 2026-09-10 07:44:53 上报结束 =====

===== 2026-09-10 07:45:54 开始上报 =====
/Users/zhengbangli/code/GoLearn/polaris/global-scheduler/cmd/report/run_crontab.sh: line 36: /var/folders/l2/1wpn5kpd0715sc20jc_g372h0000gn/T/report.XXXXXX.01P12VW7x6/report: No such file or directory
===== 2026-09-10 07:45:54 上报结束 =====

===== 2026-09-10 07:46:55 开始上报 =====
/Users/zhengbangli/code/GoLearn/polaris/global-scheduler/cmd/report/run_crontab.sh: line 36: /var/folders/l2/1wpn5kpd0715sc20jc_g372h0000gn/T/report.XXXXXX.01P12VW7x6/report: No such file or directory
===== 2026-09-10 07:46:55 上报结束 =====

===== 2026-09-10 07:47:56 开始上报 =====
/Users/zhengbangli/code/GoLearn/polaris/global-scheduler/cmd/report/run_crontab.sh: line 36: /var/folders/l2/1wpn5kpd0715sc20jc_g372h0000gn/T/report.XXXXXX.01P12VW7x6/report: No such file or directory
===== 2026-09-10 07:47:56 上报结束 =====

===== 2026-09-10 07:48:57 开始上报 =====
/Users/zhengbangli/code/GoLearn/polaris/global-scheduler/cmd/report/run_crontab.sh: line 36: /var/folders/l2/1wpn5kpd0715sc20jc_g372h0000gn/T/report.XXXXXX.01P12VW7x6/report: No such file or directory
===== 2026-09-10 07:48:57 上报结束 =====

===== 2026-09-10 07:49:58 开始上报 =====
/Users/zhengbangli/code/GoLearn/polaris/global-scheduler/cmd/report/run_crontab.sh: line 36: /var/folders/l2/1wpn5kpd0715sc20jc_g372h0000gn/T/report.XXXXXX.01P12VW7x6/report: No such file or directory
===== 2026-09-10 07:49:58 上报结束 =====

===== 2026-09-10 07:50:59 开始上报 =====
/Users/zhengbangli/code/GoLearn/polaris/global-scheduler/cmd/report/run_crontab.sh: line 36: /var/folders/l2/1wpn5kpd0715sc20jc_g372h0000gn/T/report.XXXXXX.01P12VW7x6/report: No such file or directory
===== 2026-09-10 07:50:59 上报结束 =====

===== 2026-09-10 07:52:00 开始上报 =====
/Users/zhengbangli/code/GoLearn/polaris/global-scheduler/cmd/report/run_crontab.sh: line 36: /var/folders/l2/1wpn5kpd0715sc20jc_g372h0000gn/T/report.XXXXXX.01P12VW7x6/report: No such file or directory
===== 2026-09-10 07:52:00 上报结束 =====

===== 2026-09-10 07:53:01 开始上报 =====
/Users/zhengbangli/code/GoLearn/polaris/global-scheduler/cmd/report/run_crontab.sh: line 36: /var/folders/l2/1wpn5kpd0715sc20jc_g372h0000gn/T/report.XXXXXX.01P12VW7x6/report: No such file or directory
===== 2026-09-10 07:53:01 上报结束 =====

===== 2026-09-10 07:54:02 开始上报 =====
/Users/zhengbangli/code/GoLearn/polaris/global-scheduler/cmd/report/run_crontab.sh: line 36: /var/folders/l2/1wpn5kpd0715sc20jc_g372h0000gn/T/report.XXXXXX.01P12VW7x6/report: No such file or directory
===== 2026-09-10 07:54:02 上报结束 =====

===== 2026-09-10 07:55:03 开始上报 =====
/Users/zhengbangli/code/GoLearn/polaris/global-scheduler/cmd/report/run_crontab.sh: line 36: /var/folders/l2/1wpn5kpd0715sc20jc_g372h0000gn/T/report.XXXXXX.01P12VW7x6/report: No such file or directory
===== 2026-09-10 07:55:03 上报结束 =====

===== 2026-09-10 07:56:04 开始上报 =====
/Users/zhengbangli/code/GoLearn/polaris/global-scheduler/cmd/report/run_crontab.sh: line 36: /var/folders/l2/1wpn5kpd0715sc20jc_g372h0000gn/T/report.XXXXXX.01P12VW7x6/report: No such file or directory
===== 2026-09-10 07:56:04 上报结束 =====

===== 2026-09-10 07:57:05 开始上报 =====
/Users/zhengbangli/code/GoLearn/polaris/global-scheduler/cmd/report/run_crontab.sh: line 36: /var/folders/l2/1wpn5kpd0715sc20jc_g372h0000gn/T/report.XXXXXX.01P12VW7x6/report: No such file or directory
===== 2026-09-10 07:57:05 上报结束 =====

===== 2026-09-10 07:58:06 开始上报 =====
/Users/zhengbangli/code/GoLearn/polaris/global-scheduler/cmd/report/run_crontab.sh: line 36: /var/folders/l2/1wpn5kpd0715sc20jc_g372h0000gn/T/report.XXXXXX.01P12VW7x6/report: No such file or directory
===== 2026-09-10 07:58:06 上报结束 =====

===== 2026-09-10 07:59:07 开始上报 =====
/Users/zhengbangli/code/GoLearn/polaris/global-scheduler/cmd/report/run_crontab.sh: line 36: /var/folders/l2/1wpn5kpd0715sc20jc_g372h0000gn/T/report.XXXXXX.01P12VW7x6/report: No such file or directory
===== 2026-09-10 07:59:07 上报结束 =====

===== 2026-09-10 08:00:08 开始上报 =====
/Users/zhengbangli/code/GoLearn/polaris/global-scheduler/cmd/report/run_crontab.sh: line 36: /var/folders/l2/1wpn5kpd0715sc20jc_g372h0000gn/T/report.XXXXXX.01P12VW7x6/report: No such file or directory
===== 2026-09-10 08:00:08 上报结束 =====

===== 2026-09-10 08:01:09 开始上报 =====
/Users/zhengbangli/code/GoLearn/polaris/global-scheduler/cmd/report/run_crontab.sh: line 36: /var/folders/l2/1wpn5kpd0715sc20jc_g372h0000gn/T/report.XXXXXX.01P12VW7x6/report: No such file or directory
===== 2026-09-10 08:01:09 上报结束 =====

===== 2026-09-10 08:02:10 开始上报 =====
/Users/zhengbangli/code/GoLearn/polaris/global-scheduler/cmd/report/run_crontab.sh: line 36: /var/folders/l2/1wpn5kpd0715sc20jc_g372h0000gn/T/report.XXXXXX.01P12VW7x6/report: No such file or directory
===== 2026-09-10 08:02:10 上报结束 =====

===== 2026-09-10 08:03:11 开始上报 =====
/Users/zhengbangli/code/GoLearn/polaris/global-scheduler/cmd/report/run_crontab.sh: line 36: /var/folders/l2/1wpn5kpd0715sc20jc_g372h0000gn/T/report.XXXXXX.01P12VW7x6/report: No such file or directory
===== 2026-09-10 08:03:11 上报结束 =====

===== 2026-09-10 08:04:12 开始上报 =====
/Users/zhengbangli/code/GoLearn/polaris/global-scheduler/cmd/report/run_crontab.sh: line 36: /var/folders/l2/1wpn5kpd0715sc20jc_g372h0000gn/T/report.XXXXXX.01P12VW7x6/report: No such file or directory
===== 2026-09-10 08:04:12 上报结束 =====

===== 2026-09-10 08:05:13 开始上报 =====
/Users/zhengbangli/code/GoLearn/polaris/global-scheduler/cmd/report/run_crontab.sh: line 36: /var/folders/l2/1wpn5kpd0715sc20jc_g372h0000gn/T/report.XXXXXX.01P12VW7x6/report: No such file or directory
===== 2026-09-10 08:05:13 上报结束 =====

===== 2026-09-10 08:06:14 开始上报 =====
/Users/zhengbangli/code/GoLearn/polaris/global-scheduler/cmd/report/run_crontab.sh: line 36: /var/folders/l2/1wpn5kpd0715sc20jc_g372h0000gn/T/report.XXXXXX.01P12VW7x6/report: No such file or directory
===== 2026-09-10 08:06:14 上报结束 =====

===== 2026-09-10 08:07:15 开始上报 =====
/Users/zhengbangli/code/GoLearn/polaris/global-scheduler/cmd/report/run_crontab.sh: line 36: /var/folders/l2/1wpn5kpd0715sc20jc_g372h0000gn/T/report.XXXXXX.01P12VW7x6/report: No such file or directory
===== 2026-09-10 08:07:15 上报结束 =====

===== 2026-09-10 08:08:16 开始上报 =====
/Users/zhengbangli/code/GoLearn/polaris/global-scheduler/cmd/report/run_crontab.sh: line 36: /var/folders/l2/1wpn5kpd0715sc20jc_g372h0000gn/T/report.XXXXXX.01P12VW7x6/report: No such file or directory
===== 2026-09-10 08:08:16 上报结束 =====

===== 2026-09-10 08:09:17 开始上报 =====
/Users/zhengbangli/code/GoLearn/polaris/global-scheduler/cmd/report/run_crontab.sh: line 36: /var/folders/l2/1wpn5kpd0715sc20jc_g372h0000gn/T/report.XXXXXX.01P12VW7x6/report: No such file or directory
===== 2026-09-10 08:09:17 上报结束 =====

===== 2026-09-10 08:10:18 开始上报 =====
/Users/zhengbangli/code/GoLearn/polaris/global-scheduler/cmd/report/run_crontab.sh: line 36: /var/folders/l2/1wpn5kpd0715sc20jc_g372h0000gn/T/report.XXXXXX.01P12VW7x6/report: No such file or directory
===== 2026-09-10 08:10:18 上报结束 =====

===== 2026-09-10 08:11:19 开始上报 =====
/Users/zhengbangli/code/GoLearn/polaris/global-scheduler/cmd/report/run_crontab.sh: line 36: /var/folders/l2/1wpn5kpd0715sc20jc_g372h0000gn/T/report.XXXXXX.01P12VW7x6/report: No such file or directory
===== 2026-09-10 08:11:19 上报结束 =====

===== 2026-09-10 08:12:20 开始上报 =====
/Users/zhengbangli/code/GoLearn/polaris/global-scheduler/cmd/report/run_crontab.sh: line 36: /var/folders/l2/1wpn5kpd0715sc20jc_g372h0000gn/T/report.XXXXXX.01P12VW7x6/report: No such file or directory
===== 2026-09-10 08:12:20 上报结束 =====

===== 2026-09-10 08:13:21 开始上报 =====
/Users/zhengbangli/code/GoLearn/polaris/global-scheduler/cmd/report/run_crontab.sh: line 36: /var/folders/l2/1wpn5kpd0715sc20jc_g372h0000gn/T/report.XXXXXX.01P12VW7x6/report: No such file or directory
===== 2026-09-10 08:13:21 上报结束 =====

===== 2026-09-10 08:14:22 开始上报 =====
/Users/zhengbangli/code/GoLearn/polaris/global-scheduler/cmd/report/run_crontab.sh: line 36: /var/folders/l2/1wpn5kpd0715sc20jc_g372h0000gn/T/report.XXXXXX.01P12VW7x6/report: No such file or directory
===== 2026-09-10 08:14:22 上报结束 =====

===== 2026-09-10 08:15:23 开始上报 =====
/Users/zhengbangli/code/GoLearn/polaris/global-scheduler/cmd/report/run_crontab.sh: line 36: /var/folders/l2/1wpn5kpd0715sc20jc_g372h0000gn/T/report.XXXXXX.01P12VW7x6/report: No such file or directory
===== 2026-09-10 08:15:23 上报结束 =====

===== 2026-09-10 08:16:24 开始上报 =====
/Users/zhengbangli/code/GoLearn/polaris/global-scheduler/cmd/report/run_crontab.sh: line 36: /var/folders/l2/1wpn5kpd0715sc20jc_g372h0000gn/T/report.XXXXXX.01P12VW7x6/report: No such file or directory
===== 2026-09-10 08:16:24 上报结束 =====

===== 2026-09-10 08:17:25 开始上报 =====
/Users/zhengbangli/code/GoLearn/polaris/global-scheduler/cmd/report/run_crontab.sh: line 36: /var/folders/l2/1wpn5kpd0715sc20jc_g372h0000gn/T/report.XXXXXX.01P12VW7x6/report: No such file or directory
===== 2026-09-10 08:17:25 上报结束 =====

===== 2026-09-10 08:18:26 开始上报 =====
/Users/zhengbangli/code/GoLearn/polaris/global-scheduler/cmd/report/run_crontab.sh: line 36: /var/folders/l2/1wpn5kpd0715sc20jc_g372h0000gn/T/report.XXXXXX.01P12VW7x6/report: No such file or directory
===== 2026-09-10 08:18:26 上报结束 =====

===== 2026-09-10 08:19:27 开始上报 =====
/Users/zhengbangli/code/GoLearn/polaris/global-scheduler/cmd/report/run_crontab.sh: line 36: /var/folders/l2/1wpn5kpd0715sc20jc_g372h0000gn/T/report.XXXXXX.01P12VW7x6/report: No such file or directory
===== 2026-09-10 08:19:27 上报结束 =====

===== 2026-09-10 08:20:28 开始上报 =====
/Users/zhengbangli/code/GoLearn/polaris/global-scheduler/cmd/report/run_crontab.sh: line 36: /var/folders/l2/1wpn5kpd0715sc20jc_g372h0000gn/T/report.XXXXXX.01P12VW7x6/report: No such file or directory
===== 2026-09-10 08:20:28 上报结束 =====

===== 2026-09-10 08:21:29 开始上报 =====
/Users/zhengbangli/code/GoLearn/polaris/global-scheduler/cmd/report/run_crontab.sh: line 36: /var/folders/l2/1wpn5kpd0715sc20jc_g372h0000gn/T/report.XXXXXX.01P12VW7x6/report: No such file or directory
===== 2026-09-10 08:21:29 上报结束 =====

===== 2026-09-10 08:22:30 开始上报 =====
/Users/zhengbangli/code/GoLearn/polaris/global-scheduler/cmd/report/run_crontab.sh: line 36: /var/folders/l2/1wpn5kpd0715sc20jc_g372h0000gn/T/report.XXXXXX.01P12VW7x6/report: No such file or directory
===== 2026-09-10 08:22:30 上报结束 =====

===== 2026-09-10 08:23:31 开始上报 =====
/Users/zhengbangli/code/GoLearn/polaris/global-scheduler/cmd/report/run_crontab.sh: line 36: /var/folders/l2/1wpn5kpd0715sc20jc_g372h0000gn/T/report.XXXXXX.01P12VW7x6/report: No such file or directory
===== 2026-09-10 08:23:31 上报结束 =====

===== 2026-09-10 08:24:32 开始上报 =====
/Users/zhengbangli/code/GoLearn/polaris/global-scheduler/cmd/report/run_crontab.sh: line 36: /var/folders/l2/1wpn5kpd0715sc20jc_g372h0000gn/T/report.XXXXXX.01P12VW7x6/report: No such file or directory
===== 2026-09-10 08:24:32 上报结束 =====

===== 2026-09-10 08:25:33 开始上报 =====
/Users/zhengbangli/code/GoLearn/polaris/global-scheduler/cmd/report/run_crontab.sh: line 36: /var/folders/l2/1wpn5kpd0715sc20jc_g372h0000gn/T/report.XXXXXX.01P12VW7x6/report: No such file or directory
===== 2026-09-10 08:25:33 上报结束 =====

===== 2026-09-10 08:26:34 开始上报 =====
/Users/zhengbangli/code/GoLearn/polaris/global-scheduler/cmd/report/run_crontab.sh: line 36: /var/folders/l2/1wpn5kpd0715sc20jc_g372h0000gn/T/report.XXXXXX.01P12VW7x6/report: No such file or directory
===== 2026-09-10 08:26:34 上报结束 =====

===== 2026-09-10 08:27:35 开始上报 =====
/Users/zhengbangli/code/GoLearn/polaris/global-scheduler/cmd/report/run_crontab.sh: line 36: /var/folders/l2/1wpn5kpd0715sc20jc_g372h0000gn/T/report.XXXXXX.01P12VW7x6/report: No such file or directory
===== 2026-09-10 08:27:35 上报结束 =====

===== 2026-09-10 08:28:36 开始上报 =====
/Users/zhengbangli/code/GoLearn/polaris/global-scheduler/cmd/report/run_crontab.sh: line 36: /var/folders/l2/1wpn5kpd0715sc20jc_g372h0000gn/T/report.XXXXXX.01P12VW7x6/report: No such file or directory
===== 2026-09-10 08:28:36 上报结束 =====

===== 2026-09-10 08:29:37 开始上报 =====
/Users/zhengbangli/code/GoLearn/polaris/global-scheduler/cmd/report/run_crontab.sh: line 36: /var/folders/l2/1wpn5kpd0715sc20jc_g372h0000gn/T/report.XXXXXX.01P12VW7x6/report: No such file or directory
===== 2026-09-10 08:29:37 上报结束 =====

===== 2026-09-10 08:30:38 开始上报 =====
/Users/zhengbangli/code/GoLearn/polaris/global-scheduler/cmd/report/run_crontab.sh: line 36: /var/folders/l2/1wpn5kpd0715sc20jc_g372h0000gn/T/report.XXXXXX.01P12VW7x6/report: No such file or directory
===== 2026-09-10 08:30:38 上报结束 =====

===== 2026-09-10 08:31:39 开始上报 =====
/Users/zhengbangli/code/GoLearn/polaris/global-scheduler/cmd/report/run_crontab.sh: line 36: /var/folders/l2/1wpn5kpd0715sc20jc_g372h0000gn/T/report.XXXXXX.01P12VW7x6/report: No such file or directory
===== 2026-09-10 08:31:39 上报结束 =====

===== 2026-09-10 08:32:40 开始上报 =====
/Users/zhengbangli/code/GoLearn/polaris/global-scheduler/cmd/report/run_crontab.sh: line 36: /var/folders/l2/1wpn5kpd0715sc20jc_g372h0000gn/T/report.XXXXXX.01P12VW7x6/report: No such file or directory
===== 2026-09-10 08:32:40 上报结束 =====

===== 2026-09-10 08:33:41 开始上报 =====
/Users/zhengbangli/code/GoLearn/polaris/global-scheduler/cmd/report/run_crontab.sh: line 36: /var/folders/l2/1wpn5kpd0715sc20jc_g372h0000gn/T/report.XXXXXX.01P12VW7x6/report: No such file or directory
===== 2026-09-10 08:33:41 上报结束 =====

===== 2026-09-10 08:34:42 开始上报 =====
/Users/zhengbangli/code/GoLearn/polaris/global-scheduler/cmd/report/run_crontab.sh: line 36: /var/folders/l2/1wpn5kpd0715sc20jc_g372h0000gn/T/report.XXXXXX.01P12VW7x6/report: No such file or directory
===== 2026-09-10 08:34:42 上报结束 =====

===== 2026-09-10 08:35:43 开始上报 =====
/Users/zhengbangli/code/GoLearn/polaris/global-scheduler/cmd/report/run_crontab.sh: line 36: /var/folders/l2/1wpn5kpd0715sc20jc_g372h0000gn/T/report.XXXXXX.01P12VW7x6/report: No such file or directory
===== 2026-09-10 08:35:43 上报结束 =====

===== 2026-09-10 08:36:44 开始上报 =====
/Users/zhengbangli/code/GoLearn/polaris/global-scheduler/cmd/report/run_crontab.sh: line 36: /var/folders/l2/1wpn5kpd0715sc20jc_g372h0000gn/T/report.XXXXXX.01P12VW7x6/report: No such file or directory
===== 2026-09-10 08:36:44 上报结束 =====

===== 2026-09-10 08:37:45 开始上报 =====
/Users/zhengbangli/code/GoLearn/polaris/global-scheduler/cmd/report/run_crontab.sh: line 36: /var/folders/l2/1wpn5kpd0715sc20jc_g372h0000gn/T/report.XXXXXX.01P12VW7x6/report: No such file or directory
===== 2026-09-10 08:37:45 上报结束 =====

===== 2026-09-10 08:38:46 开始上报 =====
/Users/zhengbangli/code/GoLearn/polaris/global-scheduler/cmd/report/run_crontab.sh: line 36: /var/folders/l2/1wpn5kpd0715sc20jc_g372h0000gn/T/report.XXXXXX.01P12VW7x6/report: No such file or directory
===== 2026-09-10 08:38:46 上报结束 =====

===== 2026-09-10 08:39:47 开始上报 =====
/Users/zhengbangli/code/GoLearn/polaris/global-scheduler/cmd/report/run_crontab.sh: line 36: /var/folders/l2/1wpn5kpd0715sc20jc_g372h0000gn/T/report.XXXXXX.01P12VW7x6/report: No such file or directory
===== 2026-09-10 08:39:47 上报结束 =====

===== 2026-09-10 08:40:48 开始上报 =====
/Users/zhengbangli/code/GoLearn/polaris/global-scheduler/cmd/report/run_crontab.sh: line 36: /var/folders/l2/1wpn5kpd0715sc20jc_g372h0000gn/T/report.XXXXXX.01P12VW7x6/report: No such file or directory
===== 2026-09-10 08:40:48 上报结束 =====

===== 2026-09-10 08:41:49 开始上报 =====
/Users/zhengbangli/code/GoLearn/polaris/global-scheduler/cmd/report/run_crontab.sh: line 36: /var/folders/l2/1wpn5kpd0715sc20jc_g372h0000gn/T/report.XXXXXX.01P12VW7x6/report: No such file or directory
===== 2026-09-10 08:41:49 上报结束 =====

===== 2026-09-10 08:42:50 开始上报 =====
/Users/zhengbangli/code/GoLearn/polaris/global-scheduler/cmd/report/run_crontab.sh: line 36: /var/folders/l2/1wpn5kpd0715sc20jc_g372h0000gn/T/report.XXXXXX.01P12VW7x6/report: No such file or directory
===== 2026-09-10 08:42:50 上报结束 =====

===== 2026-09-10 08:43:51 开始上报 =====
/Users/zhengbangli/code/GoLearn/polaris/global-scheduler/cmd/report/run_crontab.sh: line 36: /var/folders/l2/1wpn5kpd0715sc20jc_g372h0000gn/T/report.XXXXXX.01P12VW7x6/report: No such file or directory
===== 2026-09-10 08:43:51 上报结束 =====

===== 2026-09-10 08:44:52 开始上报 =====
/Users/zhengbangli/code/GoLearn/polaris/global-scheduler/cmd/report/run_crontab.sh: line 36: /var/folders/l2/1wpn5kpd0715sc20jc_g372h0000gn/T/report.XXXXXX.01P12VW7x6/report: No such file or directory
===== 2026-09-10 08:44:52 上报结束 =====

===== 2026-09-10 08:45:53 开始上报 =====
/Users/zhengbangli/code/GoLearn/polaris/global-scheduler/cmd/report/run_crontab.sh: line 36: /var/folders/l2/1wpn5kpd0715sc20jc_g372h0000gn/T/report.XXXXXX.01P12VW7x6/report: No such file or directory
===== 2026-09-10 08:45:53 上报结束 =====

===== 2026-09-10 08:46:54 开始上报 =====
/Users/zhengbangli/code/GoLearn/polaris/global-scheduler/cmd/report/run_crontab.sh: line 36: /var/folders/l2/1wpn5kpd0715sc20jc_g372h0000gn/T/report.XXXXXX.01P12VW7x6/report: No such file or directory
===== 2026-09-10 08:46:54 上报结束 =====

===== 2026-09-10 08:47:55 开始上报 =====
/Users/zhengbangli/code/GoLearn/polaris/global-scheduler/cmd/report/run_crontab.sh: line 36: /var/folders/l2/1wpn5kpd0715sc20jc_g372h0000gn/T/report.XXXXXX.01P12VW7x6/report: No such file or directory
===== 2026-09-10 08:47:55 上报结束 =====

===== 2026-09-10 08:48:56 开始上报 =====
/Users/zhengbangli/code/GoLearn/polaris/global-scheduler/cmd/report/run_crontab.sh: line 36: /var/folders/l2/1wpn5kpd0715sc20jc_g372h0000gn/T/report.XXXXXX.01P12VW7x6/report: No such file or directory
===== 2026-09-10 08:48:56 上报结束 =====

===== 2026-09-10 08:49:57 开始上报 =====
/Users/zhengbangli/code/GoLearn/polaris/global-scheduler/cmd/report/run_crontab.sh: line 36: /var/folders/l2/1wpn5kpd0715sc20jc_g372h0000gn/T/report.XXXXXX.01P12VW7x6/report: No such file or directory
===== 2026-09-10 08:49:57 上报结束 =====

===== 2026-09-10 08:50:58 开始上报 =====
/Users/zhengbangli/code/GoLearn/polaris/global-scheduler/cmd/report/run_crontab.sh: line 36: /var/folders/l2/1wpn5kpd0715sc20jc_g372h0000gn/T/report.XXXXXX.01P12VW7x6/report: No such file or directory
===== 2026-09-10 08:50:58 上报结束 =====

===== 2026-09-10 08:51:59 开始上报 =====
/Users/zhengbangli/code/GoLearn/polaris/global-scheduler/cmd/report/run_crontab.sh: line 36: /var/folders/l2/1wpn5kpd0715sc20jc_g372h0000gn/T/report.XXXXXX.01P12VW7x6/report: No such file or directory
===== 2026-09-10 08:51:59 上报结束 =====

===== 2026-09-10 08:53:00 开始上报 =====
/Users/zhengbangli/code/GoLearn/polaris/global-scheduler/cmd/report/run_crontab.sh: line 36: /var/folders/l2/1wpn5kpd0715sc20jc_g372h0000gn/T/report.XXXXXX.01P12VW7x6/report: No such file or directory
===== 2026-09-10 08:53:00 上报结束 =====

===== 2026-09-10 08:54:01 开始上报 =====
/Users/zhengbangli/code/GoLearn/polaris/global-scheduler/cmd/report/run_crontab.sh: line 36: /var/folders/l2/1wpn5kpd0715sc20jc_g372h0000gn/T/report.XXXXXX.01P12VW7x6/report: No such file or directory
===== 2026-09-10 08:54:01 上报结束 =====

===== 2026-09-10 08:55:02 开始上报 =====
/Users/zhengbangli/code/GoLearn/polaris/global-scheduler/cmd/report/run_crontab.sh: line 36: /var/folders/l2/1wpn5kpd0715sc20jc_g372h0000gn/T/report.XXXXXX.01P12VW7x6/report: No such file or directory
===== 2026-09-10 08:55:02 上报结束 =====

===== 2026-09-10 08:56:03 开始上报 =====
/Users/zhengbangli/code/GoLearn/polaris/global-scheduler/cmd/report/run_crontab.sh: line 36: /var/folders/l2/1wpn5kpd0715sc20jc_g372h0000gn/T/report.XXXXXX.01P12VW7x6/report: No such file or directory
===== 2026-09-10 08:56:03 上报结束 =====

===== 2026-09-10 08:57:04 开始上报 =====
/Users/zhengbangli/code/GoLearn/polaris/global-scheduler/cmd/report/run_crontab.sh: line 36: /var/folders/l2/1wpn5kpd0715sc20jc_g372h0000gn/T/report.XXXXXX.01P12VW7x6/report: No such file or directory
===== 2026-09-10 08:57:04 上报结束 =====

===== 2026-09-10 08:58:05 开始上报 =====
/Users/zhengbangli/code/GoLearn/polaris/global-scheduler/cmd/report/run_crontab.sh: line 36: /var/folders/l2/1wpn5kpd0715sc20jc_g372h0000gn/T/report.XXXXXX.01P12VW7x6/report: No such file or directory
===== 2026-09-10 08:58:05 上报结束 =====

===== 2026-09-10 08:59:06 开始上报 =====
/Users/zhengbangli/code/GoLearn/polaris/global-scheduler/cmd/report/run_crontab.sh: line 36: /var/folders/l2/1wpn5kpd0715sc20jc_g372h0000gn/T/report.XXXXXX.01P12VW7x6/report: No such file or directory
===== 2026-09-10 08:59:06 上报结束 =====

===== 2026-09-10 09:00:07 开始上报 =====
/Users/zhengbangli/code/GoLearn/polaris/global-scheduler/cmd/report/run_crontab.sh: line 36: /var/folders/l2/1wpn5kpd0715sc20jc_g372h0000gn/T/report.XXXXXX.01P12VW7x6/report: No such file or directory
===== 2026-09-10 09:00:07 上报结束 =====

===== 2026-09-10 09:01:08 开始上报 =====
/Users/zhengbangli/code/GoLearn/polaris/global-scheduler/cmd/report/run_crontab.sh: line 36: /var/folders/l2/1wpn5kpd0715sc20jc_g372h0000gn/T/report.XXXXXX.01P12VW7x6/report: No such file or directory
===== 2026-09-10 09:01:08 上报结束 =====

===== 2026-09-10 09:02:09 开始上报 =====
/Users/zhengbangli/code/GoLearn/polaris/global-scheduler/cmd/report/run_crontab.sh: line 36: /var/folders/l2/1wpn5kpd0715sc20jc_g372h0000gn/T/report.XXXXXX.01P12VW7x6/report: No such file or directory
===== 2026-09-10 09:02:09 上报结束 =====

===== 2026-09-10 09:03:10 开始上报 =====
/Users/zhengbangli/code/GoLearn/polaris/global-scheduler/cmd/report/run_crontab.sh: line 36: /var/folders/l2/1wpn5kpd0715sc20jc_g372h0000gn/T/report.XXXXXX.01P12VW7x6/report: No such file or directory
===== 2026-09-10 09:03:10 上报结束 =====

===== 2026-09-10 09:04:11 开始上报 =====
/Users/zhengbangli/code/GoLearn/polaris/global-scheduler/cmd/report/run_crontab.sh: line 36: /var/folders/l2/1wpn5kpd0715sc20jc_g372h0000gn/T/report.XXXXXX.01P12VW7x6/report: No such file or directory
===== 2026-09-10 09:04:11 上报结束 =====

===== 2026-09-10 09:05:12 开始上报 =====
/Users/zhengbangli/code/GoLearn/polaris/global-scheduler/cmd/report/run_crontab.sh: line 36: /var/folders/l2/1wpn5kpd0715sc20jc_g372h0000gn/T/report.XXXXXX.01P12VW7x6/report: No such file or directory
===== 2026-09-10 09:05:12 上报结束 =====

===== 2026-09-10 09:06:13 开始上报 =====
/Users/zhengbangli/code/GoLearn/polaris/global-scheduler/cmd/report/run_crontab.sh: line 36: /var/folders/l2/1wpn5kpd0715sc20jc_g372h0000gn/T/report.XXXXXX.01P12VW7x6/report: No such file or directory
===== 2026-09-10 09:06:13 上报结束 =====

===== 2026-09-10 09:07:14 开始上报 =====
/Users/zhengbangli/code/GoLearn/polaris/global-scheduler/cmd/report/run_crontab.sh: line 36: /var/folders/l2/1wpn5kpd0715sc20jc_g372h0000gn/T/report.XXXXXX.01P12VW7x6/report: No such file or directory
===== 2026-09-10 09:07:14 上报结束 =====

===== 2026-09-10 09:08:15 开始上报 =====
/Users/zhengbangli/code/GoLearn/polaris/global-scheduler/cmd/report/run_crontab.sh: line 36: /var/folders/l2/1wpn5kpd0715sc20jc_g372h0000gn/T/report.XXXXXX.01P12VW7x6/report: No such file or directory
===== 2026-09-10 09:08:15 上报结束 =====

===== 2026-09-10 09:09:16 开始上报 =====
/Users/zhengbangli/code/GoLearn/polaris/global-scheduler/cmd/report/run_crontab.sh: line 36: /var/folders/l2/1wpn5kpd0715sc20jc_g372h0000gn/T/report.XXXXXX.01P12VW7x6/report: No such file or directory
===== 2026-09-10 09:09:16 上报结束 =====

===== 2026-09-10 09:10:17 开始上报 =====
/Users/zhengbangli/code/GoLearn/polaris/global-scheduler/cmd/report/run_crontab.sh: line 36: /var/folders/l2/1wpn5kpd0715sc20jc_g372h0000gn/T/report.XXXXXX.01P12VW7x6/report: No such file or directory
===== 2026-09-10 09:10:17 上报结束 =====

===== 2026-09-10 09:11:18 开始上报 =====
/Users/zhengbangli/code/GoLearn/polaris/global-scheduler/cmd/report/run_crontab.sh: line 36: /var/folders/l2/1wpn5kpd0715sc20jc_g372h0000gn/T/report.XXXXXX.01P12VW7x6/report: No such file or directory
===== 2026-09-10 09:11:18 上报结束 =====

===== 2026-09-10 09:12:19 开始上报 =====
/Users/zhengbangli/code/GoLearn/polaris/global-scheduler/cmd/report/run_crontab.sh: line 36: /var/folders/l2/1wpn5kpd0715sc20jc_g372h0000gn/T/report.XXXXXX.01P12VW7x6/report: No such file or directory
===== 2026-09-10 09:12:19 上报结束 =====

===== 2026-09-10 09:13:20 开始上报 =====
/Users/zhengbangli/code/GoLearn/polaris/global-scheduler/cmd/report/run_crontab.sh: line 36: /var/folders/l2/1wpn5kpd0715sc20jc_g372h0000gn/T/report.XXXXXX.01P12VW7x6/report: No such file or directory
===== 2026-09-10 09:13:20 上报结束 =====

===== 2026-09-10 09:14:21 开始上报 =====
/Users/zhengbangli/code/GoLearn/polaris/global-scheduler/cmd/report/run_crontab.sh: line 36: /var/folders/l2/1wpn5kpd0715sc20jc_g372h0000gn/T/report.XXXXXX.01P12VW7x6/report: No such file or directory
===== 2026-09-10 09:14:21 上报结束 =====

===== 2026-09-10 09:15:22 开始上报 =====
/Users/zhengbangli/code/GoLearn/polaris/global-scheduler/cmd/report/run_crontab.sh: line 36: /var/folders/l2/1wpn5kpd0715sc20jc_g372h0000gn/T/report.XXXXXX.01P12VW7x6/report: No such file or directory
===== 2026-09-10 09:15:22 上报结束 =====

===== 2026-09-10 09:16:23 开始上报 =====
/Users/zhengbangli/code/GoLearn/polaris/global-scheduler/cmd/report/run_crontab.sh: line 36: /var/folders/l2/1wpn5kpd0715sc20jc_g372h0000gn/T/report.XXXXXX.01P12VW7x6/report: No such file or directory
===== 2026-09-10 09:16:23 上报结束 =====

===== 2026-09-10 09:17:24 开始上报 =====
/Users/zhengbangli/code/GoLearn/polaris/global-scheduler/cmd/report/run_crontab.sh: line 36: /var/folders/l2/1wpn5kpd0715sc20jc_g372h0000gn/T/report.XXXXXX.01P12VW7x6/report: No such file or directory
===== 2026-09-10 09:17:24 上报结束 =====

===== 2026-09-10 09:18:25 开始上报 =====
/Users/zhengbangli/code/GoLearn/polaris/global-scheduler/cmd/report/run_crontab.sh: line 36: /var/folders/l2/1wpn5kpd0715sc20jc_g372h0000gn/T/report.XXXXXX.01P12VW7x6/report: No such file or directory
===== 2026-09-10 09:18:25 上报结束 =====

===== 2026-09-10 09:19:26 开始上报 =====
/Users/zhengbangli/code/GoLearn/polaris/global-scheduler/cmd/report/run_crontab.sh: line 36: /var/folders/l2/1wpn5kpd0715sc20jc_g372h0000gn/T/report.XXXXXX.01P12VW7x6/report: No such file or directory
===== 2026-09-10 09:19:26 上报结束 =====

===== 2026-09-10 09:20:27 开始上报 =====
/Users/zhengbangli/code/GoLearn/polaris/global-scheduler/cmd/report/run_crontab.sh: line 36: /var/folders/l2/1wpn5kpd0715sc20jc_g372h0000gn/T/report.XXXXXX.01P12VW7x6/report: No such file or directory
===== 2026-09-10 09:20:27 上报结束 =====

===== 2026-09-10 09:21:28 开始上报 =====
/Users/zhengbangli/code/GoLearn/polaris/global-scheduler/cmd/report/run_crontab.sh: line 36: /var/folders/l2/1wpn5kpd0715sc20jc_g372h0000gn/T/report.XXXXXX.01P12VW7x6/report: No such file or directory
===== 2026-09-10 09:21:28 上报结束 =====

===== 2026-09-10 09:22:29 开始上报 =====
/Users/zhengbangli/code/GoLearn/polaris/global-scheduler/cmd/report/run_crontab.sh: line 36: /var/folders/l2/1wpn5kpd0715sc20jc_g372h0000gn/T/report.XXXXXX.01P12VW7x6/report: No such file or directory
===== 2026-09-10 09:22:29 上报结束 =====

===== 2026-09-10 09:23:30 开始上报 =====
/Users/zhengbangli/code/GoLearn/polaris/global-scheduler/cmd/report/run_crontab.sh: line 36: /var/folders/l2/1wpn5kpd0715sc20jc_g372h0000gn/T/report.XXXXXX.01P12VW7x6/report: No such file or directory
===== 2026-09-10 09:23:30 上报结束 =====

===== 2026-09-10 09:24:31 开始上报 =====
/Users/zhengbangli/code/GoLearn/polaris/global-scheduler/cmd/report/run_crontab.sh: line 36: /var/folders/l2/1wpn5kpd0715sc20jc_g372h0000gn/T/report.XXXXXX.01P12VW7x6/report: No such file or directory
===== 2026-09-10 09:24:31 上报结束 =====

===== 2026-09-10 09:25:32 开始上报 =====
/Users/zhengbangli/code/GoLearn/polaris/global-scheduler/cmd/report/run_crontab.sh: line 36: /var/folders/l2/1wpn5kpd0715sc20jc_g372h0000gn/T/report.XXXXXX.01P12VW7x6/report: No such file or directory
===== 2026-09-10 09:25:32 上报结束 =====

===== 2026-09-10 09:26:33 开始上报 =====
/Users/zhengbangli/code/GoLearn/polaris/global-scheduler/cmd/report/run_crontab.sh: line 36: /var/folders/l2/1wpn5kpd0715sc20jc_g372h0000gn/T/report.XXXXXX.01P12VW7x6/report: No such file or directory
===== 2026-09-10 09:26:33 上报结束 =====

===== 2026-09-10 09:27:34 开始上报 =====
/Users/zhengbangli/code/GoLearn/polaris/global-scheduler/cmd/report/run_crontab.sh: line 36: /var/folders/l2/1wpn5kpd0715sc20jc_g372h0000gn/T/report.XXXXXX.01P12VW7x6/report: No such file or directory
===== 2026-09-10 09:27:34 上报结束 =====

===== 2026-09-10 09:28:35 开始上报 =====
/Users/zhengbangli/code/GoLearn/polaris/global-scheduler/cmd/report/run_crontab.sh: line 36: /var/folders/l2/1wpn5kpd0715sc20jc_g372h0000gn/T/report.XXXXXX.01P12VW7x6/report: No such file or directory
===== 2026-09-10 09:28:35 上报结束 =====

===== 2026-09-10 09:29:36 开始上报 =====
/Users/zhengbangli/code/GoLearn/polaris/global-scheduler/cmd/report/run_crontab.sh: line 36: /var/folders/l2/1wpn5kpd0715sc20jc_g372h0000gn/T/report.XXXXXX.01P12VW7x6/report: No such file or directory
===== 2026-09-10 09:29:36 上报结束 =====

===== 2026-09-10 09:30:37 开始上报 =====
/Users/zhengbangli/code/GoLearn/polaris/global-scheduler/cmd/report/run_crontab.sh: line 36: /var/folders/l2/1wpn5kpd0715sc20jc_g372h0000gn/T/report.XXXXXX.01P12VW7x6/report: No such file or directory
===== 2026-09-10 09:30:37 上报结束 =====

===== 2026-09-10 09:31:38 开始上报 =====
/Users/zhengbangli/code/GoLearn/polaris/global-scheduler/cmd/report/run_crontab.sh: line 36: /var/folders/l2/1wpn5kpd0715sc20jc_g372h0000gn/T/report.XXXXXX.01P12VW7x6/report: No such file or directory
===== 2026-09-10 09:31:38 上报结束 =====

===== 2026-09-10 09:32:39 开始上报 =====
/Users/zhengbangli/code/GoLearn/polaris/global-scheduler/cmd/report/run_crontab.sh: line 36: /var/folders/l2/1wpn5kpd0715sc20jc_g372h0000gn/T/report.XXXXXX.01P12VW7x6/report: No such file or directory
===== 2026-09-10 09:32:39 上报结束 =====

===== 2026-09-10 09:33:40 开始上报 =====
/Users/zhengbangli/code/GoLearn/polaris/global-scheduler/cmd/report/run_crontab.sh: line 36: /var/folders/l2/1wpn5kpd0715sc20jc_g372h0000gn/T/report.XXXXXX.01P12VW7x6/report: No such file or directory
===== 2026-09-10 09:33:40 上报结束 =====

===== 2026-09-10 09:34:41 开始上报 =====
/Users/zhengbangli/code/GoLearn/polaris/global-scheduler/cmd/report/run_crontab.sh: line 36: /var/folders/l2/1wpn5kpd0715sc20jc_g372h0000gn/T/report.XXXXXX.01P12VW7x6/report: No such file or directory
===== 2026-09-10 09:34:41 上报结束 =====

===== 2026-09-10 09:35:42 开始上报 =====
/Users/zhengbangli/code/GoLearn/polaris/global-scheduler/cmd/report/run_crontab.sh: line 36: /var/folders/l2/1wpn5kpd0715sc20jc_g372h0000gn/T/report.XXXXXX.01P12VW7x6/report: No such file or directory
===== 2026-09-10 09:35:42 上报结束 =====

===== 2026-09-10 09:36:43 开始上报 =====
/Users/zhengbangli/code/GoLearn/polaris/global-scheduler/cmd/report/run_crontab.sh: line 36: /var/folders/l2/1wpn5kpd0715sc20jc_g372h0000gn/T/report.XXXXXX.01P12VW7x6/report: No such file or directory
===== 2026-09-10 09:36:43 上报结束 =====

===== 2026-09-10 09:37:44 开始上报 =====
/Users/zhengbangli/code/GoLearn/polaris/global-scheduler/cmd/report/run_crontab.sh: line 36: /var/folders/l2/1wpn5kpd0715sc20jc_g372h0000gn/T/report.XXXXXX.01P12VW7x6/report: No such file or directory
===== 2026-09-10 09:37:44 上报结束 =====

===== 2026-09-10 09:38:45 开始上报 =====
/Users/zhengbangli/code/GoLearn/polaris/global-scheduler/cmd/report/run_crontab.sh: line 36: /var/folders/l2/1wpn5kpd0715sc20jc_g372h0000gn/T/report.XXXXXX.01P12VW7x6/report: No such file or directory
===== 2026-09-10 09:38:45 上报结束 =====

===== 2026-09-10 09:39:46 开始上报 =====
/Users/zhengbangli/code/GoLearn/polaris/global-scheduler/cmd/report/run_crontab.sh: line 36: /var/folders/l2/1wpn5kpd0715sc20jc_g372h0000gn/T/report.XXXXXX.01P12VW7x6/report: No such file or directory
===== 2026-09-10 09:39:46 上报结束 =====

===== 2026-09-10 09:40:47 开始上报 =====
/Users/zhengbangli/code/GoLearn/polaris/global-scheduler/cmd/report/run_crontab.sh: line 36: /var/folders/l2/1wpn5kpd0715sc20jc_g372h0000gn/T/report.XXXXXX.01P12VW7x6/report: No such file or directory
===== 2026-09-10 09:40:47 上报结束 =====

===== 2026-09-10 09:41:48 开始上报 =====
/Users/zhengbangli/code/GoLearn/polaris/global-scheduler/cmd/report/run_crontab.sh: line 36: /var/folders/l2/1wpn5kpd0715sc20jc_g372h0000gn/T/report.XXXXXX.01P12VW7x6/report: No such file or directory
===== 2026-09-10 09:41:48 上报结束 =====

===== 2026-09-10 09:42:49 开始上报 =====
/Users/zhengbangli/code/GoLearn/polaris/global-scheduler/cmd/report/run_crontab.sh: line 36: /var/folders/l2/1wpn5kpd0715sc20jc_g372h0000gn/T/report.XXXXXX.01P12VW7x6/report: No such file or directory
===== 2026-09-10 09:42:49 上报结束 =====

===== 2026-09-10 09:43:50 开始上报 =====
/Users/zhengbangli/code/GoLearn/polaris/global-scheduler/cmd/report/run_crontab.sh: line 36: /var/folders/l2/1wpn5kpd0715sc20jc_g372h0000gn/T/report.XXXXXX.01P12VW7x6/report: No such file or directory
===== 2026-09-10 09:43:50 上报结束 =====

===== 2026-09-10 09:44:51 开始上报 =====
/Users/zhengbangli/code/GoLearn/polaris/global-scheduler/cmd/report/run_crontab.sh: line 36: /var/folders/l2/1wpn5kpd0715sc20jc_g372h0000gn/T/report.XXXXXX.01P12VW7x6/report: No such file or directory
===== 2026-09-10 09:44:51 上报结束 =====

===== 2026-09-10 09:45:52 开始上报 =====
/Users/zhengbangli/code/GoLearn/polaris/global-scheduler/cmd/report/run_crontab.sh: line 36: /var/folders/l2/1wpn5kpd0715sc20jc_g372h0000gn/T/report.XXXXXX.01P12VW7x6/report: No such file or directory
===== 2026-09-10 09:45:52 上报结束 =====

===== 2026-09-10 09:46:53 开始上报 =====
/Users/zhengbangli/code/GoLearn/polaris/global-scheduler/cmd/report/run_crontab.sh: line 36: /var/folders/l2/1wpn5kpd0715sc20jc_g372h0000gn/T/report.XXXXXX.01P12VW7x6/report: No such file or directory
===== 2026-09-10 09:46:53 上报结束 =====

===== 2026-09-10 09:47:54 开始上报 =====
/Users/zhengbangli/code/GoLearn/polaris/global-scheduler/cmd/report/run_crontab.sh: line 36: /var/folders/l2/1wpn5kpd0715sc20jc_g372h0000gn/T/report.XXXXXX.01P12VW7x6/report: No such file or directory
===== 2026-09-10 09:47:54 上报结束 =====

===== 2026-09-10 09:48:55 开始上报 =====
/Users/zhengbangli/code/GoLearn/polaris/global-scheduler/cmd/report/run_crontab.sh: line 36: /var/folders/l2/1wpn5kpd0715sc20jc_g372h0000gn/T/report.XXXXXX.01P12VW7x6/report: No such file or directory
===== 2026-09-10 09:48:55 上报结束 =====

===== 2026-09-10 09:49:56 开始上报 =====
/Users/zhengbangli/code/GoLearn/polaris/global-scheduler/cmd/report/run_crontab.sh: line 36: /var/folders/l2/1wpn5kpd0715sc20jc_g372h0000gn/T/report.XXXXXX.01P12VW7x6/report: No such file or directory
===== 2026-09-10 09:49:56 上报结束 =====

===== 2026-09-10 09:50:57 开始上报 =====
/Users/zhengbangli/code/GoLearn/polaris/global-scheduler/cmd/report/run_crontab.sh: line 36: /var/folders/l2/1wpn5kpd0715sc20jc_g372h0000gn/T/report.XXXXXX.01P12VW7x6/report: No such file or directory
===== 2026-09-10 09:50:57 上报结束 =====

===== 2026-09-10 09:51:58 开始上报 =====
/Users/zhengbangli/code/GoLearn/polaris/global-scheduler/cmd/report/run_crontab.sh: line 36: /var/folders/l2/1wpn5kpd0715sc20jc_g372h0000gn/T/report.XXXXXX.01P12VW7x6/report: No such file or directory
===== 2026-09-10 09:51:58 上报结束 =====

===== 2026-09-10 09:52:59 开始上报 =====
/Users/zhengbangli/code/GoLearn/polaris/global-scheduler/cmd/report/run_crontab.sh: line 36: /var/folders/l2/1wpn5kpd0715sc20jc_g372h0000gn/T/report.XXXXXX.01P12VW7x6/report: No such file or directory
===== 2026-09-10 09:52:59 上报结束 =====

===== 2026-09-10 09:54:00 开始上报 =====
/Users/zhengbangli/code/GoLearn/polaris/global-scheduler/cmd/report/run_crontab.sh: line 36: /var/folders/l2/1wpn5kpd0715sc20jc_g372h0000gn/T/report.XXXXXX.01P12VW7x6/report: No such file or directory
===== 2026-09-10 09:54:00 上报结束 =====

===== 2026-09-10 09:55:01 开始上报 =====
/Users/zhengbangli/code/GoLearn/polaris/global-scheduler/cmd/report/run_crontab.sh: line 36: /var/folders/l2/1wpn5kpd0715sc20jc_g372h0000gn/T/report.XXXXXX.01P12VW7x6/report: No such file or directory
===== 2026-09-10 09:55:01 上报结束 =====

===== 2026-09-10 09:56:02 开始上报 =====
/Users/zhengbangli/code/GoLearn/polaris/global-scheduler/cmd/report/run_crontab.sh: line 36: /var/folders/l2/1wpn5kpd0715sc20jc_g372h0000gn/T/report.XXXXXX.01P12VW7x6/report: No such file or directory
===== 2026-09-10 09:56:02 上报结束 =====

===== 2026-09-10 09:57:03 开始上报 =====
/Users/zhengbangli/code/GoLearn/polaris/global-scheduler/cmd/report/run_crontab.sh: line 36: /var/folders/l2/1wpn5kpd0715sc20jc_g372h0000gn/T/report.XXXXXX.01P12VW7x6/report: No such file or directory
===== 2026-09-10 09:57:03 上报结束 =====

===== 2026-09-10 09:58:04 开始上报 =====
/Users/zhengbangli/code/GoLearn/polaris/global-scheduler/cmd/report/run_crontab.sh: line 36: /var/folders/l2/1wpn5kpd0715sc20jc_g372h0000gn/T/report.XXXXXX.01P12VW7x6/report: No such file or directory
===== 2026-09-10 09:58:04 上报结束 =====

===== 2026-09-10 09:59:05 开始上报 =====
/Users/zhengbangli/code/GoLearn/polaris/global-scheduler/cmd/report/run_crontab.sh: line 36: /var/folders/l2/1wpn5kpd0715sc20jc_g372h0000gn/T/report.XXXXXX.01P12VW7x6/report: No such file or directory
===== 2026-09-10 09:59:05 上报结束 =====

===== 2026-09-10 10:00:05 开始上报 =====
/Users/zhengbangli/code/GoLearn/polaris/global-scheduler/cmd/report/run_crontab.sh: line 36: /var/folders/l2/1wpn5kpd0715sc20jc_g372h0000gn/T/report.XXXXXX.01P12VW7x6/report: No such file or directory
===== 2026-09-10 10:00:05 上报结束 =====

===== 2026-09-10 10:01:06 开始上报 =====
/Users/zhengbangli/code/GoLearn/polaris/global-scheduler/cmd/report/run_crontab.sh: line 36: /var/folders/l2/1wpn5kpd0715sc20jc_g372h0000gn/T/report.XXXXXX.01P12VW7x6/report: No such file or directory
===== 2026-09-10 10:01:06 上报结束 =====

===== 2026-09-10 10:02:07 开始上报 =====
/Users/zhengbangli/code/GoLearn/polaris/global-scheduler/cmd/report/run_crontab.sh: line 36: /var/folders/l2/1wpn5kpd0715sc20jc_g372h0000gn/T/report.XXXXXX.01P12VW7x6/report: No such file or directory
===== 2026-09-10 10:02:07 上报结束 =====

===== 2026-09-10 10:03:07 开始上报 =====
/Users/zhengbangli/code/GoLearn/polaris/global-scheduler/cmd/report/run_crontab.sh: line 36: /var/folders/l2/1wpn5kpd0715sc20jc_g372h0000gn/T/report.XXXXXX.01P12VW7x6/report: No such file or directory
===== 2026-09-10 10:03:07 上报结束 =====

===== 2026-09-10 10:04:08 开始上报 =====
/Users/zhengbangli/code/GoLearn/polaris/global-scheduler/cmd/report/run_crontab.sh: line 36: /var/folders/l2/1wpn5kpd0715sc20jc_g372h0000gn/T/report.XXXXXX.01P12VW7x6/report: No such file or directory
===== 2026-09-10 10:04:08 上报结束 =====

===== 2026-09-10 10:05:08 开始上报 =====
/Users/zhengbangli/code/GoLearn/polaris/global-scheduler/cmd/report/run_crontab.sh: line 36: /var/folders/l2/1wpn5kpd0715sc20jc_g372h0000gn/T/report.XXXXXX.01P12VW7x6/report: No such file or directory
===== 2026-09-10 10:05:09 上报结束 =====

===== 2026-09-10 10:06:09 开始上报 =====
/Users/zhengbangli/code/GoLearn/polaris/global-scheduler/cmd/report/run_crontab.sh: line 36: /var/folders/l2/1wpn5kpd0715sc20jc_g372h0000gn/T/report.XXXXXX.01P12VW7x6/report: No such file or directory
===== 2026-09-10 10:06:09 上报结束 =====

===== 2026-09-10 10:07:10 开始上报 =====
/Users/zhengbangli/code/GoLearn/polaris/global-scheduler/cmd/report/run_crontab.sh: line 36: /var/folders/l2/1wpn5kpd0715sc20jc_g372h0000gn/T/report.XXXXXX.01P12VW7x6/report: No such file or directory
===== 2026-09-10 10:07:10 上报结束 =====

===== 2026-09-10 10:08:11 开始上报 =====
/Users/zhengbangli/code/GoLearn/polaris/global-scheduler/cmd/report/run_crontab.sh: line 36: /var/folders/l2/1wpn5kpd0715sc20jc_g372h0000gn/T/report.XXXXXX.01P12VW7x6/report: No such file or directory
===== 2026-09-10 10:08:11 上报结束 =====

===== 2026-09-10 10:09:11 开始上报 =====
/Users/zhengbangli/code/GoLearn/polaris/global-scheduler/cmd/report/run_crontab.sh: line 36: /var/folders/l2/1wpn5kpd0715sc20jc_g372h0000gn/T/report.XXXXXX.01P12VW7x6/report: No such file or directory
===== 2026-09-10 10:09:11 上报结束 =====

===== 2026-09-10 10:10:12 开始上报 =====
/Users/zhengbangli/code/GoLearn/polaris/global-scheduler/cmd/report/run_crontab.sh: line 36: /var/folders/l2/1wpn5kpd0715sc20jc_g372h0000gn/T/report.XXXXXX.01P12VW7x6/report: No such file or directory
===== 2026-09-10 10:10:12 上报结束 =====

===== 2026-09-10 10:11:13 开始上报 =====
/Users/zhengbangli/code/GoLearn/polaris/global-scheduler/cmd/report/run_crontab.sh: line 36: /var/folders/l2/1wpn5kpd0715sc20jc_g372h0000gn/T/report.XXXXXX.01P12VW7x6/report: No such file or directory
===== 2026-09-10 10:11:13 上报结束 =====

===== 2026-09-10 10:12:13 开始上报 =====
/Users/zhengbangli/code/GoLearn/polaris/global-scheduler/cmd/report/run_crontab.sh: line 36: /var/folders/l2/1wpn5kpd0715sc20jc_g372h0000gn/T/report.XXXXXX.01P12VW7x6/report: No such file or directory
===== 2026-09-10 10:12:13 上报结束 =====

===== 2026-09-10 10:13:14 开始上报 =====
/Users/zhengbangli/code/GoLearn/polaris/global-scheduler/cmd/report/run_crontab.sh: line 36: /var/folders/l2/1wpn5kpd0715sc20jc_g372h0000gn/T/report.XXXXXX.01P12VW7x6/report: No such file or directory
===== 2026-09-10 10:13:14 上报结束 =====

===== 2026-09-10 10:14:14 开始上报 =====
/Users/zhengbangli/code/GoLearn/polaris/global-scheduler/cmd/report/run_crontab.sh: line 36: /var/folders/l2/1wpn5kpd0715sc20jc_g372h0000gn/T/report.XXXXXX.01P12VW7x6/report: No such file or directory
===== 2026-09-10 10:14:14 上报结束 =====

===== 2026-09-10 10:15:15 开始上报 =====
/Users/zhengbangli/code/GoLearn/polaris/global-scheduler/cmd/report/run_crontab.sh: line 36: /var/folders/l2/1wpn5kpd0715sc20jc_g372h0000gn/T/report.XXXXXX.01P12VW7x6/report: No such file or directory
===== 2026-09-10 10:15:15 上报结束 =====

===== 2026-09-10 10:16:16 开始上报 =====
/Users/zhengbangli/code/GoLearn/polaris/global-scheduler/cmd/report/run_crontab.sh: line 36: /var/folders/l2/1wpn5kpd0715sc20jc_g372h0000gn/T/report.XXXXXX.01P12VW7x6/report: No such file or directory
===== 2026-09-10 10:16:16 上报结束 =====

===== 2026-09-10 10:17:16 开始上报 =====
/Users/zhengbangli/code/GoLearn/polaris/global-scheduler/cmd/report/run_crontab.sh: line 36: /var/folders/l2/1wpn5kpd0715sc20jc_g372h0000gn/T/report.XXXXXX.01P12VW7x6/report: No such file or directory
===== 2026-09-10 10:17:16 上报结束 =====

===== 2026-09-10 10:18:17 开始上报 =====
/Users/zhengbangli/code/GoLearn/polaris/global-scheduler/cmd/report/run_crontab.sh: line 36: /var/folders/l2/1wpn5kpd0715sc20jc_g372h0000gn/T/report.XXXXXX.01P12VW7x6/report: No such file or directory
===== 2026-09-10 10:18:17 上报结束 =====

===== 2026-09-10 10:19:18 开始上报 =====
/Users/zhengbangli/code/GoLearn/polaris/global-scheduler/cmd/report/run_crontab.sh: line 36: /var/folders/l2/1wpn5kpd0715sc20jc_g372h0000gn/T/report.XXXXXX.01P12VW7x6/report: No such file or directory
===== 2026-09-10 10:19:18 上报结束 =====

===== 2026-09-10 10:20:18 开始上报 =====
/Users/zhengbangli/code/GoLearn/polaris/global-scheduler/cmd/report/run_crontab.sh: line 36: /var/folders/l2/1wpn5kpd0715sc20jc_g372h0000gn/T/report.XXXXXX.01P12VW7x6/report: No such file or directory
===== 2026-09-10 10:20:18 上报结束 =====

===== 2026-09-10 10:21:19 开始上报 =====
/Users/zhengbangli/code/GoLearn/polaris/global-scheduler/cmd/report/run_crontab.sh: line 36: /var/folders/l2/1wpn5kpd0715sc20jc_g372h0000gn/T/report.XXXXXX.01P12VW7x6/report: No such file or directory
===== 2026-09-10 10:21:19 上报结束 =====

===== 2026-09-10 10:22:19 开始上报 =====
/Users/zhengbangli/code/GoLearn/polaris/global-scheduler/cmd/report/run_crontab.sh: line 36: /var/folders/l2/1wpn5kpd0715sc20jc_g372h0000gn/T/report.XXXXXX.01P12VW7x6/report: No such file or directory
===== 2026-09-10 10:22:19 上报结束 =====

===== 2026-09-10 10:23:20 开始上报 =====
/Users/zhengbangli/code/GoLearn/polaris/global-scheduler/cmd/report/run_crontab.sh: line 36: /var/folders/l2/1wpn5kpd0715sc20jc_g372h0000gn/T/report.XXXXXX.01P12VW7x6/report: No such file or directory
===== 2026-09-10 10:23:20 上报结束 =====

===== 2026-09-10 10:24:21 开始上报 =====
/Users/zhengbangli/code/GoLearn/polaris/global-scheduler/cmd/report/run_crontab.sh: line 36: /var/folders/l2/1wpn5kpd0715sc20jc_g372h0000gn/T/report.XXXXXX.01P12VW7x6/report: No such file or directory
===== 2026-09-10 10:24:21 上报结束 =====

===== 2026-09-10 10:25:21 开始上报 =====
/Users/zhengbangli/code/GoLearn/polaris/global-scheduler/cmd/report/run_crontab.sh: line 36: /var/folders/l2/1wpn5kpd0715sc20jc_g372h0000gn/T/report.XXXXXX.01P12VW7x6/report: No such file or directory
===== 2026-09-10 10:25:21 上报结束 =====

===== 2026-09-10 10:26:22 开始上报 =====
/Users/zhengbangli/code/GoLearn/polaris/global-scheduler/cmd/report/run_crontab.sh: line 36: /var/folders/l2/1wpn5kpd0715sc20jc_g372h0000gn/T/report.XXXXXX.01P12VW7x6/report: No such file or directory
===== 2026-09-10 10:26:22 上报结束 =====

===== 2026-09-10 10:27:23 开始上报 =====
/Users/zhengbangli/code/GoLearn/polaris/global-scheduler/cmd/report/run_crontab.sh: line 36: /var/folders/l2/1wpn5kpd0715sc20jc_g372h0000gn/T/report.XXXXXX.01P12VW7x6/report: No such file or directory
===== 2026-09-10 10:27:23 上报结束 =====

===== 2026-09-10 10:28:23 开始上报 =====
/Users/zhengbangli/code/GoLearn/polaris/global-scheduler/cmd/report/run_crontab.sh: line 36: /var/folders/l2/1wpn5kpd0715sc20jc_g372h0000gn/T/report.XXXXXX.01P12VW7x6/report: No such file or directory
===== 2026-09-10 10:28:23 上报结束 =====

===== 2026-09-10 10:29:24 开始上报 =====
/Users/zhengbangli/code/GoLearn/polaris/global-scheduler/cmd/report/run_crontab.sh: line 36: /var/folders/l2/1wpn5kpd0715sc20jc_g372h0000gn/T/report.XXXXXX.01P12VW7x6/report: No such file or directory
===== 2026-09-10 10:29:24 上报结束 =====

===== 2026-09-10 10:30:25 开始上报 =====
/Users/zhengbangli/code/GoLearn/polaris/global-scheduler/cmd/report/run_crontab.sh: line 36: /var/folders/l2/1wpn5kpd0715sc20jc_g372h0000gn/T/report.XXXXXX.01P12VW7x6/report: No such file or directory
===== 2026-09-10 10:30:25 上报结束 =====

===== 2026-09-10 10:31:25 开始上报 =====
/Users/zhengbangli/code/GoLearn/polaris/global-scheduler/cmd/report/run_crontab.sh: line 36: /var/folders/l2/1wpn5kpd0715sc20jc_g372h0000gn/T/report.XXXXXX.01P12VW7x6/report: No such file or directory
===== 2026-09-10 10:31:25 上报结束 =====

===== 2026-09-10 10:32:26 开始上报 =====
/Users/zhengbangli/code/GoLearn/polaris/global-scheduler/cmd/report/run_crontab.sh: line 36: /var/folders/l2/1wpn5kpd0715sc20jc_g372h0000gn/T/report.XXXXXX.01P12VW7x6/report: No such file or directory
===== 2026-09-10 10:32:26 上报结束 =====

===== 2026-09-10 10:33:27 开始上报 =====
/Users/zhengbangli/code/GoLearn/polaris/global-scheduler/cmd/report/run_crontab.sh: line 36: /var/folders/l2/1wpn5kpd0715sc20jc_g372h0000gn/T/report.XXXXXX.01P12VW7x6/report: No such file or directory
===== 2026-09-10 10:33:27 上报结束 =====

===== 2026-09-10 10:34:28 开始上报 =====
/Users/zhengbangli/code/GoLearn/polaris/global-scheduler/cmd/report/run_crontab.sh: line 36: /var/folders/l2/1wpn5kpd0715sc20jc_g372h0000gn/T/report.XXXXXX.01P12VW7x6/report: No such file or directory
===== 2026-09-10 10:34:28 上报结束 =====

===== 2026-09-10 10:35:28 开始上报 =====
/Users/zhengbangli/code/GoLearn/polaris/global-scheduler/cmd/report/run_crontab.sh: line 36: /var/folders/l2/1wpn5kpd0715sc20jc_g372h0000gn/T/report.XXXXXX.01P12VW7x6/report: No such file or directory
===== 2026-09-10 10:35:28 上报结束 =====

===== 2026-09-10 10:36:29 开始上报 =====
/Users/zhengbangli/code/GoLearn/polaris/global-scheduler/cmd/report/run_crontab.sh: line 36: /var/folders/l2/1wpn5kpd0715sc20jc_g372h0000gn/T/report.XXXXXX.01P12VW7x6/report: No such file or directory
===== 2026-09-10 10:36:29 上报结束 =====

===== 2026-09-10 10:37:30 开始上报 =====
/Users/zhengbangli/code/GoLearn/polaris/global-scheduler/cmd/report/run_crontab.sh: line 36: /var/folders/l2/1wpn5kpd0715sc20jc_g372h0000gn/T/report.XXXXXX.01P12VW7x6/report: No such file or directory
===== 2026-09-10 10:37:30 上报结束 =====

===== 2026-09-10 10:38:30 开始上报 =====
/Users/zhengbangli/code/GoLearn/polaris/global-scheduler/cmd/report/run_crontab.sh: line 36: /var/folders/l2/1wpn5kpd0715sc20jc_g372h0000gn/T/report.XXXXXX.01P12VW7x6/report: No such file or directory
===== 2026-09-10 10:38:30 上报结束 =====

===== 2026-09-10 10:39:31 开始上报 =====
/Users/zhengbangli/code/GoLearn/polaris/global-scheduler/cmd/report/run_crontab.sh: line 36: /var/folders/l2/1wpn5kpd0715sc20jc_g372h0000gn/T/report.XXXXXX.01P12VW7x6/report: No such file or directory
===== 2026-09-10 10:39:31 上报结束 =====

===== 2026-09-10 10:40:32 开始上报 =====
/Users/zhengbangli/code/GoLearn/polaris/global-scheduler/cmd/report/run_crontab.sh: line 36: /var/folders/l2/1wpn5kpd0715sc20jc_g372h0000gn/T/report.XXXXXX.01P12VW7x6/report: No such file or directory
===== 2026-09-10 10:40:32 上报结束 =====

===== 2026-09-10 10:41:32 开始上报 =====
/Users/zhengbangli/code/GoLearn/polaris/global-scheduler/cmd/report/run_crontab.sh: line 36: /var/folders/l2/1wpn5kpd0715sc20jc_g372h0000gn/T/report.XXXXXX.01P12VW7x6/report: No such file or directory
===== 2026-09-10 10:41:32 上报结束 =====

===== 2026-09-10 10:42:33 开始上报 =====
/Users/zhengbangli/code/GoLearn/polaris/global-scheduler/cmd/report/run_crontab.sh: line 36: /var/folders/l2/1wpn5kpd0715sc20jc_g372h0000gn/T/report.XXXXXX.01P12VW7x6/report: No such file or directory
===== 2026-09-10 10:42:33 上报结束 =====

===== 2026-09-10 10:43:34 开始上报 =====
/Users/zhengbangli/code/GoLearn/polaris/global-scheduler/cmd/report/run_crontab.sh: line 36: /var/folders/l2/1wpn5kpd0715sc20jc_g372h0000gn/T/report.XXXXXX.01P12VW7x6/report: No such file or directory
===== 2026-09-10 10:43:34 上报结束 =====

===== 2026-09-10 10:44:34 开始上报 =====
/Users/zhengbangli/code/GoLearn/polaris/global-scheduler/cmd/report/run_crontab.sh: line 36: /var/folders/l2/1wpn5kpd0715sc20jc_g372h0000gn/T/report.XXXXXX.01P12VW7x6/report: No such file or directory
===== 2026-09-10 10:44:34 上报结束 =====

===== 2026-09-10 10:45:35 开始上报 =====
/Users/zhengbangli/code/GoLearn/polaris/global-scheduler/cmd/report/run_crontab.sh: line 36: /var/folders/l2/1wpn5kpd0715sc20jc_g372h0000gn/T/report.XXXXXX.01P12VW7x6/report: No such file or directory
===== 2026-09-10 10:45:35 上报结束 =====

===== 2026-09-10 10:46:36 开始上报 =====
/Users/zhengbangli/code/GoLearn/polaris/global-scheduler/cmd/report/run_crontab.sh: line 36: /var/folders/l2/1wpn5kpd0715sc20jc_g372h0000gn/T/report.XXXXXX.01P12VW7x6/report: No such file or directory
===== 2026-09-10 10:46:36 上报结束 =====

===== 2026-09-10 10:47:36 开始上报 =====
/Users/zhengbangli/code/GoLearn/polaris/global-scheduler/cmd/report/run_crontab.sh: line 36: /var/folders/l2/1wpn5kpd0715sc20jc_g372h0000gn/T/report.XXXXXX.01P12VW7x6/report: No such file or directory
===== 2026-09-10 10:47:36 上报结束 =====

===== 2026-09-10 10:48:37 开始上报 =====
/Users/zhengbangli/code/GoLearn/polaris/global-scheduler/cmd/report/run_crontab.sh: line 36: /var/folders/l2/1wpn5kpd0715sc20jc_g372h0000gn/T/report.XXXXXX.01P12VW7x6/report: No such file or directory
===== 2026-09-10 10:48:37 上报结束 =====

===== 2026-09-10 10:49:38 开始上报 =====
/Users/zhengbangli/code/GoLearn/polaris/global-scheduler/cmd/report/run_crontab.sh: line 36: /var/folders/l2/1wpn5kpd0715sc20jc_g372h0000gn/T/report.XXXXXX.01P12VW7x6/report: No such file or directory
===== 2026-09-10 10:49:38 上报结束 =====

===== 2026-09-10 10:50:38 开始上报 =====
/Users/zhengbangli/code/GoLearn/polaris/global-scheduler/cmd/report/run_crontab.sh: line 36: /var/folders/l2/1wpn5kpd0715sc20jc_g372h0000gn/T/report.XXXXXX.01P12VW7x6/report: No such file or directory
===== 2026-09-10 10:50:38 上报结束 =====

===== 2026-09-10 10:51:39 开始上报 =====
/Users/zhengbangli/code/GoLearn/polaris/global-scheduler/cmd/report/run_crontab.sh: line 36: /var/folders/l2/1wpn5kpd0715sc20jc_g372h0000gn/T/report.XXXXXX.01P12VW7x6/report: No such file or directory
===== 2026-09-10 10:51:39 上报结束 =====

===== 2026-09-10 10:52:40 开始上报 =====
/Users/zhengbangli/code/GoLearn/polaris/global-scheduler/cmd/report/run_crontab.sh: line 36: /var/folders/l2/1wpn5kpd0715sc20jc_g372h0000gn/T/report.XXXXXX.01P12VW7x6/report: No such file or directory
===== 2026-09-10 10:52:40 上报结束 =====

===== 2026-09-10 10:53:40 开始上报 =====
/Users/zhengbangli/code/GoLearn/polaris/global-scheduler/cmd/report/run_crontab.sh: line 36: /var/folders/l2/1wpn5kpd0715sc20jc_g372h0000gn/T/report.XXXXXX.01P12VW7x6/report: No such file or directory
===== 2026-09-10 10:53:40 上报结束 =====

===== 2026-09-10 10:54:41 开始上报 =====
/Users/zhengbangli/code/GoLearn/polaris/global-scheduler/cmd/report/run_crontab.sh: line 36: /var/folders/l2/1wpn5kpd0715sc20jc_g372h0000gn/T/report.XXXXXX.01P12VW7x6/report: No such file or directory
===== 2026-09-10 10:54:41 上报结束 =====

===== 2026-09-10 10:55:42 开始上报 =====
/Users/zhengbangli/code/GoLearn/polaris/global-scheduler/cmd/report/run_crontab.sh: line 36: /var/folders/l2/1wpn5kpd0715sc20jc_g372h0000gn/T/report.XXXXXX.01P12VW7x6/report: No such file or directory
===== 2026-09-10 10:55:42 上报结束 =====

===== 2026-09-10 10:56:42 开始上报 =====
/Users/zhengbangli/code/GoLearn/polaris/global-scheduler/cmd/report/run_crontab.sh: line 36: /var/folders/l2/1wpn5kpd0715sc20jc_g372h0000gn/T/report.XXXXXX.01P12VW7x6/report: No such file or directory
===== 2026-09-10 10:56:42 上报结束 =====

===== 2026-09-10 10:57:43 开始上报 =====
/Users/zhengbangli/code/GoLearn/polaris/global-scheduler/cmd/report/run_crontab.sh: line 36: /var/folders/l2/1wpn5kpd0715sc20jc_g372h0000gn/T/report.XXXXXX.01P12VW7x6/report: No such file or directory
===== 2026-09-10 10:57:43 上报结束 =====

===== 2026-09-10 10:58:44 开始上报 =====
/Users/zhengbangli/code/GoLearn/polaris/global-scheduler/cmd/report/run_crontab.sh: line 36: /var/folders/l2/1wpn5kpd0715sc20jc_g372h0000gn/T/report.XXXXXX.01P12VW7x6/report: No such file or directory
===== 2026-09-10 10:58:44 上报结束 =====

===== 2026-09-10 10:59:44 开始上报 =====
/Users/zhengbangli/code/GoLearn/polaris/global-scheduler/cmd/report/run_crontab.sh: line 36: /var/folders/l2/1wpn5kpd0715sc20jc_g372h0000gn/T/report.XXXXXX.01P12VW7x6/report: No such file or directory
===== 2026-09-10 10:59:44 上报结束 =====

===== 2026-09-10 11:00:45 开始上报 =====
/Users/zhengbangli/code/GoLearn/polaris/global-scheduler/cmd/report/run_crontab.sh: line 36: /var/folders/l2/1wpn5kpd0715sc20jc_g372h0000gn/T/report.XXXXXX.01P12VW7x6/report: No such file or directory
===== 2026-09-10 11:00:45 上报结束 =====

===== 2026-09-10 11:01:46 开始上报 =====
/Users/zhengbangli/code/GoLearn/polaris/global-scheduler/cmd/report/run_crontab.sh: line 36: /var/folders/l2/1wpn5kpd0715sc20jc_g372h0000gn/T/report.XXXXXX.01P12VW7x6/report: No such file or directory
===== 2026-09-10 11:01:46 上报结束 =====

===== 2026-09-10 11:02:46 开始上报 =====
/Users/zhengbangli/code/GoLearn/polaris/global-scheduler/cmd/report/run_crontab.sh: line 36: /var/folders/l2/1wpn5kpd0715sc20jc_g372h0000gn/T/report.XXXXXX.01P12VW7x6/report: No such file or directory
===== 2026-09-10 11:02:46 上报结束 =====

===== 2026-09-10 11:03:47 开始上报 =====
/Users/zhengbangli/code/GoLearn/polaris/global-scheduler/cmd/report/run_crontab.sh: line 36: /var/folders/l2/1wpn5kpd0715sc20jc_g372h0000gn/T/report.XXXXXX.01P12VW7x6/report: No such file or directory
===== 2026-09-10 11:03:47 上报结束 =====

===== 2026-09-10 11:04:48 开始上报 =====
/Users/zhengbangli/code/GoLearn/polaris/global-scheduler/cmd/report/run_crontab.sh: line 36: /var/folders/l2/1wpn5kpd0715sc20jc_g372h0000gn/T/report.XXXXXX.01P12VW7x6/report: No such file or directory
===== 2026-09-10 11:04:48 上报结束 =====

===== 2026-09-10 11:05:48 开始上报 =====
/Users/zhengbangli/code/GoLearn/polaris/global-scheduler/cmd/report/run_crontab.sh: line 36: /var/folders/l2/1wpn5kpd0715sc20jc_g372h0000gn/T/report.XXXXXX.01P12VW7x6/report: No such file or directory
===== 2026-09-10 11:05:48 上报结束 =====

===== 2026-09-10 11:06:49 开始上报 =====
/Users/zhengbangli/code/GoLearn/polaris/global-scheduler/cmd/report/run_crontab.sh: line 36: /var/folders/l2/1wpn5kpd0715sc20jc_g372h0000gn/T/report.XXXXXX.01P12VW7x6/report: No such file or directory
===== 2026-09-10 11:06:49 上报结束 =====

===== 2026-09-10 11:07:49 开始上报 =====
/Users/zhengbangli/code/GoLearn/polaris/global-scheduler/cmd/report/run_crontab.sh: line 36: /var/folders/l2/1wpn5kpd0715sc20jc_g372h0000gn/T/report.XXXXXX.01P12VW7x6/report: No such file or directory
===== 2026-09-10 11:07:49 上报结束 =====

===== 2026-09-10 11:08:50 开始上报 =====
/Users/zhengbangli/code/GoLearn/polaris/global-scheduler/cmd/report/run_crontab.sh: line 36: /var/folders/l2/1wpn5kpd0715sc20jc_g372h0000gn/T/report.XXXXXX.01P12VW7x6/report: No such file or directory
===== 2026-09-10 11:08:50 上报结束 =====

===== 2026-09-10 11:09:51 开始上报 =====
/Users/zhengbangli/code/GoLearn/polaris/global-scheduler/cmd/report/run_crontab.sh: line 36: /var/folders/l2/1wpn5kpd0715sc20jc_g372h0000gn/T/report.XXXXXX.01P12VW7x6/report: No such file or directory
===== 2026-09-10 11:09:51 上报结束 =====

===== 2026-09-10 11:10:52 开始上报 =====
/Users/zhengbangli/code/GoLearn/polaris/global-scheduler/cmd/report/run_crontab.sh: line 36: /var/folders/l2/1wpn5kpd0715sc20jc_g372h0000gn/T/report.XXXXXX.01P12VW7x6/report: No such file or directory
===== 2026-09-10 11:10:52 上报结束 =====

===== 2026-09-10 11:11:52 开始上报 =====
/Users/zhengbangli/code/GoLearn/polaris/global-scheduler/cmd/report/run_crontab.sh: line 36: /var/folders/l2/1wpn5kpd0715sc20jc_g372h0000gn/T/report.XXXXXX.01P12VW7x6/report: No such file or directory
===== 2026-09-10 11:11:52 上报结束 =====

===== 2026-09-10 11:12:53 开始上报 =====
/Users/zhengbangli/code/GoLearn/polaris/global-scheduler/cmd/report/run_crontab.sh: line 36: /var/folders/l2/1wpn5kpd0715sc20jc_g372h0000gn/T/report.XXXXXX.01P12VW7x6/report: No such file or directory
===== 2026-09-10 11:12:53 上报结束 =====

===== 2026-09-10 11:13:54 开始上报 =====
/Users/zhengbangli/code/GoLearn/polaris/global-scheduler/cmd/report/run_crontab.sh: line 36: /var/folders/l2/1wpn5kpd0715sc20jc_g372h0000gn/T/report.XXXXXX.01P12VW7x6/report: No such file or directory
===== 2026-09-10 11:13:54 上报结束 =====

===== 2026-09-10 11:14:54 开始上报 =====
/Users/zhengbangli/code/GoLearn/polaris/global-scheduler/cmd/report/run_crontab.sh: line 36: /var/folders/l2/1wpn5kpd0715sc20jc_g372h0000gn/T/report.XXXXXX.01P12VW7x6/report: No such file or directory
===== 2026-09-10 11:14:54 上报结束 =====

===== 2026-09-10 11:15:55 开始上报 =====
/Users/zhengbangli/code/GoLearn/polaris/global-scheduler/cmd/report/run_crontab.sh: line 36: /var/folders/l2/1wpn5kpd0715sc20jc_g372h0000gn/T/report.XXXXXX.01P12VW7x6/report: No such file or directory
===== 2026-09-10 11:15:55 上报结束 =====

===== 2026-09-10 11:16:56 开始上报 =====
/Users/zhengbangli/code/GoLearn/polaris/global-scheduler/cmd/report/run_crontab.sh: line 36: /var/folders/l2/1wpn5kpd0715sc20jc_g372h0000gn/T/report.XXXXXX.01P12VW7x6/report: No such file or directory
===== 2026-09-10 11:16:56 上报结束 =====

===== 2026-09-10 11:17:56 开始上报 =====
/Users/zhengbangli/code/GoLearn/polaris/global-scheduler/cmd/report/run_crontab.sh: line 36: /var/folders/l2/1wpn5kpd0715sc20jc_g372h0000gn/T/report.XXXXXX.01P12VW7x6/report: No such file or directory
===== 2026-09-10 11:17:56 上报结束 =====

===== 2026-09-10 11:18:57 开始上报 =====
/Users/zhengbangli/code/GoLearn/polaris/global-scheduler/cmd/report/run_crontab.sh: line 36: /var/folders/l2/1wpn5kpd0715sc20jc_g372h0000gn/T/report.XXXXXX.01P12VW7x6/report: No such file or directory
===== 2026-09-10 11:18:57 上报结束 =====

===== 2026-09-10 11:19:58 开始上报 =====
/Users/zhengbangli/code/GoLearn/polaris/global-scheduler/cmd/report/run_crontab.sh: line 36: /var/folders/l2/1wpn5kpd0715sc20jc_g372h0000gn/T/report.XXXXXX.01P12VW7x6/report: No such file or directory
===== 2026-09-10 11:19:58 上报结束 =====

===== 2026-09-10 11:20:58 开始上报 =====
/Users/zhengbangli/code/GoLearn/polaris/global-scheduler/cmd/report/run_crontab.sh: line 36: /var/folders/l2/1wpn5kpd0715sc20jc_g372h0000gn/T/report.XXXXXX.01P12VW7x6/report: No such file or directory
===== 2026-09-10 11:20:58 上报结束 =====

===== 2026-09-10 11:21:59 开始上报 =====
/Users/zhengbangli/code/GoLearn/polaris/global-scheduler/cmd/report/run_crontab.sh: line 36: /var/folders/l2/1wpn5kpd0715sc20jc_g372h0000gn/T/report.XXXXXX.01P12VW7x6/report: No such file or directory
===== 2026-09-10 11:21:59 上报结束 =====

===== 2026-09-10 11:23:00 开始上报 =====
/Users/zhengbangli/code/GoLearn/polaris/global-scheduler/cmd/report/run_crontab.sh: line 36: /var/folders/l2/1wpn5kpd0715sc20jc_g372h0000gn/T/report.XXXXXX.01P12VW7x6/report: No such file or directory
===== 2026-09-10 11:23:00 上报结束 =====

===== 2026-09-10 11:24:00 开始上报 =====
/Users/zhengbangli/code/GoLearn/polaris/global-scheduler/cmd/report/run_crontab.sh: line 36: /var/folders/l2/1wpn5kpd0715sc20jc_g372h0000gn/T/report.XXXXXX.01P12VW7x6/report: No such file or directory
===== 2026-09-10 11:24:00 上报结束 =====

===== 2026-09-10 11:25:01 开始上报 =====
/Users/zhengbangli/code/GoLearn/polaris/global-scheduler/cmd/report/run_crontab.sh: line 36: /var/folders/l2/1wpn5kpd0715sc20jc_g372h0000gn/T/report.XXXXXX.01P12VW7x6/report: No such file or directory
===== 2026-09-10 11:25:01 上报结束 =====

===== 2026-09-10 11:26:02 开始上报 =====
/Users/zhengbangli/code/GoLearn/polaris/global-scheduler/cmd/report/run_crontab.sh: line 36: /var/folders/l2/1wpn5kpd0715sc20jc_g372h0000gn/T/report.XXXXXX.01P12VW7x6/report: No such file or directory
===== 2026-09-10 11:26:02 上报结束 =====

===== 2026-09-10 11:27:02 开始上报 =====
/Users/zhengbangli/code/GoLearn/polaris/global-scheduler/cmd/report/run_crontab.sh: line 36: /var/folders/l2/1wpn5kpd0715sc20jc_g372h0000gn/T/report.XXXXXX.01P12VW7x6/report: No such file or directory
===== 2026-09-10 11:27:02 上报结束 =====

===== 2026-09-10 11:28:03 开始上报 =====
/Users/zhengbangli/code/GoLearn/polaris/global-scheduler/cmd/report/run_crontab.sh: line 36: /var/folders/l2/1wpn5kpd0715sc20jc_g372h0000gn/T/report.XXXXXX.01P12VW7x6/report: No such file or directory
===== 2026-09-10 11:28:03 上报结束 =====

===== 2026-09-10 11:29:04 开始上报 =====
/Users/zhengbangli/code/GoLearn/polaris/global-scheduler/cmd/report/run_crontab.sh: line 36: /var/folders/l2/1wpn5kpd0715sc20jc_g372h0000gn/T/report.XXXXXX.01P12VW7x6/report: No such file or directory
===== 2026-09-10 11:29:04 上报结束 =====

===== 2026-09-10 11:30:04 开始上报 =====
/Users/zhengbangli/code/GoLearn/polaris/global-scheduler/cmd/report/run_crontab.sh: line 36: /var/folders/l2/1wpn5kpd0715sc20jc_g372h0000gn/T/report.XXXXXX.01P12VW7x6/report: No such file or directory
===== 2026-09-10 11:30:04 上报结束 =====

===== 2026-09-10 11:31:05 开始上报 =====
/Users/zhengbangli/code/GoLearn/polaris/global-scheduler/cmd/report/run_crontab.sh: line 36: /var/folders/l2/1wpn5kpd0715sc20jc_g372h0000gn/T/report.XXXXXX.01P12VW7x6/report: No such file or directory
===== 2026-09-10 11:31:05 上报结束 =====

===== 2026-09-10 11:32:06 开始上报 =====
/Users/zhengbangli/code/GoLearn/polaris/global-scheduler/cmd/report/run_crontab.sh: line 36: /var/folders/l2/1wpn5kpd0715sc20jc_g372h0000gn/T/report.XXXXXX.01P12VW7x6/report: No such file or directory
===== 2026-09-10 11:32:06 上报结束 =====

===== 2026-09-10 11:33:07 开始上报 =====
/Users/zhengbangli/code/GoLearn/polaris/global-scheduler/cmd/report/run_crontab.sh: line 36: /var/folders/l2/1wpn5kpd0715sc20jc_g372h0000gn/T/report.XXXXXX.01P12VW7x6/report: No such file or directory
===== 2026-09-10 11:33:07 上报结束 =====

===== 2026-09-10 11:34:08 开始上报 =====
/Users/zhengbangli/code/GoLearn/polaris/global-scheduler/cmd/report/run_crontab.sh: line 36: /var/folders/l2/1wpn5kpd0715sc20jc_g372h0000gn/T/report.XXXXXX.01P12VW7x6/report: No such file or directory
===== 2026-09-10 11:34:08 上报结束 =====

===== 2026-09-10 11:35:09 开始上报 =====
/Users/zhengbangli/code/GoLearn/polaris/global-scheduler/cmd/report/run_crontab.sh: line 36: /var/folders/l2/1wpn5kpd0715sc20jc_g372h0000gn/T/report.XXXXXX.01P12VW7x6/report: No such file or directory
===== 2026-09-10 11:35:09 上报结束 =====

===== 2026-09-10 11:36:10 开始上报 =====
/Users/zhengbangli/code/GoLearn/polaris/global-scheduler/cmd/report/run_crontab.sh: line 36: /var/folders/l2/1wpn5kpd0715sc20jc_g372h0000gn/T/report.XXXXXX.01P12VW7x6/report: No such file or directory
===== 2026-09-10 11:36:10 上报结束 =====

===== 2026-09-10 11:37:11 开始上报 =====
/Users/zhengbangli/code/GoLearn/polaris/global-scheduler/cmd/report/run_crontab.sh: line 36: /var/folders/l2/1wpn5kpd0715sc20jc_g372h0000gn/T/report.XXXXXX.01P12VW7x6/report: No such file or directory
===== 2026-09-10 11:37:11 上报结束 =====

===== 2026-09-10 11:38:12 开始上报 =====
/Users/zhengbangli/code/GoLearn/polaris/global-scheduler/cmd/report/run_crontab.sh: line 36: /var/folders/l2/1wpn5kpd0715sc20jc_g372h0000gn/T/report.XXXXXX.01P12VW7x6/report: No such file or directory
===== 2026-09-10 11:38:12 上报结束 =====

===== 2026-09-10 11:39:12 开始上报 =====
/Users/zhengbangli/code/GoLearn/polaris/global-scheduler/cmd/report/run_crontab.sh: line 36: /var/folders/l2/1wpn5kpd0715sc20jc_g372h0000gn/T/report.XXXXXX.01P12VW7x6/report: No such file or directory
===== 2026-09-10 11:39:12 上报结束 =====

===== 2026-09-10 11:40:13 开始上报 =====
/Users/zhengbangli/code/GoLearn/polaris/global-scheduler/cmd/report/run_crontab.sh: line 36: /var/folders/l2/1wpn5kpd0715sc20jc_g372h0000gn/T/report.XXXXXX.01P12VW7x6/report: No such file or directory
===== 2026-09-10 11:40:13 上报结束 =====

===== 2026-09-10 11:41:14 开始上报 =====
/Users/zhengbangli/code/GoLearn/polaris/global-scheduler/cmd/report/run_crontab.sh: line 36: /var/folders/l2/1wpn5kpd0715sc20jc_g372h0000gn/T/report.XXXXXX.01P12VW7x6/report: No such file or directory
===== 2026-09-10 11:41:14 上报结束 =====

===== 2026-09-10 11:42:14 开始上报 =====
/Users/zhengbangli/code/GoLearn/polaris/global-scheduler/cmd/report/run_crontab.sh: line 36: /var/folders/l2/1wpn5kpd0715sc20jc_g372h0000gn/T/report.XXXXXX.01P12VW7x6/report: No such file or directory
===== 2026-09-10 11:42:14 上报结束 =====

===== 2026-09-10 11:43:15 开始上报 =====
/Users/zhengbangli/code/GoLearn/polaris/global-scheduler/cmd/report/run_crontab.sh: line 36: /var/folders/l2/1wpn5kpd0715sc20jc_g372h0000gn/T/report.XXXXXX.01P12VW7x6/report: No such file or directory
===== 2026-09-10 11:43:15 上报结束 =====

===== 2026-09-10 11:44:16 开始上报 =====
/Users/zhengbangli/code/GoLearn/polaris/global-scheduler/cmd/report/run_crontab.sh: line 36: /var/folders/l2/1wpn5kpd0715sc20jc_g372h0000gn/T/report.XXXXXX.01P12VW7x6/report: No such file or directory
===== 2026-09-10 11:44:16 上报结束 =====

===== 2026-09-10 11:45:17 开始上报 =====
/Users/zhengbangli/code/GoLearn/polaris/global-scheduler/cmd/report/run_crontab.sh: line 36: /var/folders/l2/1wpn5kpd0715sc20jc_g372h0000gn/T/report.XXXXXX.01P12VW7x6/report: No such file or directory
===== 2026-09-10 11:45:17 上报结束 =====

===== 2026-09-10 11:46:17 开始上报 =====
/Users/zhengbangli/code/GoLearn/polaris/global-scheduler/cmd/report/run_crontab.sh: line 36: /var/folders/l2/1wpn5kpd0715sc20jc_g372h0000gn/T/report.XXXXXX.01P12VW7x6/report: No such file or directory
===== 2026-09-10 11:46:17 上报结束 =====

===== 2026-09-10 11:47:18 开始上报 =====
/Users/zhengbangli/code/GoLearn/polaris/global-scheduler/cmd/report/run_crontab.sh: line 36: /var/folders/l2/1wpn5kpd0715sc20jc_g372h0000gn/T/report.XXXXXX.01P12VW7x6/report: No such file or directory
===== 2026-09-10 11:47:18 上报结束 =====

===== 2026-09-10 11:48:19 开始上报 =====
/Users/zhengbangli/code/GoLearn/polaris/global-scheduler/cmd/report/run_crontab.sh: line 36: /var/folders/l2/1wpn5kpd0715sc20jc_g372h0000gn/T/report.XXXXXX.01P12VW7x6/report: No such file or directory
===== 2026-09-10 11:48:19 上报结束 =====

===== 2026-09-10 11:49:19 开始上报 =====
/Users/zhengbangli/code/GoLearn/polaris/global-scheduler/cmd/report/run_crontab.sh: line 36: /var/folders/l2/1wpn5kpd0715sc20jc_g372h0000gn/T/report.XXXXXX.01P12VW7x6/report: No such file or directory
===== 2026-09-10 11:49:19 上报结束 =====

===== 2026-09-10 11:50:20 开始上报 =====
/Users/zhengbangli/code/GoLearn/polaris/global-scheduler/cmd/report/run_crontab.sh: line 36: /var/folders/l2/1wpn5kpd0715sc20jc_g372h0000gn/T/report.XXXXXX.01P12VW7x6/report: No such file or directory
===== 2026-09-10 11:50:20 上报结束 =====

===== 2026-09-10 11:51:21 开始上报 =====
/Users/zhengbangli/code/GoLearn/polaris/global-scheduler/cmd/report/run_crontab.sh: line 36: /var/folders/l2/1wpn5kpd0715sc20jc_g372h0000gn/T/report.XXXXXX.01P12VW7x6/report: No such file or directory
===== 2026-09-10 11:51:21 上报结束 =====

===== 2026-09-10 11:52:21 开始上报 =====
/Users/zhengbangli/code/GoLearn/polaris/global-scheduler/cmd/report/run_crontab.sh: line 36: /var/folders/l2/1wpn5kpd0715sc20jc_g372h0000gn/T/report.XXXXXX.01P12VW7x6/report: No such file or directory
===== 2026-09-10 11:52:21 上报结束 =====

===== 2026-09-10 11:53:22 开始上报 =====
/Users/zhengbangli/code/GoLearn/polaris/global-scheduler/cmd/report/run_crontab.sh: line 36: /var/folders/l2/1wpn5kpd0715sc20jc_g372h0000gn/T/report.XXXXXX.01P12VW7x6/report: No such file or directory
===== 2026-09-10 11:53:22 上报结束 =====

===== 2026-09-10 11:54:23 开始上报 =====
/Users/zhengbangli/code/GoLearn/polaris/global-scheduler/cmd/report/run_crontab.sh: line 36: /var/folders/l2/1wpn5kpd0715sc20jc_g372h0000gn/T/report.XXXXXX.01P12VW7x6/report: No such file or directory
===== 2026-09-10 11:54:23 上报结束 =====

===== 2026-09-10 11:55:23 开始上报 =====
/Users/zhengbangli/code/GoLearn/polaris/global-scheduler/cmd/report/run_crontab.sh: line 36: /var/folders/l2/1wpn5kpd0715sc20jc_g372h0000gn/T/report.XXXXXX.01P12VW7x6/report: No such file or directory
===== 2026-09-10 11:55:23 上报结束 =====

===== 2026-09-10 11:56:24 开始上报 =====
/Users/zhengbangli/code/GoLearn/polaris/global-scheduler/cmd/report/run_crontab.sh: line 36: /var/folders/l2/1wpn5kpd0715sc20jc_g372h0000gn/T/report.XXXXXX.01P12VW7x6/report: No such file or directory
===== 2026-09-10 11:56:24 上报结束 =====

===== 2026-09-10 11:57:25 开始上报 =====
/Users/zhengbangli/code/GoLearn/polaris/global-scheduler/cmd/report/run_crontab.sh: line 36: /var/folders/l2/1wpn5kpd0715sc20jc_g372h0000gn/T/report.XXXXXX.01P12VW7x6/report: No such file or directory
===== 2026-09-10 11:57:25 上报结束 =====

===== 2026-09-10 11:58:25 开始上报 =====
/Users/zhengbangli/code/GoLearn/polaris/global-scheduler/cmd/report/run_crontab.sh: line 36: /var/folders/l2/1wpn5kpd0715sc20jc_g372h0000gn/T/report.XXXXXX.01P12VW7x6/report: No such file or directory
===== 2026-09-10 11:58:25 上报结束 =====

===== 2026-09-10 11:59:26 开始上报 =====
/Users/zhengbangli/code/GoLearn/polaris/global-scheduler/cmd/report/run_crontab.sh: line 36: /var/folders/l2/1wpn5kpd0715sc20jc_g372h0000gn/T/report.XXXXXX.01P12VW7x6/report: No such file or directory
===== 2026-09-10 11:59:26 上报结束 =====

===== 2026-09-10 12:00:27 开始上报 =====
/Users/zhengbangli/code/GoLearn/polaris/global-scheduler/cmd/report/run_crontab.sh: line 36: /var/folders/l2/1wpn5kpd0715sc20jc_g372h0000gn/T/report.XXXXXX.01P12VW7x6/report: No such file or directory
===== 2026-09-10 12:00:27 上报结束 =====

===== 2026-09-10 12:01:27 开始上报 =====
/Users/zhengbangli/code/GoLearn/polaris/global-scheduler/cmd/report/run_crontab.sh: line 36: /var/folders/l2/1wpn5kpd0715sc20jc_g372h0000gn/T/report.XXXXXX.01P12VW7x6/report: No such file or directory
===== 2026-09-10 12:01:27 上报结束 =====

===== 2026-09-10 12:02:28 开始上报 =====
/Users/zhengbangli/code/GoLearn/polaris/global-scheduler/cmd/report/run_crontab.sh: line 36: /var/folders/l2/1wpn5kpd0715sc20jc_g372h0000gn/T/report.XXXXXX.01P12VW7x6/report: No such file or directory
===== 2026-09-10 12:02:28 上报结束 =====

===== 2026-09-10 12:03:29 开始上报 =====
/Users/zhengbangli/code/GoLearn/polaris/global-scheduler/cmd/report/run_crontab.sh: line 36: /var/folders/l2/1wpn5kpd0715sc20jc_g372h0000gn/T/report.XXXXXX.01P12VW7x6/report: No such file or directory
===== 2026-09-10 12:03:29 上报结束 =====

===== 2026-09-10 12:04:30 开始上报 =====
/Users/zhengbangli/code/GoLearn/polaris/global-scheduler/cmd/report/run_crontab.sh: line 36: /var/folders/l2/1wpn5kpd0715sc20jc_g372h0000gn/T/report.XXXXXX.01P12VW7x6/report: No such file or directory
===== 2026-09-10 12:04:30 上报结束 =====

===== 2026-09-10 12:05:30 开始上报 =====
/Users/zhengbangli/code/GoLearn/polaris/global-scheduler/cmd/report/run_crontab.sh: line 36: /var/folders/l2/1wpn5kpd0715sc20jc_g372h0000gn/T/report.XXXXXX.01P12VW7x6/report: No such file or directory
===== 2026-09-10 12:05:30 上报结束 =====

===== 2026-09-10 12:06:31 开始上报 =====
/Users/zhengbangli/code/GoLearn/polaris/global-scheduler/cmd/report/run_crontab.sh: line 36: /var/folders/l2/1wpn5kpd0715sc20jc_g372h0000gn/T/report.XXXXXX.01P12VW7x6/report: No such file or directory
===== 2026-09-10 12:06:31 上报结束 =====

===== 2026-09-10 12:07:31 开始上报 =====
/Users/zhengbangli/code/GoLearn/polaris/global-scheduler/cmd/report/run_crontab.sh: line 36: /var/folders/l2/1wpn5kpd0715sc20jc_g372h0000gn/T/report.XXXXXX.01P12VW7x6/report: No such file or directory
===== 2026-09-10 12:07:31 上报结束 =====

===== 2026-09-10 12:08:32 开始上报 =====
/Users/zhengbangli/code/GoLearn/polaris/global-scheduler/cmd/report/run_crontab.sh: line 36: /var/folders/l2/1wpn5kpd0715sc20jc_g372h0000gn/T/report.XXXXXX.01P12VW7x6/report: No such file or directory
===== 2026-09-10 12:08:32 上报结束 =====

===== 2026-09-10 12:09:33 开始上报 =====
/Users/zhengbangli/code/GoLearn/polaris/global-scheduler/cmd/report/run_crontab.sh: line 36: /var/folders/l2/1wpn5kpd0715sc20jc_g372h0000gn/T/report.XXXXXX.01P12VW7x6/report: No such file or directory
===== 2026-09-10 12:09:33 上报结束 =====

===== 2026-09-10 12:10:33 开始上报 =====
/Users/zhengbangli/code/GoLearn/polaris/global-scheduler/cmd/report/run_crontab.sh: line 36: /var/folders/l2/1wpn5kpd0715sc20jc_g372h0000gn/T/report.XXXXXX.01P12VW7x6/report: No such file or directory
===== 2026-09-10 12:10:33 上报结束 =====

===== 2026-09-10 12:11:34 开始上报 =====
/Users/zhengbangli/code/GoLearn/polaris/global-scheduler/cmd/report/run_crontab.sh: line 36: /var/folders/l2/1wpn5kpd0715sc20jc_g372h0000gn/T/report.XXXXXX.01P12VW7x6/report: No such file or directory
===== 2026-09-10 12:11:34 上报结束 =====

===== 2026-09-10 12:12:35 开始上报 =====
/Users/zhengbangli/code/GoLearn/polaris/global-scheduler/cmd/report/run_crontab.sh: line 36: /var/folders/l2/1wpn5kpd0715sc20jc_g372h0000gn/T/report.XXXXXX.01P12VW7x6/report: No such file or directory
===== 2026-09-10 12:12:35 上报结束 =====

===== 2026-09-10 12:13:35 开始上报 =====
/Users/zhengbangli/code/GoLearn/polaris/global-scheduler/cmd/report/run_crontab.sh: line 36: /var/folders/l2/1wpn5kpd0715sc20jc_g372h0000gn/T/report.XXXXXX.01P12VW7x6/report: No such file or directory
===== 2026-09-10 12:13:35 上报结束 =====

===== 2026-09-10 12:14:36 开始上报 =====
/Users/zhengbangli/code/GoLearn/polaris/global-scheduler/cmd/report/run_crontab.sh: line 36: /var/folders/l2/1wpn5kpd0715sc20jc_g372h0000gn/T/report.XXXXXX.01P12VW7x6/report: No such file or directory
===== 2026-09-10 12:14:36 上报结束 =====

===== 2026-09-10 12:15:37 开始上报 =====
/Users/zhengbangli/code/GoLearn/polaris/global-scheduler/cmd/report/run_crontab.sh: line 36: /var/folders/l2/1wpn5kpd0715sc20jc_g372h0000gn/T/report.XXXXXX.01P12VW7x6/report: No such file or directory
===== 2026-09-10 12:15:37 上报结束 =====

===== 2026-09-10 12:16:38 开始上报 =====
/Users/zhengbangli/code/GoLearn/polaris/global-scheduler/cmd/report/run_crontab.sh: line 36: /var/folders/l2/1wpn5kpd0715sc20jc_g372h0000gn/T/report.XXXXXX.01P12VW7x6/report: No such file or directory
===== 2026-09-10 12:16:38 上报结束 =====

===== 2026-09-10 12:17:39 开始上报 =====
/Users/zhengbangli/code/GoLearn/polaris/global-scheduler/cmd/report/run_crontab.sh: line 36: /var/folders/l2/1wpn5kpd0715sc20jc_g372h0000gn/T/report.XXXXXX.01P12VW7x6/report: No such file or directory
===== 2026-09-10 12:17:39 上报结束 =====

===== 2026-09-10 12:18:40 开始上报 =====
/Users/zhengbangli/code/GoLearn/polaris/global-scheduler/cmd/report/run_crontab.sh: line 36: /var/folders/l2/1wpn5kpd0715sc20jc_g372h0000gn/T/report.XXXXXX.01P12VW7x6/report: No such file or directory
===== 2026-09-10 12:18:40 上报结束 =====

===== 2026-09-10 12:19:41 开始上报 =====
/Users/zhengbangli/code/GoLearn/polaris/global-scheduler/cmd/report/run_crontab.sh: line 36: /var/folders/l2/1wpn5kpd0715sc20jc_g372h0000gn/T/report.XXXXXX.01P12VW7x6/report: No such file or directory
===== 2026-09-10 12:19:41 上报结束 =====

===== 2026-09-10 12:20:42 开始上报 =====
/Users/zhengbangli/code/GoLearn/polaris/global-scheduler/cmd/report/run_crontab.sh: line 36: /var/folders/l2/1wpn5kpd0715sc20jc_g372h0000gn/T/report.XXXXXX.01P12VW7x6/report: No such file or directory
===== 2026-09-10 12:20:42 上报结束 =====

===== 2026-09-10 12:21:43 开始上报 =====
/Users/zhengbangli/code/GoLearn/polaris/global-scheduler/cmd/report/run_crontab.sh: line 36: /var/folders/l2/1wpn5kpd0715sc20jc_g372h0000gn/T/report.XXXXXX.01P12VW7x6/report: No such file or directory
===== 2026-09-10 12:21:43 上报结束 =====

===== 2026-09-10 12:22:44 开始上报 =====
/Users/zhengbangli/code/GoLearn/polaris/global-scheduler/cmd/report/run_crontab.sh: line 36: /var/folders/l2/1wpn5kpd0715sc20jc_g372h0000gn/T/report.XXXXXX.01P12VW7x6/report: No such file or directory
===== 2026-09-10 12:22:44 上报结束 =====

===== 2026-09-10 12:23:45 开始上报 =====
/Users/zhengbangli/code/GoLearn/polaris/global-scheduler/cmd/report/run_crontab.sh: line 36: /var/folders/l2/1wpn5kpd0715sc20jc_g372h0000gn/T/report.XXXXXX.01P12VW7x6/report: No such file or directory
===== 2026-09-10 12:23:45 上报结束 =====

===== 2026-09-10 12:24:46 开始上报 =====
/Users/zhengbangli/code/GoLearn/polaris/global-scheduler/cmd/report/run_crontab.sh: line 36: /var/folders/l2/1wpn5kpd0715sc20jc_g372h0000gn/T/report.XXXXXX.01P12VW7x6/report: No such file or directory
===== 2026-09-10 12:24:46 上报结束 =====

===== 2026-09-10 12:25:47 开始上报 =====
/Users/zhengbangli/code/GoLearn/polaris/global-scheduler/cmd/report/run_crontab.sh: line 36: /var/folders/l2/1wpn5kpd0715sc20jc_g372h0000gn/T/report.XXXXXX.01P12VW7x6/report: No such file or directory
===== 2026-09-10 12:25:47 上报结束 =====

===== 2026-09-10 12:26:48 开始上报 =====
/Users/zhengbangli/code/GoLearn/polaris/global-scheduler/cmd/report/run_crontab.sh: line 36: /var/folders/l2/1wpn5kpd0715sc20jc_g372h0000gn/T/report.XXXXXX.01P12VW7x6/report: No such file or directory
===== 2026-09-10 12:26:48 上报结束 =====

===== 2026-09-10 12:27:49 开始上报 =====
/Users/zhengbangli/code/GoLearn/polaris/global-scheduler/cmd/report/run_crontab.sh: line 36: /var/folders/l2/1wpn5kpd0715sc20jc_g372h0000gn/T/report.XXXXXX.01P12VW7x6/report: No such file or directory
===== 2026-09-10 12:27:49 上报结束 =====

===== 2026-09-10 12:28:50 开始上报 =====
/Users/zhengbangli/code/GoLearn/polaris/global-scheduler/cmd/report/run_crontab.sh: line 36: /var/folders/l2/1wpn5kpd0715sc20jc_g372h0000gn/T/report.XXXXXX.01P12VW7x6/report: No such file or directory
===== 2026-09-10 12:28:50 上报结束 =====

===== 2026-09-10 12:29:51 开始上报 =====
/Users/zhengbangli/code/GoLearn/polaris/global-scheduler/cmd/report/run_crontab.sh: line 36: /var/folders/l2/1wpn5kpd0715sc20jc_g372h0000gn/T/report.XXXXXX.01P12VW7x6/report: No such file or directory
===== 2026-09-10 12:29:51 上报结束 =====

===== 2026-09-10 12:30:52 开始上报 =====
/Users/zhengbangli/code/GoLearn/polaris/global-scheduler/cmd/report/run_crontab.sh: line 36: /var/folders/l2/1wpn5kpd0715sc20jc_g372h0000gn/T/report.XXXXXX.01P12VW7x6/report: No such file or directory
===== 2026-09-10 12:30:52 上报结束 =====

===== 2026-09-10 12:31:53 开始上报 =====
/Users/zhengbangli/code/GoLearn/polaris/global-scheduler/cmd/report/run_crontab.sh: line 36: /var/folders/l2/1wpn5kpd0715sc20jc_g372h0000gn/T/report.XXXXXX.01P12VW7x6/report: No such file or directory
===== 2026-09-10 12:31:53 上报结束 =====

===== 2026-09-10 12:32:54 开始上报 =====
/Users/zhengbangli/code/GoLearn/polaris/global-scheduler/cmd/report/run_crontab.sh: line 36: /var/folders/l2/1wpn5kpd0715sc20jc_g372h0000gn/T/report.XXXXXX.01P12VW7x6/report: No such file or directory
===== 2026-09-10 12:32:54 上报结束 =====

===== 2026-09-10 12:33:55 开始上报 =====
/Users/zhengbangli/code/GoLearn/polaris/global-scheduler/cmd/report/run_crontab.sh: line 36: /var/folders/l2/1wpn5kpd0715sc20jc_g372h0000gn/T/report.XXXXXX.01P12VW7x6/report: No such file or directory
===== 2026-09-10 12:33:55 上报结束 =====

===== 2026-09-10 12:34:56 开始上报 =====
/Users/zhengbangli/code/GoLearn/polaris/global-scheduler/cmd/report/run_crontab.sh: line 36: /var/folders/l2/1wpn5kpd0715sc20jc_g372h0000gn/T/report.XXXXXX.01P12VW7x6/report: No such file or directory
===== 2026-09-10 12:34:56 上报结束 =====

===== 2026-09-10 12:35:57 开始上报 =====
/Users/zhengbangli/code/GoLearn/polaris/global-scheduler/cmd/report/run_crontab.sh: line 36: /var/folders/l2/1wpn5kpd0715sc20jc_g372h0000gn/T/report.XXXXXX.01P12VW7x6/report: No such file or directory
===== 2026-09-10 12:35:57 上报结束 =====

===== 2026-09-10 12:36:58 开始上报 =====
/Users/zhengbangli/code/GoLearn/polaris/global-scheduler/cmd/report/run_crontab.sh: line 36: /var/folders/l2/1wpn5kpd0715sc20jc_g372h0000gn/T/report.XXXXXX.01P12VW7x6/report: No such file or directory
===== 2026-09-10 12:36:58 上报结束 =====

===== 2026-09-10 12:37:59 开始上报 =====
/Users/zhengbangli/code/GoLearn/polaris/global-scheduler/cmd/report/run_crontab.sh: line 36: /var/folders/l2/1wpn5kpd0715sc20jc_g372h0000gn/T/report.XXXXXX.01P12VW7x6/report: No such file or directory
===== 2026-09-10 12:37:59 上报结束 =====

===== 2026-09-10 12:39:00 开始上报 =====
/Users/zhengbangli/code/GoLearn/polaris/global-scheduler/cmd/report/run_crontab.sh: line 36: /var/folders/l2/1wpn5kpd0715sc20jc_g372h0000gn/T/report.XXXXXX.01P12VW7x6/report: No such file or directory
===== 2026-09-10 12:39:00 上报结束 =====

===== 2026-09-10 12:40:01 开始上报 =====
/Users/zhengbangli/code/GoLearn/polaris/global-scheduler/cmd/report/run_crontab.sh: line 36: /var/folders/l2/1wpn5kpd0715sc20jc_g372h0000gn/T/report.XXXXXX.01P12VW7x6/report: No such file or directory
===== 2026-09-10 12:40:01 上报结束 =====

===== 2026-09-10 12:41:02 开始上报 =====
/Users/zhengbangli/code/GoLearn/polaris/global-scheduler/cmd/report/run_crontab.sh: line 36: /var/folders/l2/1wpn5kpd0715sc20jc_g372h0000gn/T/report.XXXXXX.01P12VW7x6/report: No such file or directory
===== 2026-09-10 12:41:02 上报结束 =====

===== 2026-09-10 12:42:03 开始上报 =====
/Users/zhengbangli/code/GoLearn/polaris/global-scheduler/cmd/report/run_crontab.sh: line 36: /var/folders/l2/1wpn5kpd0715sc20jc_g372h0000gn/T/report.XXXXXX.01P12VW7x6/report: No such file or directory
===== 2026-09-10 12:42:03 上报结束 =====

===== 2026-09-10 12:43:04 开始上报 =====
/Users/zhengbangli/code/GoLearn/polaris/global-scheduler/cmd/report/run_crontab.sh: line 36: /var/folders/l2/1wpn5kpd0715sc20jc_g372h0000gn/T/report.XXXXXX.01P12VW7x6/report: No such file or directory
===== 2026-09-10 12:43:04 上报结束 =====

===== 2026-09-10 12:44:05 开始上报 =====
/Users/zhengbangli/code/GoLearn/polaris/global-scheduler/cmd/report/run_crontab.sh: line 36: /var/folders/l2/1wpn5kpd0715sc20jc_g372h0000gn/T/report.XXXXXX.01P12VW7x6/report: No such file or directory
===== 2026-09-10 12:44:05 上报结束 =====

===== 2026-09-10 12:45:06 开始上报 =====
/Users/zhengbangli/code/GoLearn/polaris/global-scheduler/cmd/report/run_crontab.sh: line 36: /var/folders/l2/1wpn5kpd0715sc20jc_g372h0000gn/T/report.XXXXXX.01P12VW7x6/report: No such file or directory
===== 2026-09-10 12:45:06 上报结束 =====

===== 2026-09-10 12:46:07 开始上报 =====
/Users/zhengbangli/code/GoLearn/polaris/global-scheduler/cmd/report/run_crontab.sh: line 36: /var/folders/l2/1wpn5kpd0715sc20jc_g372h0000gn/T/report.XXXXXX.01P12VW7x6/report: No such file or directory
===== 2026-09-10 12:46:07 上报结束 =====

===== 2026-09-10 12:47:08 开始上报 =====
/Users/zhengbangli/code/GoLearn/polaris/global-scheduler/cmd/report/run_crontab.sh: line 36: /var/folders/l2/1wpn5kpd0715sc20jc_g372h0000gn/T/report.XXXXXX.01P12VW7x6/report: No such file or directory
===== 2026-09-10 12:47:08 上报结束 =====

===== 2026-09-10 12:48:09 开始上报 =====
/Users/zhengbangli/code/GoLearn/polaris/global-scheduler/cmd/report/run_crontab.sh: line 36: /var/folders/l2/1wpn5kpd0715sc20jc_g372h0000gn/T/report.XXXXXX.01P12VW7x6/report: No such file or directory
===== 2026-09-10 12:48:09 上报结束 =====

===== 2026-09-10 12:49:10 开始上报 =====
/Users/zhengbangli/code/GoLearn/polaris/global-scheduler/cmd/report/run_crontab.sh: line 36: /var/folders/l2/1wpn5kpd0715sc20jc_g372h0000gn/T/report.XXXXXX.01P12VW7x6/report: No such file or directory
===== 2026-09-10 12:49:10 上报结束 =====

===== 2026-09-10 12:50:11 开始上报 =====
/Users/zhengbangli/code/GoLearn/polaris/global-scheduler/cmd/report/run_crontab.sh: line 36: /var/folders/l2/1wpn5kpd0715sc20jc_g372h0000gn/T/report.XXXXXX.01P12VW7x6/report: No such file or directory
===== 2026-09-10 12:50:11 上报结束 =====

===== 2026-09-10 12:51:12 开始上报 =====
/Users/zhengbangli/code/GoLearn/polaris/global-scheduler/cmd/report/run_crontab.sh: line 36: /var/folders/l2/1wpn5kpd0715sc20jc_g372h0000gn/T/report.XXXXXX.01P12VW7x6/report: No such file or directory
===== 2026-09-10 12:51:12 上报结束 =====

===== 2026-09-10 12:52:13 开始上报 =====
/Users/zhengbangli/code/GoLearn/polaris/global-scheduler/cmd/report/run_crontab.sh: line 36: /var/folders/l2/1wpn5kpd0715sc20jc_g372h0000gn/T/report.XXXXXX.01P12VW7x6/report: No such file or directory
===== 2026-09-10 12:52:13 上报结束 =====

===== 2026-09-10 12:53:14 开始上报 =====
/Users/zhengbangli/code/GoLearn/polaris/global-scheduler/cmd/report/run_crontab.sh: line 36: /var/folders/l2/1wpn5kpd0715sc20jc_g372h0000gn/T/report.XXXXXX.01P12VW7x6/report: No such file or directory
===== 2026-09-10 12:53:14 上报结束 =====

===== 2026-09-10 12:54:15 开始上报 =====
/Users/zhengbangli/code/GoLearn/polaris/global-scheduler/cmd/report/run_crontab.sh: line 36: /var/folders/l2/1wpn5kpd0715sc20jc_g372h0000gn/T/report.XXXXXX.01P12VW7x6/report: No such file or directory
===== 2026-09-10 12:54:15 上报结束 =====

===== 2026-09-10 12:55:16 开始上报 =====
/Users/zhengbangli/code/GoLearn/polaris/global-scheduler/cmd/report/run_crontab.sh: line 36: /var/folders/l2/1wpn5kpd0715sc20jc_g372h0000gn/T/report.XXXXXX.01P12VW7x6/report: No such file or directory
===== 2026-09-10 12:55:16 上报结束 =====

===== 2026-09-10 12:56:17 开始上报 =====
/Users/zhengbangli/code/GoLearn/polaris/global-scheduler/cmd/report/run_crontab.sh: line 36: /var/folders/l2/1wpn5kpd0715sc20jc_g372h0000gn/T/report.XXXXXX.01P12VW7x6/report: No such file or directory
===== 2026-09-10 12:56:17 上报结束 =====

===== 2026-09-10 12:57:18 开始上报 =====
/Users/zhengbangli/code/GoLearn/polaris/global-scheduler/cmd/report/run_crontab.sh: line 36: /var/folders/l2/1wpn5kpd0715sc20jc_g372h0000gn/T/report.XXXXXX.01P12VW7x6/report: No such file or directory
===== 2026-09-10 12:57:18 上报结束 =====

===== 2026-09-10 12:58:19 开始上报 =====
/Users/zhengbangli/code/GoLearn/polaris/global-scheduler/cmd/report/run_crontab.sh: line 36: /var/folders/l2/1wpn5kpd0715sc20jc_g372h0000gn/T/report.XXXXXX.01P12VW7x6/report: No such file or directory
===== 2026-09-10 12:58:19 上报结束 =====

===== 2026-09-10 12:59:20 开始上报 =====
/Users/zhengbangli/code/GoLearn/polaris/global-scheduler/cmd/report/run_crontab.sh: line 36: /var/folders/l2/1wpn5kpd0715sc20jc_g372h0000gn/T/report.XXXXXX.01P12VW7x6/report: No such file or directory
===== 2026-09-10 12:59:20 上报结束 =====

===== 2026-09-10 13:00:21 开始上报 =====
/Users/zhengbangli/code/GoLearn/polaris/global-scheduler/cmd/report/run_crontab.sh: line 36: /var/folders/l2/1wpn5kpd0715sc20jc_g372h0000gn/T/report.XXXXXX.01P12VW7x6/report: No such file or directory
===== 2026-09-10 13:00:21 上报结束 =====

===== 2026-09-10 13:01:22 开始上报 =====
/Users/zhengbangli/code/GoLearn/polaris/global-scheduler/cmd/report/run_crontab.sh: line 36: /var/folders/l2/1wpn5kpd0715sc20jc_g372h0000gn/T/report.XXXXXX.01P12VW7x6/report: No such file or directory
===== 2026-09-10 13:01:22 上报结束 =====

===== 2026-09-10 13:02:23 开始上报 =====
/Users/zhengbangli/code/GoLearn/polaris/global-scheduler/cmd/report/run_crontab.sh: line 36: /var/folders/l2/1wpn5kpd0715sc20jc_g372h0000gn/T/report.XXXXXX.01P12VW7x6/report: No such file or directory
===== 2026-09-10 13:02:23 上报结束 =====

===== 2026-09-10 13:03:23 开始上报 =====
/Users/zhengbangli/code/GoLearn/polaris/global-scheduler/cmd/report/run_crontab.sh: line 36: /var/folders/l2/1wpn5kpd0715sc20jc_g372h0000gn/T/report.XXXXXX.01P12VW7x6/report: No such file or directory
===== 2026-09-10 13:03:23 上报结束 =====

===== 2026-09-10 13:04:24 开始上报 =====
/Users/zhengbangli/code/GoLearn/polaris/global-scheduler/cmd/report/run_crontab.sh: line 36: /var/folders/l2/1wpn5kpd0715sc20jc_g372h0000gn/T/report.XXXXXX.01P12VW7x6/report: No such file or directory
===== 2026-09-10 13:04:24 上报结束 =====

===== 2026-09-10 13:05:24 开始上报 =====
/Users/zhengbangli/code/GoLearn/polaris/global-scheduler/cmd/report/run_crontab.sh: line 36: /var/folders/l2/1wpn5kpd0715sc20jc_g372h0000gn/T/report.XXXXXX.01P12VW7x6/report: No such file or directory
===== 2026-09-10 13:05:24 上报结束 =====

===== 2026-09-10 13:06:25 开始上报 =====
/Users/zhengbangli/code/GoLearn/polaris/global-scheduler/cmd/report/run_crontab.sh: line 36: /var/folders/l2/1wpn5kpd0715sc20jc_g372h0000gn/T/report.XXXXXX.01P12VW7x6/report: No such file or directory
===== 2026-09-10 13:06:25 上报结束 =====

===== 2026-09-10 13:07:26 开始上报 =====
/Users/zhengbangli/code/GoLearn/polaris/global-scheduler/cmd/report/run_crontab.sh: line 36: /var/folders/l2/1wpn5kpd0715sc20jc_g372h0000gn/T/report.XXXXXX.01P12VW7x6/report: No such file or directory
===== 2026-09-10 13:07:26 上报结束 =====

===== 2026-09-10 13:08:26 开始上报 =====
/Users/zhengbangli/code/GoLearn/polaris/global-scheduler/cmd/report/run_crontab.sh: line 36: /var/folders/l2/1wpn5kpd0715sc20jc_g372h0000gn/T/report.XXXXXX.01P12VW7x6/report: No such file or directory
===== 2026-09-10 13:08:26 上报结束 =====

===== 2026-09-10 13:09:27 开始上报 =====
/Users/zhengbangli/code/GoLearn/polaris/global-scheduler/cmd/report/run_crontab.sh: line 36: /var/folders/l2/1wpn5kpd0715sc20jc_g372h0000gn/T/report.XXXXXX.01P12VW7x6/report: No such file or directory
===== 2026-09-10 13:09:27 上报结束 =====

===== 2026-09-10 13:10:28 开始上报 =====
/Users/zhengbangli/code/GoLearn/polaris/global-scheduler/cmd/report/run_crontab.sh: line 36: /var/folders/l2/1wpn5kpd0715sc20jc_g372h0000gn/T/report.XXXXXX.01P12VW7x6/report: No such file or directory
===== 2026-09-10 13:10:28 上报结束 =====

===== 2026-09-10 13:11:28 开始上报 =====
/Users/zhengbangli/code/GoLearn/polaris/global-scheduler/cmd/report/run_crontab.sh: line 36: /var/folders/l2/1wpn5kpd0715sc20jc_g372h0000gn/T/report.XXXXXX.01P12VW7x6/report: No such file or directory
===== 2026-09-10 13:11:29 上报结束 =====

===== 2026-09-10 13:12:29 开始上报 =====
/Users/zhengbangli/code/GoLearn/polaris/global-scheduler/cmd/report/run_crontab.sh: line 36: /var/folders/l2/1wpn5kpd0715sc20jc_g372h0000gn/T/report.XXXXXX.01P12VW7x6/report: No such file or directory
===== 2026-09-10 13:12:29 上报结束 =====

===== 2026-09-10 13:13:30 开始上报 =====
/Users/zhengbangli/code/GoLearn/polaris/global-scheduler/cmd/report/run_crontab.sh: line 36: /var/folders/l2/1wpn5kpd0715sc20jc_g372h0000gn/T/report.XXXXXX.01P12VW7x6/report: No such file or directory
===== 2026-09-10 13:13:30 上报结束 =====

===== 2026-09-10 13:14:31 开始上报 =====
/Users/zhengbangli/code/GoLearn/polaris/global-scheduler/cmd/report/run_crontab.sh: line 36: /var/folders/l2/1wpn5kpd0715sc20jc_g372h0000gn/T/report.XXXXXX.01P12VW7x6/report: No such file or directory
===== 2026-09-10 13:14:31 上报结束 =====

===== 2026-09-10 13:15:31 开始上报 =====
/Users/zhengbangli/code/GoLearn/polaris/global-scheduler/cmd/report/run_crontab.sh: line 36: /var/folders/l2/1wpn5kpd0715sc20jc_g372h0000gn/T/report.XXXXXX.01P12VW7x6/report: No such file or directory
===== 2026-09-10 13:15:31 上报结束 =====

===== 2026-09-10 13:16:32 开始上报 =====
/Users/zhengbangli/code/GoLearn/polaris/global-scheduler/cmd/report/run_crontab.sh: line 36: /var/folders/l2/1wpn5kpd0715sc20jc_g372h0000gn/T/report.XXXXXX.01P12VW7x6/report: No such file or directory
===== 2026-09-10 13:16:32 上报结束 =====

===== 2026-09-10 13:17:33 开始上报 =====
/Users/zhengbangli/code/GoLearn/polaris/global-scheduler/cmd/report/run_crontab.sh: line 36: /var/folders/l2/1wpn5kpd0715sc20jc_g372h0000gn/T/report.XXXXXX.01P12VW7x6/report: No such file or directory
===== 2026-09-10 13:17:33 上报结束 =====

===== 2026-09-10 13:18:33 开始上报 =====
/Users/zhengbangli/code/GoLearn/polaris/global-scheduler/cmd/report/run_crontab.sh: line 36: /var/folders/l2/1wpn5kpd0715sc20jc_g372h0000gn/T/report.XXXXXX.01P12VW7x6/report: No such file or directory
===== 2026-09-10 13:18:33 上报结束 =====

===== 2026-09-10 13:19:34 开始上报 =====
/Users/zhengbangli/code/GoLearn/polaris/global-scheduler/cmd/report/run_crontab.sh: line 36: /var/folders/l2/1wpn5kpd0715sc20jc_g372h0000gn/T/report.XXXXXX.01P12VW7x6/report: No such file or directory
===== 2026-09-10 13:19:34 上报结束 =====

===== 2026-09-10 13:20:34 开始上报 =====
/Users/zhengbangli/code/GoLearn/polaris/global-scheduler/cmd/report/run_crontab.sh: line 36: /var/folders/l2/1wpn5kpd0715sc20jc_g372h0000gn/T/report.XXXXXX.01P12VW7x6/report: No such file or directory
===== 2026-09-10 13:20:34 上报结束 =====

===== 2026-09-10 13:21:35 开始上报 =====
/Users/zhengbangli/code/GoLearn/polaris/global-scheduler/cmd/report/run_crontab.sh: line 36: /var/folders/l2/1wpn5kpd0715sc20jc_g372h0000gn/T/report.XXXXXX.01P12VW7x6/report: No such file or directory
===== 2026-09-10 13:21:35 上报结束 =====

===== 2026-09-10 13:22:36 开始上报 =====
/Users/zhengbangli/code/GoLearn/polaris/global-scheduler/cmd/report/run_crontab.sh: line 36: /var/folders/l2/1wpn5kpd0715sc20jc_g372h0000gn/T/report.XXXXXX.01P12VW7x6/report: No such file or directory
===== 2026-09-10 13:22:36 上报结束 =====

===== 2026-09-10 13:23:37 开始上报 =====
/Users/zhengbangli/code/GoLearn/polaris/global-scheduler/cmd/report/run_crontab.sh: line 36: /var/folders/l2/1wpn5kpd0715sc20jc_g372h0000gn/T/report.XXXXXX.01P12VW7x6/report: No such file or directory
===== 2026-09-10 13:23:37 上报结束 =====

===== 2026-09-10 13:24:38 开始上报 =====
/Users/zhengbangli/code/GoLearn/polaris/global-scheduler/cmd/report/run_crontab.sh: line 36: /var/folders/l2/1wpn5kpd0715sc20jc_g372h0000gn/T/report.XXXXXX.01P12VW7x6/report: No such file or directory
===== 2026-09-10 13:24:38 上报结束 =====

===== 2026-09-10 13:25:39 开始上报 =====
/Users/zhengbangli/code/GoLearn/polaris/global-scheduler/cmd/report/run_crontab.sh: line 36: /var/folders/l2/1wpn5kpd0715sc20jc_g372h0000gn/T/report.XXXXXX.01P12VW7x6/report: No such file or directory
===== 2026-09-10 13:25:39 上报结束 =====

===== 2026-09-10 13:26:40 开始上报 =====
/Users/zhengbangli/code/GoLearn/polaris/global-scheduler/cmd/report/run_crontab.sh: line 36: /var/folders/l2/1wpn5kpd0715sc20jc_g372h0000gn/T/report.XXXXXX.01P12VW7x6/report: No such file or directory
===== 2026-09-10 13:26:40 上报结束 =====

===== 2026-09-10 13:27:41 开始上报 =====
/Users/zhengbangli/code/GoLearn/polaris/global-scheduler/cmd/report/run_crontab.sh: line 36: /var/folders/l2/1wpn5kpd0715sc20jc_g372h0000gn/T/report.XXXXXX.01P12VW7x6/report: No such file or directory
===== 2026-09-10 13:27:41 上报结束 =====

===== 2026-09-10 13:28:42 开始上报 =====
/Users/zhengbangli/code/GoLearn/polaris/global-scheduler/cmd/report/run_crontab.sh: line 36: /var/folders/l2/1wpn5kpd0715sc20jc_g372h0000gn/T/report.XXXXXX.01P12VW7x6/report: No such file or directory
===== 2026-09-10 13:28:42 上报结束 =====

===== 2026-09-10 13:29:43 开始上报 =====
/Users/zhengbangli/code/GoLearn/polaris/global-scheduler/cmd/report/run_crontab.sh: line 36: /var/folders/l2/1wpn5kpd0715sc20jc_g372h0000gn/T/report.XXXXXX.01P12VW7x6/report: No such file or directory
===== 2026-09-10 13:29:43 上报结束 =====

===== 2026-09-10 13:30:44 开始上报 =====
/Users/zhengbangli/code/GoLearn/polaris/global-scheduler/cmd/report/run_crontab.sh: line 36: /var/folders/l2/1wpn5kpd0715sc20jc_g372h0000gn/T/report.XXXXXX.01P12VW7x6/report: No such file or directory
===== 2026-09-10 13:30:44 上报结束 =====

===== 2026-09-10 13:31:45 开始上报 =====
/Users/zhengbangli/code/GoLearn/polaris/global-scheduler/cmd/report/run_crontab.sh: line 36: /var/folders/l2/1wpn5kpd0715sc20jc_g372h0000gn/T/report.XXXXXX.01P12VW7x6/report: No such file or directory
===== 2026-09-10 13:31:45 上报结束 =====

===== 2026-09-10 13:32:46 开始上报 =====
/Users/zhengbangli/code/GoLearn/polaris/global-scheduler/cmd/report/run_crontab.sh: line 36: /var/folders/l2/1wpn5kpd0715sc20jc_g372h0000gn/T/report.XXXXXX.01P12VW7x6/report: No such file or directory
===== 2026-09-10 13:32:46 上报结束 =====

===== 2026-09-10 13:33:47 开始上报 =====
/Users/zhengbangli/code/GoLearn/polaris/global-scheduler/cmd/report/run_crontab.sh: line 36: /var/folders/l2/1wpn5kpd0715sc20jc_g372h0000gn/T/report.XXXXXX.01P12VW7x6/report: No such file or directory
===== 2026-09-10 13:33:47 上报结束 =====

===== 2026-09-10 13:34:48 开始上报 =====
/Users/zhengbangli/code/GoLearn/polaris/global-scheduler/cmd/report/run_crontab.sh: line 36: /var/folders/l2/1wpn5kpd0715sc20jc_g372h0000gn/T/report.XXXXXX.01P12VW7x6/report: No such file or directory
===== 2026-09-10 13:34:48 上报结束 =====

===== 2026-09-10 13:35:49 开始上报 =====
/Users/zhengbangli/code/GoLearn/polaris/global-scheduler/cmd/report/run_crontab.sh: line 36: /var/folders/l2/1wpn5kpd0715sc20jc_g372h0000gn/T/report.XXXXXX.01P12VW7x6/report: No such file or directory
===== 2026-09-10 13:35:49 上报结束 =====

===== 2026-09-10 13:36:50 开始上报 =====
/Users/zhengbangli/code/GoLearn/polaris/global-scheduler/cmd/report/run_crontab.sh: line 36: /var/folders/l2/1wpn5kpd0715sc20jc_g372h0000gn/T/report.XXXXXX.01P12VW7x6/report: No such file or directory
===== 2026-09-10 13:36:50 上报结束 =====

===== 2026-09-10 13:37:51 开始上报 =====
/Users/zhengbangli/code/GoLearn/polaris/global-scheduler/cmd/report/run_crontab.sh: line 36: /var/folders/l2/1wpn5kpd0715sc20jc_g372h0000gn/T/report.XXXXXX.01P12VW7x6/report: No such file or directory
===== 2026-09-10 13:37:51 上报结束 =====

===== 2026-09-10 13:38:52 开始上报 =====
/Users/zhengbangli/code/GoLearn/polaris/global-scheduler/cmd/report/run_crontab.sh: line 36: /var/folders/l2/1wpn5kpd0715sc20jc_g372h0000gn/T/report.XXXXXX.01P12VW7x6/report: No such file or directory
===== 2026-09-10 13:38:52 上报结束 =====

===== 2026-09-10 13:39:53 开始上报 =====
/Users/zhengbangli/code/GoLearn/polaris/global-scheduler/cmd/report/run_crontab.sh: line 36: /var/folders/l2/1wpn5kpd0715sc20jc_g372h0000gn/T/report.XXXXXX.01P12VW7x6/report: No such file or directory
===== 2026-09-10 13:39:53 上报结束 =====

===== 2026-09-10 13:40:54 开始上报 =====
/Users/zhengbangli/code/GoLearn/polaris/global-scheduler/cmd/report/run_crontab.sh: line 36: /var/folders/l2/1wpn5kpd0715sc20jc_g372h0000gn/T/report.XXXXXX.01P12VW7x6/report: No such file or directory
===== 2026-09-10 13:40:54 上报结束 =====

===== 2026-09-10 13:41:55 开始上报 =====
/Users/zhengbangli/code/GoLearn/polaris/global-scheduler/cmd/report/run_crontab.sh: line 36: /var/folders/l2/1wpn5kpd0715sc20jc_g372h0000gn/T/report.XXXXXX.01P12VW7x6/report: No such file or directory
===== 2026-09-10 13:41:55 上报结束 =====

===== 2026-09-10 13:42:56 开始上报 =====
/Users/zhengbangli/code/GoLearn/polaris/global-scheduler/cmd/report/run_crontab.sh: line 36: /var/folders/l2/1wpn5kpd0715sc20jc_g372h0000gn/T/report.XXXXXX.01P12VW7x6/report: No such file or directory
===== 2026-09-10 13:42:56 上报结束 =====

===== 2026-09-10 13:43:57 开始上报 =====
/Users/zhengbangli/code/GoLearn/polaris/global-scheduler/cmd/report/run_crontab.sh: line 36: /var/folders/l2/1wpn5kpd0715sc20jc_g372h0000gn/T/report.XXXXXX.01P12VW7x6/report: No such file or directory
===== 2026-09-10 13:43:57 上报结束 =====

===== 2026-09-10 13:44:58 开始上报 =====
/Users/zhengbangli/code/GoLearn/polaris/global-scheduler/cmd/report/run_crontab.sh: line 36: /var/folders/l2/1wpn5kpd0715sc20jc_g372h0000gn/T/report.XXXXXX.01P12VW7x6/report: No such file or directory
===== 2026-09-10 13:44:58 上报结束 =====

===== 2026-09-10 13:45:59 开始上报 =====
/Users/zhengbangli/code/GoLearn/polaris/global-scheduler/cmd/report/run_crontab.sh: line 36: /var/folders/l2/1wpn5kpd0715sc20jc_g372h0000gn/T/report.XXXXXX.01P12VW7x6/report: No such file or directory
===== 2026-09-10 13:45:59 上报结束 =====

===== 2026-09-10 13:47:00 开始上报 =====
/Users/zhengbangli/code/GoLearn/polaris/global-scheduler/cmd/report/run_crontab.sh: line 36: /var/folders/l2/1wpn5kpd0715sc20jc_g372h0000gn/T/report.XXXXXX.01P12VW7x6/report: No such file or directory
===== 2026-09-10 13:47:00 上报结束 =====

===== 2026-09-10 13:48:01 开始上报 =====
/Users/zhengbangli/code/GoLearn/polaris/global-scheduler/cmd/report/run_crontab.sh: line 36: /var/folders/l2/1wpn5kpd0715sc20jc_g372h0000gn/T/report.XXXXXX.01P12VW7x6/report: No such file or directory
===== 2026-09-10 13:48:01 上报结束 =====

===== 2026-09-10 13:49:02 开始上报 =====
/Users/zhengbangli/code/GoLearn/polaris/global-scheduler/cmd/report/run_crontab.sh: line 36: /var/folders/l2/1wpn5kpd0715sc20jc_g372h0000gn/T/report.XXXXXX.01P12VW7x6/report: No such file or directory
===== 2026-09-10 13:49:02 上报结束 =====

===== 2026-09-10 13:50:03 开始上报 =====
/Users/zhengbangli/code/GoLearn/polaris/global-scheduler/cmd/report/run_crontab.sh: line 36: /var/folders/l2/1wpn5kpd0715sc20jc_g372h0000gn/T/report.XXXXXX.01P12VW7x6/report: No such file or directory
===== 2026-09-10 13:50:03 上报结束 =====

===== 2026-09-10 13:51:04 开始上报 =====
/Users/zhengbangli/code/GoLearn/polaris/global-scheduler/cmd/report/run_crontab.sh: line 36: /var/folders/l2/1wpn5kpd0715sc20jc_g372h0000gn/T/report.XXXXXX.01P12VW7x6/report: No such file or directory
===== 2026-09-10 13:51:04 上报结束 =====

===== 2026-09-10 13:52:05 开始上报 =====
/Users/zhengbangli/code/GoLearn/polaris/global-scheduler/cmd/report/run_crontab.sh: line 36: /var/folders/l2/1wpn5kpd0715sc20jc_g372h0000gn/T/report.XXXXXX.01P12VW7x6/report: No such file or directory
===== 2026-09-10 13:52:05 上报结束 =====

===== 2026-09-10 13:53:06 开始上报 =====
/Users/zhengbangli/code/GoLearn/polaris/global-scheduler/cmd/report/run_crontab.sh: line 36: /var/folders/l2/1wpn5kpd0715sc20jc_g372h0000gn/T/report.XXXXXX.01P12VW7x6/report: No such file or directory
===== 2026-09-10 13:53:06 上报结束 =====

===== 2026-09-10 13:54:07 开始上报 =====
/Users/zhengbangli/code/GoLearn/polaris/global-scheduler/cmd/report/run_crontab.sh: line 36: /var/folders/l2/1wpn5kpd0715sc20jc_g372h0000gn/T/report.XXXXXX.01P12VW7x6/report: No such file or directory
===== 2026-09-10 13:54:07 上报结束 =====

===== 2026-09-10 13:55:08 开始上报 =====
/Users/zhengbangli/code/GoLearn/polaris/global-scheduler/cmd/report/run_crontab.sh: line 36: /var/folders/l2/1wpn5kpd0715sc20jc_g372h0000gn/T/report.XXXXXX.01P12VW7x6/report: No such file or directory
===== 2026-09-10 13:55:08 上报结束 =====

===== 2026-09-10 13:56:09 开始上报 =====
/Users/zhengbangli/code/GoLearn/polaris/global-scheduler/cmd/report/run_crontab.sh: line 36: /var/folders/l2/1wpn5kpd0715sc20jc_g372h0000gn/T/report.XXXXXX.01P12VW7x6/report: No such file or directory
===== 2026-09-10 13:56:09 上报结束 =====

===== 2026-09-10 13:57:10 开始上报 =====
/Users/zhengbangli/code/GoLearn/polaris/global-scheduler/cmd/report/run_crontab.sh: line 36: /var/folders/l2/1wpn5kpd0715sc20jc_g372h0000gn/T/report.XXXXXX.01P12VW7x6/report: No such file or directory
===== 2026-09-10 13:57:10 上报结束 =====

===== 2026-09-10 13:58:11 开始上报 =====
/Users/zhengbangli/code/GoLearn/polaris/global-scheduler/cmd/report/run_crontab.sh: line 36: /var/folders/l2/1wpn5kpd0715sc20jc_g372h0000gn/T/report.XXXXXX.01P12VW7x6/report: No such file or directory
===== 2026-09-10 13:58:11 上报结束 =====

===== 2026-09-10 13:59:12 开始上报 =====
/Users/zhengbangli/code/GoLearn/polaris/global-scheduler/cmd/report/run_crontab.sh: line 36: /var/folders/l2/1wpn5kpd0715sc20jc_g372h0000gn/T/report.XXXXXX.01P12VW7x6/report: No such file or directory
===== 2026-09-10 13:59:12 上报结束 =====

===== 2026-09-10 14:00:13 开始上报 =====
/Users/zhengbangli/code/GoLearn/polaris/global-scheduler/cmd/report/run_crontab.sh: line 36: /var/folders/l2/1wpn5kpd0715sc20jc_g372h0000gn/T/report.XXXXXX.01P12VW7x6/report: No such file or directory
===== 2026-09-10 14:00:13 上报结束 =====

===== 2026-09-10 14:01:14 开始上报 =====
/Users/zhengbangli/code/GoLearn/polaris/global-scheduler/cmd/report/run_crontab.sh: line 36: /var/folders/l2/1wpn5kpd0715sc20jc_g372h0000gn/T/report.XXXXXX.01P12VW7x6/report: No such file or directory
===== 2026-09-10 14:01:14 上报结束 =====

===== 2026-09-10 14:02:15 开始上报 =====
/Users/zhengbangli/code/GoLearn/polaris/global-scheduler/cmd/report/run_crontab.sh: line 36: /var/folders/l2/1wpn5kpd0715sc20jc_g372h0000gn/T/report.XXXXXX.01P12VW7x6/report: No such file or directory
===== 2026-09-10 14:02:15 上报结束 =====

===== 2026-09-10 14:03:16 开始上报 =====
/Users/zhengbangli/code/GoLearn/polaris/global-scheduler/cmd/report/run_crontab.sh: line 36: /var/folders/l2/1wpn5kpd0715sc20jc_g372h0000gn/T/report.XXXXXX.01P12VW7x6/report: No such file or directory
===== 2026-09-10 14:03:16 上报结束 =====
