2026-08-05 10:34:30.721106Z	warn	base	config/default.go:413	no IP or interface name configured
2026-08-05 10:34:30.724414Z	info	base	api/config.go:293	global clock started
2026-08-05 10:34:30.724512Z	warn	base	config/default.go:413	no IP or interface name configured
2026-08-05 10:34:30.724539Z	info	base	api/config.go:321	
-------Start to init SDKContext of version 2.6.10, IP: , PID: 74907, UID: 17C43282-30D0-40E4-AAC8-0F81DD672265, CONTAINER: , HOSTNAME:-------
2026-08-05 10:34:30.724691Z	info	base	grpc/operation_async.go:100	set grpc plugin as connectionCreator
2026-08-05 10:34:30.724778Z	info	base	plugin/manage.go:241	Initialized plugin type serverConnector, name grpc, id 30
2026-08-05 10:34:30.724823Z	info	base	plugin/manage.go:241	Initialized plugin type serviceRouter, name filterOnlyRouter, id 8
2026-08-05 10:34:30.725081Z	info	base	plugin/manage.go:241	Initialized plugin type serviceRouter, name nearbyBasedRouter, id 9
2026-08-05 10:34:30.725257Z	info	base	plugin/manage.go:241	Initialized plugin type serviceRouter, name ruleBasedRouter, id 10
2026-08-05 10:34:30.725264Z	info	base	plugin/manage.go:241	Initialized plugin type serviceRouter, name setDivisionRouter, id 11
2026-08-05 10:34:30.725269Z	info	base	plugin/manage.go:241	Initialized plugin type serviceRouter, name canaryRouter, id 6
2026-08-05 10:34:30.725274Z	info	base	plugin/manage.go:241	Initialized plugin type serviceRouter, name dstMetaRouter, id 7
2026-08-05 10:34:30.725278Z	info	base	plugin/manage.go:241	Initialized plugin type loadBalancer, name cMurmurHash, id 18
2026-08-05 10:34:30.725283Z	info	base	plugin/manage.go:241	Initialized plugin type loadBalancer, name l5cst, id 19
2026-08-05 10:34:30.725288Z	info	base	plugin/manage.go:241	Initialized plugin type loadBalancer, name ringHash, id 20
2026-08-05 10:34:30.725468Z	info	base	plugin/manage.go:241	Initialized plugin type loadBalancer, name weightedRandom, id 21
2026-08-05 10:34:30.725657Z	info	base	plugin/manage.go:241	Initialized plugin type loadBalancer, name dynamicWeightedRandom, id 15
2026-08-05 10:34:30.725663Z	info	base	plugin/manage.go:241	Initialized plugin type loadBalancer, name hash, id 16
2026-08-05 10:34:30.725668Z	info	base	plugin/manage.go:241	Initialized plugin type loadBalancer, name maglev, id 17
2026-08-05 10:34:30.725673Z	info	base	plugin/manage.go:241	Initialized plugin type outlierDetector, name http, id 2
2026-08-05 10:34:30.725677Z	info	base	plugin/manage.go:241	Initialized plugin type outlierDetector, name tcp, id 3
2026-08-05 10:34:30.725681Z	info	base	plugin/manage.go:241	Initialized plugin type outlierDetector, name udp, id 4
2026-08-05 10:34:30.725685Z	info	base	plugin/manage.go:241	Initialized plugin type circuitBreaker, name errorCheck, id 12
2026-08-05 10:34:30.725691Z	info	base	plugin/manage.go:241	Initialized plugin type circuitBreaker, name errorCount, id 13
2026-08-05 10:34:30.725729Z	info	base	plugin/manage.go:241	Initialized plugin type circuitBreaker, name errorRate, id 14
2026-08-05 10:34:30.725733Z	info	base	plugin/manage.go:241	Initialized plugin type weightAdjuster, name slowStart, id 24
2026-08-05 10:34:30.726990Z	info	base	plugin/manage.go:241	Initialized plugin type statReporter, name stat2Monitor, id 25
2026-08-05 10:34:30.727000Z	info	base	plugin/manage.go:241	Initialized plugin type statReporter, name rateLimitRecord, id 26
2026-08-05 10:34:30.727009Z	info	base	plugin/manage.go:241	Initialized plugin type statReporter, name serviceCache, id 27
2026-08-05 10:34:30.727018Z	info	base	plugin/manage.go:241	Initialized plugin type statReporter, name serviceRoute, id 28
2026-08-05 10:34:30.727023Z	info	base	plugin/manage.go:241	Initialized plugin type alarmReporter, name alarm2file, id 1
2026-08-05 10:34:30.727029Z	info	base	inmemory/inmemory.go:191	LocalCache Real persistDir:/Users/zhengbangli/polaris/backup
2026-08-05 10:34:30.727791Z	info	base	plugin/manage.go:241	Initialized plugin type localRegistry, name inmemory, id 29
2026-08-05 10:34:30.727812Z	info	base	plugin/manage.go:241	Initialized plugin type rateLimiter, name reject, id 5
2026-08-05 10:34:30.727823Z	info	base	plugin/manage.go:241	Initialized plugin type rateLimiter, name unirate, id 22
2026-08-05 10:34:30.727980Z	info	base	plugin/manage.go:241	Initialized plugin type subScribe, name subscribeLocalChannel, id 23
2026-08-05 10:34:30.729746Z	info	base	api/config.go:348	
17C43282-30D0-40E4-AAC8-0F81DD672265, -------Configuration with default value-------
global:
  system:
    mode: 0
    discoverCluster:
      namespace: Polaris
      service: polaris.discover
      refreshInterval: 10m0s
    healthCheckCluster:
      namespace: Polaris
      service: polaris.healthcheck
      refreshInterval: 10m0s
    monitorCluster:
      namespace: Polaris
      service: polaris.monitor
      refreshInterval: 10m0s
    rateLimitCluster: null
    metricCluster: null
    dynamicWeightCluster:
      namespace: Polaris
      service: polaris.dynamic.weight
      refreshInterval: 10m0s
    variables: {}
    apiVersion: v2
  api:
    timeout: 1s
    bindIf: ""
    bindIP: ""
    reportInterval: 10m0s
    maxRetryTimes: 1
    retryInterval: 1s
    location:
      region: ""
      zone: ""
      campus: ""
      enableUpdate: true
  serverConnector:
    addresses: []
    backupAddresses: []
    protocol: grpc
    connectTimeout: 500ms
    messageTimeout: 1.5s
    watchTimeout: 1m0s
    connectionIdleTimeout: 5s
    requestQueueSize: 1000
    serverSwitchInterval: 10m0s
    reconnectInterval: 500ms
    apiVersion: v2
    joinPoint: ""
    plugin:
      grpc:
        maxCallRecvMsgSize: 52428800
  statReporter:
    enable: true
    chain:
    - stat2Monitor
    - serviceCache
    - rateLimitRecord
    - serviceRoute
    plugin:
      rateLimitRecord:
        reportInterval: 1m0s
      serviceCache:
        reportInterval: 3m0s
      serviceRoute:
        reportInterval: 5m0s
      stat2Monitor:
        metricsReportWindow: 1m0s
        metricsNumBuckets: 12
  authority:
    appId: ""
    appToken: ""
  dataExpiredCheck:
    syncRetryTimes: 5
consumer:
  localCache:
    serviceExpireTime: 24h0m0s
    serviceRefreshInterval: 2s
    persistDir: $HOME/polaris/backup
    enablePersistence: null
    type: inmemory
    persistMaxWriteRetry: 5
    persistMaxReadRetry: 1
    persistRetryInterval: 1s
    persistAvailableInterval: 2m0s
    upgradeWaitTime: 2s
    startUseFileCache: true
    pushEmptyProtection: false
    plugin: {}
  serviceRouter:
    chain:
    - ruleBasedRouter
    - nearbyBasedRouter
    plugin:
      nearbyBasedRouter:
        matchLevel: zone
        maxMatchLevel: ""
        strictNearby: false
        enableDegradeByUnhealthyPercent: true
        unhealthyPercentToDegrade: 100
    percentOfMinInstances: 0
    disableRouteSourceContinue: false
    enableRecoverAll: true
  loadbalancer:
    type: weightedRandom
    plugin:
      hash:
        hashFunction: murmur3
      maglev:
        hashFunction: murmur3
        tableSize: 65537
      ringHash:
        hashFunction: murmur3
        vnodeCount: 10
  circuitBreaker:
    enable: true
    checkPeriod: 2s
    chain:
    - errorCount
    - errorRate
    - errorCheck
    sleepWindow: 30s
    maxSleepWindow: 30s
    expansionFactor: 2
    requestCountAfterHalfOpen: 10
    successCountAfterHalfOpen: 8
    recoverWindow: 1m0s
    recoverNumBuckets: 10
    plugin:
      errorCount:
        continuousErrorThreshold: 10
        metricStatTimeWindow: 1m0s
        metricNumBuckets: 10
      errorRate:
        requestVolumeThreshold: 10
        errorRatePercent: 50
        errorRateThreshold: 0
        metricStatTimeWindow: 1m0s
        metricNumBuckets: 5
  healthCheck:
    interval: 10s
    chain: []
    plugin:
      http:
        timeout: 100ms
        path: ""
      tcp:
        timeout: 100ms
        retry: 0
        send: ""
        receive: ""
      udp:
        timeout: 100ms
        retry: 0
        send: ""
        receive: ""
    when: never
    concurrency: 0
  weightAdjuster:
    chain:
    - slowStart
    plugin: {}
  subscribe:
    type: subscribeLocalChannel
    plugin:
      subscribeLocalChannel:
        channelBufferSize: 30
  servicesSpecific:
  - namespace: Polaris
    service: polaris.discover
    serviceRouter:
      chain:
      - dstMetaRouter
      - nearbyBasedRouter
      plugin:
        nearbyBasedRouter:
          matchLevel: region
          maxMatchLevel: ""
          strictNearby: false
          enableDegradeByUnhealthyPercent: true
          unhealthyPercentToDegrade: 100
      percentOfMinInstances: 0
      disableRouteSourceContinue: false
      enableRecoverAll: true
    circuitBreaker:
      enable: true
      checkPeriod: 2s
      chain:
      - errorCount
      - errorRate
      - errorCheck
      sleepWindow: 30s
      maxSleepWindow: 30s
      expansionFactor: 2
      requestCountAfterHalfOpen: 10
      successCountAfterHalfOpen: 8
      recoverWindow: 1m0s
      recoverNumBuckets: 10
      plugin:
        errorCount:
          continuousErrorThreshold: 1
          metricStatTimeWindow: 1m0s
          metricNumBuckets: 10
        errorRate:
          requestVolumeThreshold: 10
          errorRatePercent: 50
          errorRateThreshold: 0
          metricStatTimeWindow: 1m0s
          metricNumBuckets: 5
    healthCheck:
      interval: 10s
      chain: []
      plugin:
        http:
          timeout: 100ms
          path: ""
        tcp:
          timeout: 100ms
          retry: 0
          send: ""
          receive: ""
        udp:
          timeout: 100ms
          retry: 0
          send: ""
          receive: ""
      when: never
      concurrency: 0
  - namespace: Polaris
    service: polaris.healthcheck
    serviceRouter:
      chain:
      - dstMetaRouter
      - nearbyBasedRouter
      plugin:
        nearbyBasedRouter:
          matchLevel: region
          maxMatchLevel: ""
          strictNearby: false
          enableDegradeByUnhealthyPercent: true
          unhealthyPercentToDegrade: 100
      percentOfMinInstances: 0
      disableRouteSourceContinue: false
      enableRecoverAll: true
    circuitBreaker:
      enable: true
      checkPeriod: 2s
      chain:
      - errorCount
      - errorRate
      - errorCheck
      sleepWindow: 30s
      maxSleepWindow: 30s
      expansionFactor: 2
      requestCountAfterHalfOpen: 10
      successCountAfterHalfOpen: 8
      recoverWindow: 1m0s
      recoverNumBuckets: 10
      plugin:
        errorCount:
          continuousErrorThreshold: 1
          metricStatTimeWindow: 1m0s
          metricNumBuckets: 10
        errorRate:
          requestVolumeThreshold: 10
          errorRatePercent: 50
          errorRateThreshold: 0
          metricStatTimeWindow: 1m0s
          metricNumBuckets: 5
    healthCheck:
      interval: 10s
      chain: []
      plugin:
        http:
          timeout: 100ms
          path: ""
        tcp:
          timeout: 100ms
          retry: 0
          send: ""
          receive: ""
        udp:
          timeout: 100ms
          retry: 0
          send: ""
          receive: ""
      when: never
      concurrency: 0
  - namespace: Polaris
    service: polaris.monitor
    serviceRouter:
      chain:
      - dstMetaRouter
      - nearbyBasedRouter
      plugin:
        nearbyBasedRouter:
          matchLevel: region
          maxMatchLevel: ""
          strictNearby: false
          enableDegradeByUnhealthyPercent: true
          unhealthyPercentToDegrade: 100
      percentOfMinInstances: 0
      disableRouteSourceContinue: false
      enableRecoverAll: true
    circuitBreaker:
      enable: true
      checkPeriod: 2s
      chain:
      - errorCount
      - errorRate
      - errorCheck
      sleepWindow: 30s
      maxSleepWindow: 30s
      expansionFactor: 2
      requestCountAfterHalfOpen: 10
      successCountAfterHalfOpen: 8
      recoverWindow: 1m0s
      recoverNumBuckets: 10
      plugin:
        errorCount:
          continuousErrorThreshold: 1
          metricStatTimeWindow: 1m0s
          metricNumBuckets: 10
        errorRate:
          requestVolumeThreshold: 10
          errorRatePercent: 50
          errorRateThreshold: 0
          metricStatTimeWindow: 1m0s
          metricNumBuckets: 5
    healthCheck:
      interval: 10s
      chain: []
      plugin:
        http:
          timeout: 100ms
          path: ""
        tcp:
          timeout: 100ms
          retry: 0
          send: ""
          receive: ""
        udp:
          timeout: 100ms
          retry: 0
          send: ""
          receive: ""
      when: never
      concurrency: 0
  - namespace: Polaris
    service: polaris.dynamic.weight
    serviceRouter:
      chain:
      - dstMetaRouter
      - nearbyBasedRouter
      plugin:
        nearbyBasedRouter:
          matchLevel: region
          maxMatchLevel: ""
          strictNearby: false
          enableDegradeByUnhealthyPercent: true
          unhealthyPercentToDegrade: 100
      percentOfMinInstances: 0
      disableRouteSourceContinue: false
      enableRecoverAll: true
    circuitBreaker:
      enable: true
      checkPeriod: 2s
      chain:
      - errorCount
      - errorRate
      - errorCheck
      sleepWindow: 30s
      maxSleepWindow: 30s
      expansionFactor: 2
      requestCountAfterHalfOpen: 10
      successCountAfterHalfOpen: 8
      recoverWindow: 1m0s
      recoverNumBuckets: 10
      plugin:
        errorCount:
          continuousErrorThreshold: 1
          metricStatTimeWindow: 1m0s
          metricNumBuckets: 10
        errorRate:
          requestVolumeThreshold: 10
          errorRatePercent: 50
          errorRateThreshold: 0
          metricStatTimeWindow: 1m0s
          metricNumBuckets: 5
    healthCheck:
      interval: 10s
      chain: []
      plugin:
        http:
          timeout: 100ms
          path: ""
        tcp:
          timeout: 100ms
          retry: 0
          send: ""
          receive: ""
        udp:
          timeout: 100ms
          retry: 0
          send: ""
          receive: ""
      when: never
      concurrency: 0
provider:
  rateLimit:
    enable: true
    plugin:
      unirate:
        maxQueuingTime: 1s
    mode: "\x01"
    rateLimitCluster:
      namespace: ""
      service: ""
      refreshInterval: 10m0s
    maxWindowSize: 20000
    purgeInterval: 1m0s
    expireFactor: 10s
    degradeWithTotalToken: false
    timeZone: ""

2026-08-05 10:34:30.729764Z	info	base	api/config.go:353	
-------17C43282-30D0-40E4-AAC8-0F81DD672265, All plugins and engine initialized successfully-------
2026-08-05 10:34:30.729891Z	info	base	common/cache_persist.go:183	Start to load cache from /Users/zhengbangli/polaris/backup/client_info.json
2026-08-05 10:34:30.730110Z	info	base	network/impl.go:373	connectionManager start updateDiscover
2026-08-05 10:34:30.730226Z	error	base	common/cache_persist.go:131	fail to load cache from file svcV2#Polaris#polaris.discover#instance.json, svcKey: {namespace: "Polaris", service: "polaris.discover", event: instance}, error is Fail to Stat the cache file name /Users/zhengbangli/polaris/backup/svcV2#Polaris#polaris.discover#instance.json:  stat /Users/zhengbangli/polaris/backup/svcV2#Polaris#polaris.discover#instance.json: no such file or directory
2026-08-05 10:34:30.730427Z	info	base	common/cache_persist.go:183	Start to load cache from /Users/zhengbangli/polaris/backup/svc#Polaris#polaris.discover#instance.json
2026-08-05 10:34:30.731639Z	info	base	startup/client_report.go:138	current client area info is Host:30.26.152.44-{Region:, Zone:, Campus:}
2026-08-05 10:34:30.731664Z	info	base	schedule/routines.go:229	item clientReportTask in task clientReportTask has added
2026-08-05 10:34:30.731682Z	info	base	schedule/routines.go:116	task clientReportTask started period 5m0s
2026-08-05 10:34:30.731689Z	info	base	schedule/routines.go:280	task clientReportTask has been started
2026-08-05 10:34:30.731694Z	info	base	schedule/routines.go:229	item sdkConfigReportTask in task sdkConfigReportTask has added
2026-08-05 10:34:30.731698Z	info	base	schedule/routines.go:116	task sdkConfigReportTask started period 2m30s
2026-08-05 10:34:30.731702Z	info	base	schedule/routines.go:280	task sdkConfigReportTask has been started
2026-08-05 10:34:30.731706Z	info	base	api/config.go:363	
-------17C43282-30D0-40E4-AAC8-0F81DD672265, All plugins and engine started successfully-------
2026-08-05 10:34:30.731711Z	info	base	api/config.go:371	
-------17C43282-30D0-40E4-AAC8-0F81DD672265, SDKContext init successfully-------
2026-08-05 10:34:30.739871Z	info	base	pb/service.go:201	service Polaris::polaris.discover nearby enabled
2026-08-05 10:34:30.740175Z	warn	base	pb/service.go:235	service Polaris:polaris.discover unmarshal slow start config fail EOF
2026-08-05 10:34:30.740205Z	info	base	inmemory/inmemory.go:1302	load message for {namespace: "Polaris", service: "polaris.discover", event: instance} from file svc#Polaris#polaris.discover#instance.json, cache file modify time: 2026-08-03 20:24:31.310185 +0800 CST, direct available: false 

2026-08-05 10:34:30.740215Z	info	base	inmemory/inmemory.go:612	17C43282-30D0-40E4-AAC8-0F81DD672265, start to register event handler for {namespace: "Polaris", service: "polaris.discover", event: instance}
2026-08-05 10:34:30.740236Z	info	base	common/register.go:53	17C43282-30D0-40E4-AAC8-0F81DD672265, addTask: start to add first task for {namespace: "Polaris", service: "polaris.discover", event: instance, initialized: firstTask}
2026-08-05 10:34:30.740246Z	info	base	common/register.go:66	17C43282-30D0-40E4-AAC8-0F81DD672265, addTask: finish add first task for {namespace: "Polaris", service: "polaris.discover", event: instance, initialized: firstTask}
2026-08-05 10:34:30.740251Z	info	base	inmemory/inmemory.go:614	17C43282-30D0-40E4-AAC8-0F81DD672265, finish register event handler for {namespace: "Polaris", service: "polaris.discover", event: instance}, err <nil>
2026-08-05 10:34:30.740289Z	info	base	serviceinfo/service_info.go:277	service instances of {namespace: "Polaris", service: "polaris.discover"} change, oldRevision , newRevision 00cd6960b47909b72d1c2d5476cef510091cdd37, oldCount 0, newCount 252
2026-08-05 10:34:30.740295Z	info	base	serviceinfo/service_info.go:280	add instance of {namespace: "Polaris", service: "polaris.discover"}: 11.143.46.238:8080, status: healthy:true;isolate:false;weight:100
2026-08-05 10:34:30.740298Z	info	base	serviceinfo/service_info.go:280	add instance of {namespace: "Polaris", service: "polaris.discover"}: 9.141.120.2:8091, status: healthy:true;isolate:false;weight:100
2026-08-05 10:34:30.740302Z	info	base	serviceinfo/service_info.go:280	add instance of {namespace: "Polaris", service: "polaris.discover"}: 30.163.61.135:8080, status: healthy:true;isolate:false;weight:100
2026-08-05 10:34:30.740304Z	info	base	serviceinfo/service_info.go:280	add instance of {namespace: "Polaris", service: "polaris.discover"}: 30.160.241.139:8080, status: healthy:true;isolate:false;weight:100
2026-08-05 10:34:30.740307Z	info	base	serviceinfo/service_info.go:280	add instance of {namespace: "Polaris", service: "polaris.discover"}: 11.143.46.177:8091, status: healthy:true;isolate:false;weight:100
2026-08-05 10:34:30.740310Z	info	base	serviceinfo/service_info.go:280	add instance of {namespace: "Polaris", service: "polaris.discover"}: 9.141.120.169:8091, status: healthy:true;isolate:false;weight:100
2026-08-05 10:34:30.740313Z	info	base	serviceinfo/service_info.go:280	add instance of {namespace: "Polaris", service: "polaris.discover"}: 30.163.241.12:8080, status: healthy:true;isolate:false;weight:100
2026-08-05 10:34:30.740316Z	info	base	serviceinfo/service_info.go:280	add instance of {namespace: "Polaris", service: "polaris.discover"}: 9.141.112.55:8080, status: healthy:true;isolate:false;weight:100
2026-08-05 10:34:30.740319Z	info	base	serviceinfo/service_info.go:280	add instance of {namespace: "Polaris", service: "polaris.discover"}: 11.143.52.61:8081, status: healthy:true;isolate:false;weight:100
2026-08-05 10:34:30.740321Z	info	base	serviceinfo/service_info.go:280	add instance of {namespace: "Polaris", service: "polaris.discover"}: 30.163.241.65:8091, status: healthy:true;isolate:false;weight:100
2026-08-05 10:34:30.740324Z	info	base	serviceinfo/service_info.go:280	add instance of {namespace: "Polaris", service: "polaris.discover"}: 9.141.115.145:8091, status: healthy:true;isolate:false;weight:100
2026-08-05 10:34:30.740326Z	info	base	serviceinfo/service_info.go:280	add instance of {namespace: "Polaris", service: "polaris.discover"}: 11.140.162.11:8081, status: healthy:true;isolate:false;weight:100
2026-08-05 10:34:30.740339Z	info	base	serviceinfo/service_info.go:280	add instance of {namespace: "Polaris", service: "polaris.discover"}: 11.143.52.113:8080, status: healthy:true;isolate:false;weight:100
2026-08-05 10:34:30.740342Z	info	base	serviceinfo/service_info.go:280	add instance of {namespace: "Polaris", service: "polaris.discover"}: 9.141.115.113:8081, status: healthy:true;isolate:false;weight:100
2026-08-05 10:34:30.740345Z	info	base	serviceinfo/service_info.go:280	add instance of {namespace: "Polaris", service: "polaris.discover"}: 30.163.76.175:8080, status: healthy:true;isolate:false;weight:100
2026-08-05 10:34:30.740348Z	info	base	serviceinfo/service_info.go:280	add instance of {namespace: "Polaris", service: "polaris.discover"}: 11.143.46.186:8080, status: healthy:true;isolate:false;weight:100
2026-08-05 10:34:30.740351Z	info	base	serviceinfo/service_info.go:280	add instance of {namespace: "Polaris", service: "polaris.discover"}: 9.141.120.192:8081, status: healthy:true;isolate:false;weight:100
2026-08-05 10:34:30.740354Z	info	base	serviceinfo/service_info.go:280	add instance of {namespace: "Polaris", service: "polaris.discover"}: 30.163.76.200:8091, status: healthy:true;isolate:false;weight:100
2026-08-05 10:34:30.740356Z	info	base	serviceinfo/service_info.go:280	add instance of {namespace: "Polaris", service: "polaris.discover"}: 11.143.46.217:8081, status: healthy:true;isolate:false;weight:100
2026-08-05 10:34:30.740359Z	info	base	serviceinfo/service_info.go:280	add instance of {namespace: "Polaris", service: "polaris.discover"}: 11.140.162.82:8091, status: healthy:true;isolate:false;weight:100
2026-08-05 10:34:30.740362Z	info	base	serviceinfo/service_info.go:280	add instance of {namespace: "Polaris", service: "polaris.discover"}: 30.163.241.36:8081, status: healthy:true;isolate:false;weight:100
2026-08-05 10:34:30.740364Z	info	base	serviceinfo/service_info.go:280	add instance of {namespace: "Polaris", service: "polaris.discover"}: 11.143.46.139:8081, status: healthy:true;isolate:false;weight:100
2026-08-05 10:34:30.740367Z	info	base	serviceinfo/service_info.go:280	add instance of {namespace: "Polaris", service: "polaris.discover"}: 30.163.241.93:8080, status: healthy:true;isolate:false;weight:100
2026-08-05 10:34:30.740369Z	info	base	serviceinfo/service_info.go:280	add instance of {namespace: "Polaris", service: "polaris.discover"}: 11.143.52.33:8080, status: healthy:true;isolate:false;weight:100
2026-08-05 10:34:30.740372Z	info	base	serviceinfo/service_info.go:280	add instance of {namespace: "Polaris", service: "polaris.discover"}: 9.141.112.101:8081, status: healthy:true;isolate:false;weight:100
2026-08-05 10:34:30.740375Z	info	base	serviceinfo/service_info.go:280	add instance of {namespace: "Polaris", service: "polaris.discover"}: 11.143.41.233:8081, status: healthy:true;isolate:false;weight:100
2026-08-05 10:34:30.740378Z	info	base	serviceinfo/service_info.go:280	add instance of {namespace: "Polaris", service: "polaris.discover"}: 11.143.52.137:8081, status: healthy:true;isolate:false;weight:100
2026-08-05 10:34:30.740380Z	info	base	serviceinfo/service_info.go:280	add instance of {namespace: "Polaris", service: "polaris.discover"}: 11.143.52.46:8081, status: healthy:true;isolate:false;weight:100
2026-08-05 10:34:30.740383Z	info	base	serviceinfo/service_info.go:280	add instance of {namespace: "Polaris", service: "polaris.discover"}: 11.143.52.33:8091, status: healthy:true;isolate:false;weight:100
2026-08-05 10:34:30.740385Z	info	base	serviceinfo/service_info.go:280	add instance of {namespace: "Polaris", service: "polaris.discover"}: 11.140.162.241:8091, status: healthy:true;isolate:false;weight:100
2026-08-05 10:34:30.740388Z	info	base	serviceinfo/service_info.go:280	add instance of {namespace: "Polaris", service: "polaris.discover"}: 30.163.241.78:8091, status: healthy:true;isolate:false;weight:100
2026-08-05 10:34:30.740391Z	info	base	serviceinfo/service_info.go:280	add instance of {namespace: "Polaris", service: "polaris.discover"}: 30.163.241.46:8081, status: healthy:true;isolate:false;weight:100
2026-08-05 10:34:30.740397Z	info	base	serviceinfo/service_info.go:280	add instance of {namespace: "Polaris", service: "polaris.discover"}: 11.143.46.237:8081, status: healthy:true;isolate:false;weight:100
2026-08-05 10:34:30.740400Z	info	base	serviceinfo/service_info.go:280	add instance of {namespace: "Polaris", service: "polaris.discover"}: 11.181.42.102:8080, status: healthy:true;isolate:false;weight:100
2026-08-05 10:34:30.740402Z	info	base	serviceinfo/service_info.go:280	add instance of {namespace: "Polaris", service: "polaris.discover"}: 30.163.76.175:8091, status: healthy:true;isolate:false;weight:100
2026-08-05 10:34:30.740405Z	info	base	serviceinfo/service_info.go:280	add instance of {namespace: "Polaris", service: "polaris.discover"}: 9.141.112.228:8081, status: healthy:true;isolate:false;weight:100
2026-08-05 10:34:30.740407Z	info	base	serviceinfo/service_info.go:280	add instance of {namespace: "Polaris", service: "polaris.discover"}: 11.143.46.177:8080, status: healthy:true;isolate:false;weight:100
2026-08-05 10:34:30.740410Z	info	base	serviceinfo/service_info.go:280	add instance of {namespace: "Polaris", service: "polaris.discover"}: 9.141.100.40:8091, status: healthy:true;isolate:false;weight:100
2026-08-05 10:34:30.740413Z	info	base	serviceinfo/service_info.go:280	add instance of {namespace: "Polaris", service: "polaris.discover"}: 11.146.16.15:8091, status: healthy:true;isolate:false;weight:100
2026-08-05 10:34:30.740415Z	info	base	serviceinfo/service_info.go:280	add instance of {namespace: "Polaris", service: "polaris.discover"}: 9.141.112.55:8091, status: healthy:true;isolate:false;weight:100
2026-08-05 10:34:30.740418Z	info	base	serviceinfo/service_info.go:280	add instance of {namespace: "Polaris", service: "polaris.discover"}: 11.146.16.180:8081, status: healthy:true;isolate:false;weight:100
2026-08-05 10:34:30.740420Z	info	base	serviceinfo/service_info.go:280	add instance of {namespace: "Polaris", service: "polaris.discover"}: 30.163.61.135:8081, status: healthy:true;isolate:false;weight:100
2026-08-05 10:34:30.740423Z	info	base	serviceinfo/service_info.go:280	add instance of {namespace: "Polaris", service: "polaris.discover"}: 11.143.46.238:8081, status: healthy:true;isolate:false;weight:100
2026-08-05 10:34:30.740426Z	info	base	serviceinfo/service_info.go:280	add instance of {namespace: "Polaris", service: "polaris.discover"}: 9.141.66.92:8081, status: healthy:true;isolate:false;weight:100
2026-08-05 10:34:30.740428Z	info	base	serviceinfo/service_info.go:280	add instance of {namespace: "Polaris", service: "polaris.discover"}: 11.143.46.235:8081, status: healthy:true;isolate:false;weight:100
2026-08-05 10:34:30.740431Z	info	base	serviceinfo/service_info.go:280	add instance of {namespace: "Polaris", service: "polaris.discover"}: 30.163.241.36:8091, status: healthy:true;isolate:false;weight:100
2026-08-05 10:34:30.740436Z	info	base	serviceinfo/service_info.go:280	add instance of {namespace: "Polaris", service: "polaris.discover"}: 9.141.115.86:8081, status: healthy:true;isolate:false;weight:100
2026-08-05 10:34:30.740439Z	info	base	serviceinfo/service_info.go:280	add instance of {namespace: "Polaris", service: "polaris.discover"}: 30.163.241.139:8091, status: healthy:true;isolate:false;weight:100
2026-08-05 10:34:30.740442Z	info	base	serviceinfo/service_info.go:280	add instance of {namespace: "Polaris", service: "polaris.discover"}: 30.163.241.118:8080, status: healthy:true;isolate:false;weight:100
2026-08-05 10:34:30.740444Z	info	base	serviceinfo/service_info.go:280	add instance of {namespace: "Polaris", service: "polaris.discover"}: 30.163.241.148:8081, status: healthy:true;isolate:false;weight:100
2026-08-05 10:34:30.740447Z	info	base	serviceinfo/service_info.go:280	add instance of {namespace: "Polaris", service: "polaris.discover"}: 11.143.46.235:8080, status: healthy:true;isolate:false;weight:100
2026-08-05 10:34:30.740450Z	info	base	serviceinfo/service_info.go:280	add instance of {namespace: "Polaris", service: "polaris.discover"}: 11.143.46.178:8081, status: healthy:true;isolate:false;weight:100
2026-08-05 10:34:30.740455Z	info	base	serviceinfo/service_info.go:280	add instance of {namespace: "Polaris", service: "polaris.discover"}: 30.163.76.175:8081, status: healthy:true;isolate:false;weight:100
2026-08-05 10:34:30.740459Z	info	base	serviceinfo/service_info.go:280	add instance of {namespace: "Polaris", service: "polaris.discover"}: 30.163.241.119:8091, status: healthy:true;isolate:false;weight:100
2026-08-05 10:34:30.740462Z	info	base	serviceinfo/service_info.go:280	add instance of {namespace: "Polaris", service: "polaris.discover"}: 30.163.241.65:8081, status: healthy:true;isolate:false;weight:100
2026-08-05 10:34:30.740464Z	info	base	serviceinfo/service_info.go:280	add instance of {namespace: "Polaris", service: "polaris.discover"}: 30.163.241.118:8081, status: healthy:true;isolate:false;weight:100
2026-08-05 10:34:30.740467Z	info	base	serviceinfo/service_info.go:280	add instance of {namespace: "Polaris", service: "polaris.discover"}: 30.163.241.147:8081, status: healthy:true;isolate:false;weight:100
2026-08-05 10:34:30.740469Z	info	base	serviceinfo/service_info.go:280	add instance of {namespace: "Polaris", service: "polaris.discover"}: 9.141.112.228:8091, status: healthy:true;isolate:false;weight:100
2026-08-05 10:34:30.740472Z	info	base	serviceinfo/service_info.go:280	add instance of {namespace: "Polaris", service: "polaris.discover"}: 11.140.162.11:8091, status: healthy:true;isolate:false;weight:100
2026-08-05 10:34:30.740475Z	info	base	serviceinfo/service_info.go:280	add instance of {namespace: "Polaris", service: "polaris.discover"}: 9.141.64.229:8080, status: healthy:true;isolate:false;weight:100
2026-08-05 10:34:30.740477Z	info	base	serviceinfo/service_info.go:280	add instance of {namespace: "Polaris", service: "polaris.discover"}: 11.143.52.33:8081, status: healthy:true;isolate:false;weight:100
2026-08-05 10:34:30.740480Z	info	base	serviceinfo/service_info.go:280	add instance of {namespace: "Polaris", service: "polaris.discover"}: 11.143.46.177:8081, status: healthy:true;isolate:false;weight:100
2026-08-05 10:34:30.740482Z	info	base	serviceinfo/service_info.go:280	add instance of {namespace: "Polaris", service: "polaris.discover"}: 30.163.241.119:8081, status: healthy:true;isolate:false;weight:100
2026-08-05 10:34:30.740485Z	info	base	serviceinfo/service_info.go:280	add instance of {namespace: "Polaris", service: "polaris.discover"}: 11.140.162.241:8080, status: healthy:true;isolate:false;weight:100
2026-08-05 10:34:30.740487Z	info	base	serviceinfo/service_info.go:280	add instance of {namespace: "Polaris", service: "polaris.discover"}: 9.141.115.145:8080, status: healthy:true;isolate:false;weight:100
2026-08-05 10:34:30.740490Z	info	base	serviceinfo/service_info.go:280	add instance of {namespace: "Polaris", service: "polaris.discover"}: 9.141.115.86:8080, status: healthy:true;isolate:false;weight:100
2026-08-05 10:34:30.740492Z	info	base	serviceinfo/service_info.go:280	add instance of {namespace: "Polaris", service: "polaris.discover"}: 11.146.16.99:8091, status: healthy:true;isolate:false;weight:100
2026-08-05 10:34:30.740495Z	info	base	serviceinfo/service_info.go:280	add instance of {namespace: "Polaris", service: "polaris.discover"}: 30.160.192.175:8091, status: healthy:true;isolate:false;weight:100
2026-08-05 10:34:30.740497Z	info	base	serviceinfo/service_info.go:280	add instance of {namespace: "Polaris", service: "polaris.discover"}: 30.163.241.238:8091, status: healthy:true;isolate:false;weight:100
2026-08-05 10:34:30.740500Z	info	base	serviceinfo/service_info.go:280	add instance of {namespace: "Polaris", service: "polaris.discover"}: 30.163.241.148:8091, status: healthy:true;isolate:false;weight:100
2026-08-05 10:34:30.740503Z	info	base	serviceinfo/service_info.go:280	add instance of {namespace: "Polaris", service: "polaris.discover"}: 30.163.61.120:8091, status: healthy:true;isolate:false;weight:100
2026-08-05 10:34:30.740505Z	info	base	serviceinfo/service_info.go:280	add instance of {namespace: "Polaris", service: "polaris.discover"}: 11.140.162.82:8081, status: healthy:true;isolate:false;weight:100
2026-08-05 10:34:30.740512Z	info	base	serviceinfo/service_info.go:280	add instance of {namespace: "Polaris", service: "polaris.discover"}: 11.143.52.162:8080, status: healthy:true;isolate:false;weight:100
2026-08-05 10:34:30.740515Z	info	base	serviceinfo/service_info.go:280	add instance of {namespace: "Polaris", service: "polaris.discover"}: 30.160.241.254:8091, status: healthy:true;isolate:false;weight:100
2026-08-05 10:34:30.740518Z	info	base	serviceinfo/service_info.go:280	add instance of {namespace: "Polaris", service: "polaris.discover"}: 30.163.241.139:8080, status: healthy:true;isolate:false;weight:100
2026-08-05 10:34:30.740520Z	info	base	serviceinfo/service_info.go:280	add instance of {namespace: "Polaris", service: "polaris.discover"}: 21.200.76.73:8091, status: healthy:true;isolate:false;weight:100
2026-08-05 10:34:30.740523Z	info	base	serviceinfo/service_info.go:280	add instance of {namespace: "Polaris", service: "polaris.discover"}: 9.141.120.202:8080, status: healthy:true;isolate:false;weight:100
2026-08-05 10:34:30.740526Z	info	base	serviceinfo/service_info.go:280	add instance of {namespace: "Polaris", service: "polaris.discover"}: 11.143.46.139:8091, status: healthy:true;isolate:false;weight:100
2026-08-05 10:34:30.740528Z	info	base	serviceinfo/service_info.go:280	add instance of {namespace: "Polaris", service: "polaris.discover"}: 21.200.76.73:8080, status: healthy:true;isolate:false;weight:100
2026-08-05 10:34:30.740531Z	info	base	serviceinfo/service_info.go:280	add instance of {namespace: "Polaris", service: "polaris.discover"}: 11.143.52.113:8091, status: healthy:true;isolate:false;weight:100
2026-08-05 10:34:30.740534Z	info	base	serviceinfo/service_info.go:280	add instance of {namespace: "Polaris", service: "polaris.discover"}: 9.141.115.86:8091, status: healthy:true;isolate:false;weight:100
2026-08-05 10:34:30.740536Z	info	base	serviceinfo/service_info.go:280	add instance of {namespace: "Polaris", service: "polaris.discover"}: 9.141.115.145:8081, status: healthy:true;isolate:false;weight:100
2026-08-05 10:34:30.740539Z	info	base	serviceinfo/service_info.go:280	add instance of {namespace: "Polaris", service: "polaris.discover"}: 11.143.46.201:8081, status: healthy:true;isolate:false;weight:100
2026-08-05 10:34:30.740541Z	info	base	serviceinfo/service_info.go:280	add instance of {namespace: "Polaris", service: "polaris.discover"}: 30.163.241.65:8080, status: healthy:true;isolate:false;weight:100
2026-08-05 10:34:30.740544Z	info	base	serviceinfo/service_info.go:280	add instance of {namespace: "Polaris", service: "polaris.discover"}: 11.140.162.37:8080, status: healthy:true;isolate:false;weight:100
2026-08-05 10:34:30.740546Z	info	base	serviceinfo/service_info.go:280	add instance of {namespace: "Polaris", service: "polaris.discover"}: 30.163.241.9:8081, status: healthy:true;isolate:false;weight:100
2026-08-05 10:34:30.740549Z	info	base	serviceinfo/service_info.go:280	add instance of {namespace: "Polaris", service: "polaris.discover"}: 11.143.52.9:8091, status: healthy:true;isolate:false;weight:100
2026-08-05 10:34:30.740551Z	info	base	serviceinfo/service_info.go:280	add instance of {namespace: "Polaris", service: "polaris.discover"}: 30.163.241.9:8080, status: healthy:true;isolate:false;weight:100
2026-08-05 10:34:30.740554Z	info	base	serviceinfo/service_info.go:280	add instance of {namespace: "Polaris", service: "polaris.discover"}: 9.141.112.108:8091, status: healthy:true;isolate:false;weight:100
2026-08-05 10:34:30.740556Z	info	base	serviceinfo/service_info.go:280	add instance of {namespace: "Polaris", service: "polaris.discover"}: 9.141.115.148:8080, status: healthy:true;isolate:false;weight:100
2026-08-05 10:34:30.740559Z	info	base	serviceinfo/service_info.go:280	add instance of {namespace: "Polaris", service: "polaris.discover"}: 9.141.120.169:8080, status: healthy:true;isolate:false;weight:100
2026-08-05 10:34:30.740561Z	info	base	serviceinfo/service_info.go:280	add instance of {namespace: "Polaris", service: "polaris.discover"}: 9.141.120.202:8081, status: healthy:true;isolate:false;weight:100
2026-08-05 10:34:30.740567Z	info	base	serviceinfo/service_info.go:280	add instance of {namespace: "Polaris", service: "polaris.discover"}: 9.141.100.83:8091, status: healthy:true;isolate:false;weight:100
2026-08-05 10:34:30.740569Z	info	base	serviceinfo/service_info.go:280	add instance of {namespace: "Polaris", service: "polaris.discover"}: 30.160.192.175:8081, status: healthy:true;isolate:false;weight:100
2026-08-05 10:34:30.740572Z	info	base	serviceinfo/service_info.go:280	add instance of {namespace: "Polaris", service: "polaris.discover"}: 9.141.120.2:8080, status: healthy:true;isolate:false;weight:100
2026-08-05 10:34:30.740574Z	info	base	serviceinfo/service_info.go:280	add instance of {namespace: "Polaris", service: "polaris.discover"}: 9.141.66.92:8091, status: healthy:true;isolate:false;weight:100
2026-08-05 10:34:30.740577Z	info	base	serviceinfo/service_info.go:280	add instance of {namespace: "Polaris", service: "polaris.discover"}: 11.143.52.137:8080, status: healthy:true;isolate:false;weight:100
2026-08-05 10:34:30.740579Z	info	base	serviceinfo/service_info.go:280	add instance of {namespace: "Polaris", service: "polaris.discover"}: 30.163.241.78:8081, status: healthy:true;isolate:false;weight:100
2026-08-05 10:34:30.740582Z	info	base	serviceinfo/service_info.go:280	add instance of {namespace: "Polaris", service: "polaris.discover"}: 21.200.76.73:8081, status: healthy:true;isolate:false;weight:100
2026-08-05 10:34:30.740584Z	info	base	serviceinfo/service_info.go:280	add instance of {namespace: "Polaris", service: "polaris.discover"}: 30.160.193.207:8081, status: healthy:true;isolate:false;weight:100
2026-08-05 10:34:30.740587Z	info	base	serviceinfo/service_info.go:280	add instance of {namespace: "Polaris", service: "polaris.discover"}: 11.140.162.82:8080, status: healthy:true;isolate:false;weight:100
2026-08-05 10:34:30.740589Z	info	base	serviceinfo/service_info.go:280	add instance of {namespace: "Polaris", service: "polaris.discover"}: 30.163.241.93:8081, status: healthy:true;isolate:false;weight:100
2026-08-05 10:34:30.740593Z	info	base	serviceinfo/service_info.go:280	add instance of {namespace: "Polaris", service: "polaris.discover"}: 30.163.241.46:8080, status: healthy:true;isolate:false;weight:100
2026-08-05 10:34:30.740596Z	info	base	serviceinfo/service_info.go:280	add instance of {namespace: "Polaris", service: "polaris.discover"}: 11.143.46.186:8091, status: healthy:true;isolate:false;weight:100
2026-08-05 10:34:30.740598Z	info	base	serviceinfo/service_info.go:280	add instance of {namespace: "Polaris", service: "polaris.discover"}: 21.200.76.141:8081, status: healthy:true;isolate:false;weight:100
2026-08-05 10:34:30.740601Z	info	base	serviceinfo/service_info.go:280	add instance of {namespace: "Polaris", service: "polaris.discover"}: 9.141.100.40:8080, status: healthy:true;isolate:false;weight:100
2026-08-05 10:34:30.740603Z	info	base	serviceinfo/service_info.go:280	add instance of {namespace: "Polaris", service: "polaris.discover"}: 9.141.112.101:8091, status: healthy:true;isolate:false;weight:100
2026-08-05 10:34:30.740606Z	info	base	serviceinfo/service_info.go:280	add instance of {namespace: "Polaris", service: "polaris.discover"}: 21.200.76.141:8091, status: healthy:true;isolate:false;weight:100
2026-08-05 10:34:30.740608Z	info	base	serviceinfo/service_info.go:280	add instance of {namespace: "Polaris", service: "polaris.discover"}: 30.163.241.54:8091, status: healthy:true;isolate:false;weight:100
2026-08-05 10:34:30.740611Z	info	base	serviceinfo/service_info.go:280	add instance of {namespace: "Polaris", service: "polaris.discover"}: 9.141.115.114:8091, status: healthy:true;isolate:false;weight:100
2026-08-05 10:34:30.740614Z	info	base	serviceinfo/service_info.go:280	add instance of {namespace: "Polaris", service: "polaris.discover"}: 30.163.241.31:8081, status: healthy:true;isolate:false;weight:100
2026-08-05 10:34:30.740616Z	info	base	serviceinfo/service_info.go:280	add instance of {namespace: "Polaris", service: "polaris.discover"}: 30.163.241.54:8081, status: healthy:true;isolate:false;weight:100
2026-08-05 10:34:30.740621Z	info	base	serviceinfo/service_info.go:280	add instance of {namespace: "Polaris", service: "polaris.discover"}: 30.160.192.175:8080, status: healthy:true;isolate:false;weight:100
2026-08-05 10:34:30.740624Z	info	base	serviceinfo/service_info.go:280	add instance of {namespace: "Polaris", service: "polaris.discover"}: 30.163.241.110:8081, status: healthy:true;isolate:false;weight:100
2026-08-05 10:34:30.740626Z	info	base	serviceinfo/service_info.go:280	add instance of {namespace: "Polaris", service: "polaris.discover"}: 9.141.64.219:8091, status: healthy:true;isolate:false;weight:100
2026-08-05 10:34:30.740629Z	info	base	serviceinfo/service_info.go:280	add instance of {namespace: "Polaris", service: "polaris.discover"}: 11.143.46.130:8080, status: healthy:true;isolate:false;weight:100
2026-08-05 10:34:30.740631Z	info	base	serviceinfo/service_info.go:280	add instance of {namespace: "Polaris", service: "polaris.discover"}: 9.141.112.229:8091, status: healthy:true;isolate:false;weight:100
2026-08-05 10:34:30.740634Z	info	base	serviceinfo/service_info.go:280	add instance of {namespace: "Polaris", service: "polaris.discover"}: 11.143.52.61:8091, status: healthy:true;isolate:false;weight:100
2026-08-05 10:34:30.740636Z	info	base	serviceinfo/service_info.go:280	add instance of {namespace: "Polaris", service: "polaris.discover"}: 30.163.76.200:8080, status: healthy:true;isolate:false;weight:100
2026-08-05 10:34:30.740639Z	info	base	serviceinfo/service_info.go:280	add instance of {namespace: "Polaris", service: "polaris.discover"}: 30.163.241.36:8080, status: healthy:true;isolate:false;weight:100
2026-08-05 10:34:30.740641Z	info	base	serviceinfo/service_info.go:280	add instance of {namespace: "Polaris", service: "polaris.discover"}: 11.181.40.156:8080, status: healthy:true;isolate:false;weight:100
2026-08-05 10:34:30.740644Z	info	base	serviceinfo/service_info.go:280	add instance of {namespace: "Polaris", service: "polaris.discover"}: 30.163.241.147:8080, status: healthy:true;isolate:false;weight:100
2026-08-05 10:34:30.740646Z	info	base	serviceinfo/service_info.go:280	add instance of {namespace: "Polaris", service: "polaris.discover"}: 11.143.52.162:8091, status: healthy:true;isolate:false;weight:100
2026-08-05 10:34:30.740649Z	info	base	serviceinfo/service_info.go:280	add instance of {namespace: "Polaris", service: "polaris.discover"}: 30.163.241.31:8080, status: healthy:true;isolate:false;weight:100
2026-08-05 10:34:30.740651Z	info	base	serviceinfo/service_info.go:280	add instance of {namespace: "Polaris", service: "polaris.discover"}: 9.141.100.40:8081, status: healthy:true;isolate:false;weight:100
2026-08-05 10:34:30.740654Z	info	base	serviceinfo/service_info.go:280	add instance of {namespace: "Polaris", service: "polaris.discover"}: 30.163.241.55:8080, status: healthy:true;isolate:false;weight:100
2026-08-05 10:34:30.740656Z	info	base	serviceinfo/service_info.go:280	add instance of {namespace: "Polaris", service: "polaris.discover"}: 30.163.87.177:8081, status: healthy:true;isolate:false;weight:100
2026-08-05 10:34:30.740659Z	info	base	serviceinfo/service_info.go:280	add instance of {namespace: "Polaris", service: "polaris.discover"}: 9.141.84.195:8091, status: healthy:true;isolate:false;weight:100
2026-08-05 10:34:30.740661Z	info	base	serviceinfo/service_info.go:280	add instance of {namespace: "Polaris", service: "polaris.discover"}: 9.141.112.101:8080, status: healthy:true;isolate:false;weight:100
2026-08-05 10:34:30.740664Z	info	base	serviceinfo/service_info.go:280	add instance of {namespace: "Polaris", service: "polaris.discover"}: 9.141.112.79:8080, status: healthy:true;isolate:false;weight:100
2026-08-05 10:34:30.740666Z	info	base	serviceinfo/service_info.go:280	add instance of {namespace: "Polaris", service: "polaris.discover"}: 30.163.241.12:8081, status: healthy:true;isolate:false;weight:100
2026-08-05 10:34:30.740669Z	info	base	serviceinfo/service_info.go:280	add instance of {namespace: "Polaris", service: "polaris.discover"}: 9.141.120.169:8081, status: healthy:true;isolate:false;weight:100
2026-08-05 10:34:30.740674Z	info	base	serviceinfo/service_info.go:280	add instance of {namespace: "Polaris", service: "polaris.discover"}: 11.146.16.15:8081, status: healthy:true;isolate:false;weight:100
2026-08-05 10:34:30.740676Z	info	base	serviceinfo/service_info.go:280	add instance of {namespace: "Polaris", service: "polaris.discover"}: 30.160.193.207:8080, status: healthy:true;isolate:false;weight:100
2026-08-05 10:34:30.740679Z	info	base	serviceinfo/service_info.go:280	add instance of {namespace: "Polaris", service: "polaris.discover"}: 9.141.115.113:8080, status: healthy:true;isolate:false;weight:100
2026-08-05 10:34:30.740681Z	info	base	serviceinfo/service_info.go:280	add instance of {namespace: "Polaris", service: "polaris.discover"}: 11.181.40.156:8091, status: healthy:true;isolate:false;weight:100
2026-08-05 10:34:30.740684Z	info	base	serviceinfo/service_info.go:280	add instance of {namespace: "Polaris", service: "polaris.discover"}: 11.143.52.9:8080, status: healthy:true;isolate:false;weight:100
2026-08-05 10:34:30.740687Z	info	base	serviceinfo/service_info.go:280	add instance of {namespace: "Polaris", service: "polaris.discover"}: 30.163.241.238:8081, status: healthy:true;isolate:false;weight:100
2026-08-05 10:34:30.740689Z	info	base	serviceinfo/service_info.go:280	add instance of {namespace: "Polaris", service: "polaris.discover"}: 11.143.46.235:8091, status: healthy:true;isolate:false;weight:100
2026-08-05 10:34:30.740692Z	info	base	serviceinfo/service_info.go:280	add instance of {namespace: "Polaris", service: "polaris.discover"}: 30.163.76.200:8081, status: healthy:true;isolate:false;weight:100
2026-08-05 10:34:30.740694Z	info	base	serviceinfo/service_info.go:280	add instance of {namespace: "Polaris", service: "polaris.discover"}: 9.141.64.219:8081, status: healthy:true;isolate:false;weight:100
2026-08-05 10:34:30.740697Z	info	base	serviceinfo/service_info.go:280	add instance of {namespace: "Polaris", service: "polaris.discover"}: 11.181.42.102:8081, status: healthy:true;isolate:false;weight:100
2026-08-05 10:34:30.740699Z	info	base	serviceinfo/service_info.go:280	add instance of {namespace: "Polaris", service: "polaris.discover"}: 11.143.46.201:8091, status: healthy:true;isolate:false;weight:100
2026-08-05 10:34:30.740702Z	info	base	serviceinfo/service_info.go:280	add instance of {namespace: "Polaris", service: "polaris.discover"}: 9.141.112.229:8080, status: healthy:true;isolate:false;weight:100
2026-08-05 10:34:30.740705Z	info	base	serviceinfo/service_info.go:280	add instance of {namespace: "Polaris", service: "polaris.discover"}: 9.141.100.83:8081, status: healthy:true;isolate:false;weight:100
2026-08-05 10:34:30.740707Z	info	base	serviceinfo/service_info.go:280	add instance of {namespace: "Polaris", service: "polaris.discover"}: 30.163.87.177:8091, status: healthy:true;isolate:false;weight:100
2026-08-05 10:34:30.740710Z	info	base	serviceinfo/service_info.go:280	add instance of {namespace: "Polaris", service: "polaris.discover"}: 30.163.241.93:8091, status: healthy:true;isolate:false;weight:100
2026-08-05 10:34:30.740712Z	info	base	serviceinfo/service_info.go:280	add instance of {namespace: "Polaris", service: "polaris.discover"}: 11.143.46.240:8081, status: healthy:true;isolate:false;weight:100
2026-08-05 10:34:30.740715Z	info	base	serviceinfo/service_info.go:280	add instance of {namespace: "Polaris", service: "polaris.discover"}: 11.143.46.238:8091, status: healthy:true;isolate:false;weight:100
2026-08-05 10:34:30.740717Z	info	base	serviceinfo/service_info.go:280	add instance of {namespace: "Polaris", service: "polaris.discover"}: 11.181.40.156:8081, status: healthy:true;isolate:false;weight:100
2026-08-05 10:34:30.740720Z	info	base	serviceinfo/service_info.go:280	add instance of {namespace: "Polaris", service: "polaris.discover"}: 30.160.241.139:8081, status: healthy:true;isolate:false;weight:100
2026-08-05 10:34:30.740722Z	info	base	serviceinfo/service_info.go:280	add instance of {namespace: "Polaris", service: "polaris.discover"}: 30.163.241.125:8081, status: healthy:true;isolate:false;weight:100
2026-08-05 10:34:30.740729Z	info	base	serviceinfo/service_info.go:280	add instance of {namespace: "Polaris", service: "polaris.discover"}: 30.160.241.139:8091, status: healthy:true;isolate:false;weight:100
2026-08-05 10:34:30.740732Z	info	base	serviceinfo/service_info.go:280	add instance of {namespace: "Polaris", service: "polaris.discover"}: 30.163.61.120:8080, status: healthy:true;isolate:false;weight:100
2026-08-05 10:34:30.740735Z	info	base	serviceinfo/service_info.go:280	add instance of {namespace: "Polaris", service: "polaris.discover"}: 9.141.100.70:8081, status: healthy:true;isolate:false;weight:100
2026-08-05 10:34:30.740737Z	info	base	serviceinfo/service_info.go:280	add instance of {namespace: "Polaris", service: "polaris.discover"}: 11.143.46.240:8080, status: healthy:true;isolate:false;weight:100
2026-08-05 10:34:30.740740Z	info	base	serviceinfo/service_info.go:280	add instance of {namespace: "Polaris", service: "polaris.discover"}: 30.163.241.78:8080, status: healthy:true;isolate:false;weight:100
2026-08-05 10:34:30.740742Z	info	base	serviceinfo/service_info.go:280	add instance of {namespace: "Polaris", service: "polaris.discover"}: 30.163.241.118:8091, status: healthy:true;isolate:false;weight:100
2026-08-05 10:34:30.740745Z	info	base	serviceinfo/service_info.go:280	add instance of {namespace: "Polaris", service: "polaris.discover"}: 11.140.162.37:8091, status: healthy:true;isolate:false;weight:100
2026-08-05 10:34:30.740747Z	info	base	serviceinfo/service_info.go:280	add instance of {namespace: "Polaris", service: "polaris.discover"}: 30.163.241.31:8091, status: healthy:true;isolate:false;weight:100
2026-08-05 10:34:30.740750Z	info	base	serviceinfo/service_info.go:280	add instance of {namespace: "Polaris", service: "polaris.discover"}: 30.163.241.40:8080, status: healthy:true;isolate:false;weight:100
2026-08-05 10:34:30.740753Z	info	base	serviceinfo/service_info.go:280	add instance of {namespace: "Polaris", service: "polaris.discover"}: 30.160.241.254:8080, status: healthy:true;isolate:false;weight:100
2026-08-05 10:34:30.740755Z	info	base	serviceinfo/service_info.go:280	add instance of {namespace: "Polaris", service: "polaris.discover"}: 9.141.115.167:8080, status: healthy:true;isolate:false;weight:100
2026-08-05 10:34:30.740758Z	info	base	serviceinfo/service_info.go:280	add instance of {namespace: "Polaris", service: "polaris.discover"}: 9.141.115.148:8091, status: healthy:true;isolate:false;weight:100
2026-08-05 10:34:30.740760Z	info	base	serviceinfo/service_info.go:280	add instance of {namespace: "Polaris", service: "polaris.discover"}: 9.141.115.114:8081, status: healthy:true;isolate:false;weight:100
2026-08-05 10:34:30.740763Z	info	base	serviceinfo/service_info.go:280	add instance of {namespace: "Polaris", service: "polaris.discover"}: 30.163.241.125:8080, status: healthy:true;isolate:false;weight:100
2026-08-05 10:34:30.740765Z	info	base	serviceinfo/service_info.go:280	add instance of {namespace: "Polaris", service: "polaris.discover"}: 11.143.46.139:8080, status: healthy:true;isolate:false;weight:100
2026-08-05 10:34:30.740768Z	info	base	serviceinfo/service_info.go:280	add instance of {namespace: "Polaris", service: "polaris.discover"}: 11.143.46.201:8080, status: healthy:true;isolate:false;weight:100
2026-08-05 10:34:30.740770Z	info	base	serviceinfo/service_info.go:280	add instance of {namespace: "Polaris", service: "polaris.discover"}: 30.163.241.238:8080, status: healthy:true;isolate:false;weight:100
2026-08-05 10:34:30.740773Z	info	base	serviceinfo/service_info.go:280	add instance of {namespace: "Polaris", service: "polaris.discover"}: 11.143.46.237:8080, status: healthy:true;isolate:false;weight:100
2026-08-05 10:34:30.740775Z	info	base	serviceinfo/service_info.go:280	add instance of {namespace: "Polaris", service: "polaris.discover"}: 9.141.115.114:8080, status: healthy:true;isolate:false;weight:100
2026-08-05 10:34:30.740778Z	info	base	serviceinfo/service_info.go:280	add instance of {namespace: "Polaris", service: "polaris.discover"}: 9.141.115.167:8091, status: healthy:true;isolate:false;weight:100
2026-08-05 10:34:30.740783Z	info	base	serviceinfo/service_info.go:280	add instance of {namespace: "Polaris", service: "polaris.discover"}: 9.141.115.148:8081, status: healthy:true;isolate:false;weight:100
2026-08-05 10:34:30.740785Z	info	base	serviceinfo/service_info.go:280	add instance of {namespace: "Polaris", service: "polaris.discover"}: 11.140.162.37:8081, status: healthy:true;isolate:false;weight:100
2026-08-05 10:34:30.740788Z	info	base	serviceinfo/service_info.go:280	add instance of {namespace: "Polaris", service: "polaris.discover"}: 9.141.112.79:8091, status: healthy:true;isolate:false;weight:100
2026-08-05 10:34:30.740791Z	info	base	serviceinfo/service_info.go:280	add instance of {namespace: "Polaris", service: "polaris.discover"}: 9.141.115.167:8081, status: healthy:true;isolate:false;weight:100
2026-08-05 10:34:30.740793Z	info	base	serviceinfo/service_info.go:280	add instance of {namespace: "Polaris", service: "polaris.discover"}: 9.141.84.195:8081, status: healthy:true;isolate:false;weight:100
2026-08-05 10:34:30.740796Z	info	base	serviceinfo/service_info.go:280	add instance of {namespace: "Polaris", service: "polaris.discover"}: 30.163.241.46:8091, status: healthy:true;isolate:false;weight:100
2026-08-05 10:34:30.740798Z	info	base	serviceinfo/service_info.go:280	add instance of {namespace: "Polaris", service: "polaris.discover"}: 9.141.120.201:8091, status: healthy:true;isolate:false;weight:100
2026-08-05 10:34:30.740801Z	info	base	serviceinfo/service_info.go:280	add instance of {namespace: "Polaris", service: "polaris.discover"}: 30.163.87.177:8080, status: healthy:true;isolate:false;weight:100
2026-08-05 10:34:30.740804Z	info	base	serviceinfo/service_info.go:280	add instance of {namespace: "Polaris", service: "polaris.discover"}: 9.141.100.83:8080, status: healthy:true;isolate:false;weight:100
2026-08-05 10:34:30.740806Z	info	base	serviceinfo/service_info.go:280	add instance of {namespace: "Polaris", service: "polaris.discover"}: 30.160.241.254:8081, status: healthy:true;isolate:false;weight:100
2026-08-05 10:34:30.740809Z	info	base	serviceinfo/service_info.go:280	add instance of {namespace: "Polaris", service: "polaris.discover"}: 11.143.46.186:8081, status: healthy:true;isolate:false;weight:100
2026-08-05 10:34:30.740811Z	info	base	serviceinfo/service_info.go:280	add instance of {namespace: "Polaris", service: "polaris.discover"}: 9.141.120.2:8081, status: healthy:true;isolate:false;weight:100
2026-08-05 10:34:30.740814Z	info	base	serviceinfo/service_info.go:280	add instance of {namespace: "Polaris", service: "polaris.discover"}: 11.146.16.99:8081, status: healthy:true;isolate:false;weight:100
2026-08-05 10:34:30.740816Z	info	base	serviceinfo/service_info.go:280	add instance of {namespace: "Polaris", service: "polaris.discover"}: 9.141.64.229:8081, status: healthy:true;isolate:false;weight:100
2026-08-05 10:34:30.740819Z	info	base	serviceinfo/service_info.go:280	add instance of {namespace: "Polaris", service: "polaris.discover"}: 30.163.241.55:8091, status: healthy:true;isolate:false;weight:100
2026-08-05 10:34:30.740821Z	info	base	serviceinfo/service_info.go:280	add instance of {namespace: "Polaris", service: "polaris.discover"}: 30.163.61.101:8091, status: healthy:true;isolate:false;weight:100
2026-08-05 10:34:30.740824Z	info	base	serviceinfo/service_info.go:280	add instance of {namespace: "Polaris", service: "polaris.discover"}: 9.141.112.108:8080, status: healthy:true;isolate:false;weight:100
2026-08-05 10:34:30.740826Z	info	base	serviceinfo/service_info.go:280	add instance of {namespace: "Polaris", service: "polaris.discover"}: 11.146.16.180:8080, status: healthy:true;isolate:false;weight:100
2026-08-05 10:34:30.740829Z	info	base	serviceinfo/service_info.go:280	add instance of {namespace: "Polaris", service: "polaris.discover"}: 9.141.64.229:8091, status: healthy:true;isolate:false;weight:100
2026-08-05 10:34:30.740833Z	info	base	serviceinfo/service_info.go:280	add instance of {namespace: "Polaris", service: "polaris.discover"}: 11.143.46.240:8091, status: healthy:true;isolate:false;weight:100
2026-08-05 10:34:30.740838Z	info	base	serviceinfo/service_info.go:280	add instance of {namespace: "Polaris", service: "polaris.discover"}: 30.163.241.9:8091, status: healthy:true;isolate:false;weight:100
2026-08-05 10:34:30.740840Z	info	base	serviceinfo/service_info.go:280	add instance of {namespace: "Polaris", service: "polaris.discover"}: 11.143.41.233:8080, status: healthy:true;isolate:false;weight:100
2026-08-05 10:34:30.740843Z	info	base	serviceinfo/service_info.go:280	add instance of {namespace: "Polaris", service: "polaris.discover"}: 9.141.64.219:8080, status: healthy:true;isolate:false;weight:100
2026-08-05 10:34:30.740845Z	info	base	serviceinfo/service_info.go:280	add instance of {namespace: "Polaris", service: "polaris.discover"}: 9.141.84.195:8080, status: healthy:true;isolate:false;weight:100
2026-08-05 10:34:30.740848Z	info	base	serviceinfo/service_info.go:280	add instance of {namespace: "Polaris", service: "polaris.discover"}: 30.163.241.40:8091, status: healthy:true;isolate:false;weight:100
2026-08-05 10:34:30.740851Z	info	base	serviceinfo/service_info.go:280	add instance of {namespace: "Polaris", service: "polaris.discover"}: 11.146.16.15:8080, status: healthy:true;isolate:false;weight:100
2026-08-05 10:34:30.740853Z	info	base	serviceinfo/service_info.go:280	add instance of {namespace: "Polaris", service: "polaris.discover"}: 11.143.46.130:8081, status: healthy:true;isolate:false;weight:100
2026-08-05 10:34:30.740856Z	info	base	serviceinfo/service_info.go:280	add instance of {namespace: "Polaris", service: "polaris.discover"}: 11.146.16.99:8080, status: healthy:true;isolate:false;weight:100
2026-08-05 10:34:30.740858Z	info	base	serviceinfo/service_info.go:280	add instance of {namespace: "Polaris", service: "polaris.discover"}: 30.163.241.110:8080, status: healthy:true;isolate:false;weight:100
2026-08-05 10:34:30.740861Z	info	base	serviceinfo/service_info.go:280	add instance of {namespace: "Polaris", service: "polaris.discover"}: 9.141.112.228:8080, status: healthy:true;isolate:false;weight:100
2026-08-05 10:34:30.740863Z	info	base	serviceinfo/service_info.go:280	add instance of {namespace: "Polaris", service: "polaris.discover"}: 9.141.115.113:8091, status: healthy:true;isolate:false;weight:100
2026-08-05 10:34:30.740866Z	info	base	serviceinfo/service_info.go:280	add instance of {namespace: "Polaris", service: "polaris.discover"}: 11.143.46.217:8091, status: healthy:true;isolate:false;weight:100
2026-08-05 10:34:30.740868Z	info	base	serviceinfo/service_info.go:280	add instance of {namespace: "Polaris", service: "polaris.discover"}: 9.141.112.79:8081, status: healthy:true;isolate:false;weight:100
2026-08-05 10:34:30.740871Z	info	base	serviceinfo/service_info.go:280	add instance of {namespace: "Polaris", service: "polaris.discover"}: 30.160.192.7:8081, status: healthy:true;isolate:false;weight:100
2026-08-05 10:34:30.740873Z	info	base	serviceinfo/service_info.go:280	add instance of {namespace: "Polaris", service: "polaris.discover"}: 30.160.192.7:8080, status: healthy:true;isolate:false;weight:100
2026-08-05 10:34:30.740876Z	info	base	serviceinfo/service_info.go:280	add instance of {namespace: "Polaris", service: "polaris.discover"}: 9.141.120.192:8080, status: healthy:true;isolate:false;weight:100
2026-08-05 10:34:30.740878Z	info	base	serviceinfo/service_info.go:280	add instance of {namespace: "Polaris", service: "polaris.discover"}: 30.163.61.120:8081, status: healthy:true;isolate:false;weight:100
2026-08-05 10:34:30.740881Z	info	base	serviceinfo/service_info.go:280	add instance of {namespace: "Polaris", service: "polaris.discover"}: 11.140.162.241:8081, status: healthy:true;isolate:false;weight:100
2026-08-05 10:34:30.740884Z	info	base	serviceinfo/service_info.go:280	add instance of {namespace: "Polaris", service: "polaris.discover"}: 30.163.241.12:8091, status: healthy:true;isolate:false;weight:100
2026-08-05 10:34:30.740886Z	info	base	serviceinfo/service_info.go:280	add instance of {namespace: "Polaris", service: "polaris.discover"}: 9.141.120.201:8081, status: healthy:true;isolate:false;weight:100
2026-08-05 10:34:30.740891Z	info	base	serviceinfo/service_info.go:280	add instance of {namespace: "Polaris", service: "polaris.discover"}: 11.143.52.46:8091, status: healthy:true;isolate:false;weight:100
2026-08-05 10:34:30.740894Z	info	base	serviceinfo/service_info.go:280	add instance of {namespace: "Polaris", service: "polaris.discover"}: 30.163.241.147:8091, status: healthy:true;isolate:false;weight:100
2026-08-05 10:34:30.740897Z	info	base	serviceinfo/service_info.go:280	add instance of {namespace: "Polaris", service: "polaris.discover"}: 30.163.241.148:8080, status: healthy:true;isolate:false;weight:100
2026-08-05 10:34:30.740899Z	info	base	serviceinfo/service_info.go:280	add instance of {namespace: "Polaris", service: "polaris.discover"}: 9.141.112.108:8081, status: healthy:true;isolate:false;weight:100
2026-08-05 10:34:30.740902Z	info	base	serviceinfo/service_info.go:280	add instance of {namespace: "Polaris", service: "polaris.discover"}: 11.146.16.180:8091, status: healthy:true;isolate:false;weight:100
2026-08-05 10:34:30.740904Z	info	base	serviceinfo/service_info.go:280	add instance of {namespace: "Polaris", service: "polaris.discover"}: 9.141.120.201:8080, status: healthy:true;isolate:false;weight:100
2026-08-05 10:34:30.740907Z	info	base	serviceinfo/service_info.go:280	add instance of {namespace: "Polaris", service: "polaris.discover"}: 11.143.52.113:8081, status: healthy:true;isolate:false;weight:100
2026-08-05 10:34:30.740909Z	info	base	serviceinfo/service_info.go:280	add instance of {namespace: "Polaris", service: "polaris.discover"}: 11.143.46.178:8091, status: healthy:true;isolate:false;weight:100
2026-08-05 10:34:30.740912Z	info	base	serviceinfo/service_info.go:280	add instance of {namespace: "Polaris", service: "polaris.discover"}: 9.141.120.202:8091, status: healthy:true;isolate:false;weight:100
2026-08-05 10:34:30.740914Z	info	base	serviceinfo/service_info.go:280	add instance of {namespace: "Polaris", service: "polaris.discover"}: 30.163.61.135:8091, status: healthy:true;isolate:false;weight:100
2026-08-05 10:34:30.740917Z	info	base	serviceinfo/service_info.go:280	add instance of {namespace: "Polaris", service: "polaris.discover"}: 9.141.100.70:8080, status: healthy:true;isolate:false;weight:100
2026-08-05 10:34:30.740919Z	info	base	serviceinfo/service_info.go:280	add instance of {namespace: "Polaris", service: "polaris.discover"}: 9.141.112.55:8081, status: healthy:true;isolate:false;weight:100
2026-08-05 10:34:30.740922Z	info	base	serviceinfo/service_info.go:280	add instance of {namespace: "Polaris", service: "polaris.discover"}: 11.143.52.162:8081, status: healthy:true;isolate:false;weight:100
2026-08-05 10:34:30.740924Z	info	base	serviceinfo/service_info.go:280	add instance of {namespace: "Polaris", service: "polaris.discover"}: 11.143.52.137:8091, status: healthy:true;isolate:false;weight:100
2026-08-05 10:34:30.740927Z	info	base	serviceinfo/service_info.go:280	add instance of {namespace: "Polaris", service: "polaris.discover"}: 9.141.112.229:8081, status: healthy:true;isolate:false;weight:100
2026-08-05 10:34:30.740929Z	info	base	serviceinfo/service_info.go:280	add instance of {namespace: "Polaris", service: "polaris.discover"}: 9.141.66.92:8080, status: healthy:true;isolate:false;weight:100
2026-08-05 10:34:30.740931Z	info	base	serviceinfo/service_info.go:280	add instance of {namespace: "Polaris", service: "polaris.discover"}: 9.141.120.192:8091, status: healthy:true;isolate:false;weight:100
2026-08-05 10:34:30.740934Z	info	base	serviceinfo/service_info.go:280	add instance of {namespace: "Polaris", service: "polaris.discover"}: 30.163.241.125:8091, status: healthy:true;isolate:false;weight:100
2026-08-05 10:34:30.740936Z	info	base	serviceinfo/service_info.go:280	add instance of {namespace: "Polaris", service: "polaris.discover"}: 30.163.241.139:8081, status: healthy:true;isolate:false;weight:100
2026-08-05 10:34:30.740939Z	info	base	serviceinfo/service_info.go:280	add instance of {namespace: "Polaris", service: "polaris.discover"}: 21.200.76.141:8080, status: healthy:true;isolate:false;weight:100
2026-08-05 10:34:30.740945Z	info	base	serviceinfo/service_info.go:280	add instance of {namespace: "Polaris", service: "polaris.discover"}: 30.163.241.54:8080, status: healthy:true;isolate:false;weight:100
2026-08-05 10:34:30.740948Z	info	base	serviceinfo/service_info.go:280	add instance of {namespace: "Polaris", service: "polaris.discover"}: 30.163.241.55:8081, status: healthy:true;isolate:false;weight:100
2026-08-05 10:34:30.740950Z	info	base	serviceinfo/service_info.go:280	add instance of {namespace: "Polaris", service: "polaris.discover"}: 30.160.192.7:8091, status: healthy:true;isolate:false;weight:100
2026-08-05 10:34:30.740953Z	info	base	serviceinfo/service_info.go:280	add instance of {namespace: "Polaris", service: "polaris.discover"}: 11.143.46.130:8091, status: healthy:true;isolate:false;weight:100
2026-08-05 10:34:30.740956Z	info	base	serviceinfo/service_info.go:280	add instance of {namespace: "Polaris", service: "polaris.discover"}: 11.143.52.46:8080, status: healthy:true;isolate:false;weight:100
2026-08-05 10:34:30.740958Z	info	base	serviceinfo/service_info.go:280	add instance of {namespace: "Polaris", service: "polaris.discover"}: 11.143.52.9:8081, status: healthy:true;isolate:false;weight:100
2026-08-05 10:34:30.740961Z	info	base	serviceinfo/service_info.go:280	add instance of {namespace: "Polaris", service: "polaris.discover"}: 9.141.100.70:8091, status: healthy:true;isolate:false;weight:100
2026-08-05 10:34:30.740963Z	info	base	serviceinfo/service_info.go:280	add instance of {namespace: "Polaris", service: "polaris.discover"}: 30.163.61.101:8081, status: healthy:true;isolate:false;weight:100
2026-08-05 10:34:30.740966Z	info	base	serviceinfo/service_info.go:280	add instance of {namespace: "Polaris", service: "polaris.discover"}: 11.143.46.237:8091, status: healthy:true;isolate:false;weight:100
2026-08-05 10:34:30.740968Z	info	base	serviceinfo/service_info.go:280	add instance of {namespace: "Polaris", service: "polaris.discover"}: 11.143.46.217:8080, status: healthy:true;isolate:false;weight:100
2026-08-05 10:34:30.740971Z	info	base	serviceinfo/service_info.go:280	add instance of {namespace: "Polaris", service: "polaris.discover"}: 11.143.52.61:8080, status: healthy:true;isolate:false;weight:100
2026-08-05 10:34:30.740974Z	info	base	serviceinfo/service_info.go:280	add instance of {namespace: "Polaris", service: "polaris.discover"}: 30.163.241.119:8080, status: healthy:true;isolate:false;weight:100
2026-08-05 10:34:30.740976Z	info	base	serviceinfo/service_info.go:280	add instance of {namespace: "Polaris", service: "polaris.discover"}: 30.163.241.110:8091, status: healthy:true;isolate:false;weight:100
2026-08-05 10:34:30.740979Z	info	base	serviceinfo/service_info.go:280	add instance of {namespace: "Polaris", service: "polaris.discover"}: 30.163.241.40:8081, status: healthy:true;isolate:false;weight:100
2026-08-05 10:34:30.740981Z	info	base	serviceinfo/service_info.go:280	add instance of {namespace: "Polaris", service: "polaris.discover"}: 11.143.46.178:8080, status: healthy:true;isolate:false;weight:100
2026-08-05 10:34:30.740984Z	info	base	serviceinfo/service_info.go:280	add instance of {namespace: "Polaris", service: "polaris.discover"}: 11.143.41.233:8091, status: healthy:true;isolate:false;weight:100
2026-08-05 10:34:30.740986Z	info	base	serviceinfo/service_info.go:280	add instance of {namespace: "Polaris", service: "polaris.discover"}: 11.181.42.102:8091, status: healthy:true;isolate:false;weight:100
2026-08-05 10:34:30.740989Z	info	base	serviceinfo/service_info.go:280	add instance of {namespace: "Polaris", service: "polaris.discover"}: 30.163.61.101:8080, status: healthy:true;isolate:false;weight:100
2026-08-05 10:34:30.740991Z	info	base	serviceinfo/service_info.go:280	add instance of {namespace: "Polaris", service: "polaris.discover"}: 30.160.193.207:8091, status: healthy:true;isolate:false;weight:100
2026-08-05 10:34:30.740994Z	info	base	serviceinfo/service_info.go:280	add instance of {namespace: "Polaris", service: "polaris.discover"}: 11.140.162.11:8080, status: healthy:true;isolate:false;weight:100
2026-08-05 10:34:30.741002Z	info	base	schedule/routines.go:229	item {namespace: "Polaris", service: "polaris.discover"} in task circuitBreakTask has added
2026-08-05 10:34:30.741007Z	info	base	schedule/routines.go:113	task circuitBreakTask started priority
2026-08-05 10:34:30.741039Z	error	base	common/cache_persist.go:131	fail to load cache from file svcV2#Polaris#polaris.discover#routing.json, svcKey: {namespace: "Polaris", service: "polaris.discover", event: routing}, error is Fail to Stat the cache file name /Users/zhengbangli/polaris/backup/svcV2#Polaris#polaris.discover#routing.json:  stat /Users/zhengbangli/polaris/backup/svcV2#Polaris#polaris.discover#routing.json: no such file or directory
2026-08-05 10:34:30.741249Z	info	base	common/cache_persist.go:183	Start to load cache from /Users/zhengbangli/polaris/backup/svc#Polaris#polaris.discover#routing.json
2026-08-05 10:34:30.741888Z	info	base	inmemory/inmemory.go:1302	load message for {namespace: "Polaris", service: "polaris.discover", event: routing} from file svc#Polaris#polaris.discover#routing.json, cache file modify time: 2026-08-03 20:12:14.122709 +0800 CST, direct available: false 

2026-08-05 10:34:30.741902Z	info	base	inmemory/inmemory.go:612	17C43282-30D0-40E4-AAC8-0F81DD672265, start to register event handler for {namespace: "Polaris", service: "polaris.discover", event: routing}
2026-08-05 10:34:30.741911Z	info	base	common/register.go:53	17C43282-30D0-40E4-AAC8-0F81DD672265, addTask: start to add first task for {namespace: "Polaris", service: "polaris.discover", event: routing, initialized: firstTask}
2026-08-05 10:34:30.741919Z	info	base	common/register.go:66	17C43282-30D0-40E4-AAC8-0F81DD672265, addTask: finish add first task for {namespace: "Polaris", service: "polaris.discover", event: routing, initialized: firstTask}
2026-08-05 10:34:30.741923Z	info	base	inmemory/inmemory.go:614	17C43282-30D0-40E4-AAC8-0F81DD672265, finish register event handler for {namespace: "Polaris", service: "polaris.discover", event: routing}, err <nil>
2026-08-05 10:34:30.741931Z	info	base	network/impl.go:413	get connection of builtin for System
2026-08-05 10:34:30.743387Z	info	base	grpc/creator.go:101	localAddress from connection is 30.26.152.44:58975, IP is 30.26.152.44, hashValue is 9814335246260940990
2026-08-05 10:34:31.042215Z	warn	base	flow/sync_flow.go:181	retryTimes 0 equals maxRetryTimes 0, get {namespace: "Polaris", service: "polaris.discover"} from cache
2026-08-05 10:34:31.042483Z	info	base	network/impl.go:587	discover server updated to ready 1, event is {namespace: "Polaris", service: "polaris.discover", event: instance}
2026-08-05 10:34:31.042497Z	info	base	network/impl.go:587	discover server updated to ready 2, event is {namespace: "Polaris", service: "polaris.discover", event: routing}
2026-08-05 10:34:31.047396Z	info	base	grpc/operation_sync.go:181	17C43282-30D0-40E4-AAC8-0F81DD672265, waitDiscover: discover service is ready
2026-08-05 10:34:31.047427Z	info	base	network/impl.go:413	get connection of discover for ReportClient
2026-08-05 10:34:31.242410Z	info	base	network/impl.go:413	get connection of builtin for System
2026-08-05 10:34:31.347877Z	warn	base	flow/sync_flow.go:181	retryTimes 0 equals maxRetryTimes 0, get {namespace: "Polaris", service: "polaris.discover"} from cache
2026-08-05 10:34:31.732056Z	info	base	network/impl.go:413	get connection of monitor for ReportStat
2026-08-05 10:34:31.733470Z	info	base	common/cache_persist.go:183	Start to load cache from /Users/zhengbangli/polaris/backup/svcV2#Polaris#polaris.monitor#instance.json
2026-08-05 10:34:31.742682Z	info	base	pb/service.go:201	service Polaris::polaris.monitor nearby enabled
2026-08-05 10:34:31.742694Z	info	base	network/impl.go:413	get connection of builtin for System
2026-08-05 10:34:31.743077Z	warn	base	pb/service.go:235	service Polaris:polaris.monitor unmarshal slow start config fail EOF
2026-08-05 10:34:31.743105Z	info	base	inmemory/inmemory.go:1302	load message for {namespace: "Polaris", service: "polaris.monitor", event: instance} from file svcV2#Polaris#polaris.monitor#instance.json, cache file modify time: 2026-08-03 20:12:16.673624 +0800 CST, direct available: false 

2026-08-05 10:34:31.743125Z	info	base	inmemory/inmemory.go:612	17C43282-30D0-40E4-AAC8-0F81DD672265, start to register event handler for {namespace: "Polaris", service: "polaris.monitor", event: instance}
2026-08-05 10:34:31.743134Z	info	base	common/register.go:53	17C43282-30D0-40E4-AAC8-0F81DD672265, addTask: start to add first task for {namespace: "Polaris", service: "polaris.monitor", event: instance, initialized: firstTask}
2026-08-05 10:34:31.743141Z	info	base	common/register.go:66	17C43282-30D0-40E4-AAC8-0F81DD672265, addTask: finish add first task for {namespace: "Polaris", service: "polaris.monitor", event: instance, initialized: firstTask}
2026-08-05 10:34:31.743148Z	info	base	inmemory/inmemory.go:614	17C43282-30D0-40E4-AAC8-0F81DD672265, finish register event handler for {namespace: "Polaris", service: "polaris.monitor", event: instance}, err <nil>
2026-08-05 10:34:31.743166Z	info	base	common/discover.go:182	receive init task: {namespace: "Polaris", service: "polaris.monitor", event: instance, initialized: firstTask}
2026-08-05 10:34:31.743182Z	info	base	network/impl.go:413	get connection of discover for Discover
2026-08-05 10:34:31.743202Z	info	base	serviceinfo/service_info.go:277	service instances of {namespace: "Polaris", service: "polaris.monitor"} change, oldRevision , newRevision ea1cf66673b51382afa91b11f3568d001cd1ae9a, oldCount 0, newCount 404
2026-08-05 10:34:31.743208Z	info	base	serviceinfo/service_info.go:280	add instance of {namespace: "Polaris", service: "polaris.monitor"}: 9.136.55.192:8081, status: healthy:true;isolate:false;weight:100
2026-08-05 10:34:31.743211Z	info	base	serviceinfo/service_info.go:280	add instance of {namespace: "Polaris", service: "polaris.monitor"}: 21.106.233.85:8081, status: healthy:true;isolate:false;weight:100
2026-08-05 10:34:31.743214Z	info	base	serviceinfo/service_info.go:280	add instance of {namespace: "Polaris", service: "polaris.monitor"}: 11.142.156.190:8081, status: healthy:true;isolate:false;weight:100
2026-08-05 10:34:31.743217Z	info	base	serviceinfo/service_info.go:280	add instance of {namespace: "Polaris", service: "polaris.monitor"}: 11.142.156.188:8081, status: healthy:true;isolate:false;weight:100
2026-08-05 10:34:31.743220Z	info	base	serviceinfo/service_info.go:280	add instance of {namespace: "Polaris", service: "polaris.monitor"}: 9.141.115.23:8081, status: healthy:true;isolate:false;weight:100
2026-08-05 10:34:31.743223Z	info	base	serviceinfo/service_info.go:280	add instance of {namespace: "Polaris", service: "polaris.monitor"}: 21.21.137.248:8081, status: healthy:true;isolate:false;weight:100
2026-08-05 10:34:31.743226Z	info	base	serviceinfo/service_info.go:280	add instance of {namespace: "Polaris", service: "polaris.monitor"}: 9.136.29.175:8081, status: healthy:true;isolate:false;weight:100
2026-08-05 10:34:31.743228Z	info	base	serviceinfo/service_info.go:280	add instance of {namespace: "Polaris", service: "polaris.monitor"}: 9.141.113.199:8081, status: healthy:true;isolate:false;weight:100
2026-08-05 10:34:31.743231Z	info	base	serviceinfo/service_info.go:280	add instance of {namespace: "Polaris", service: "polaris.monitor"}: 9.141.65.30:8081, status: healthy:true;isolate:false;weight:100
2026-08-05 10:34:31.743234Z	info	base	serviceinfo/service_info.go:280	add instance of {namespace: "Polaris", service: "polaris.monitor"}: 11.135.192.210:8081, status: healthy:true;isolate:false;weight:100
2026-08-05 10:34:31.743236Z	info	base	serviceinfo/service_info.go:280	add instance of {namespace: "Polaris", service: "polaris.monitor"}: 21.21.137.216:8081, status: healthy:true;isolate:false;weight:100
2026-08-05 10:34:31.743239Z	info	base	serviceinfo/service_info.go:280	add instance of {namespace: "Polaris", service: "polaris.monitor"}: 30.160.241.61:8081, status: healthy:true;isolate:false;weight:100
2026-08-05 10:34:31.743242Z	info	base	serviceinfo/service_info.go:280	add instance of {namespace: "Polaris", service: "polaris.monitor"}: 11.59.215.162:8081, status: healthy:true;isolate:false;weight:100
2026-08-05 10:34:31.743245Z	info	base	serviceinfo/service_info.go:280	add instance of {namespace: "Polaris", service: "polaris.monitor"}: 9.141.115.124:8081, status: healthy:true;isolate:false;weight:100
2026-08-05 10:34:31.743248Z	info	base	serviceinfo/service_info.go:280	add instance of {namespace: "Polaris", service: "polaris.monitor"}: 9.141.115.30:8081, status: healthy:true;isolate:false;weight:100
2026-08-05 10:34:31.743250Z	info	base	serviceinfo/service_info.go:280	add instance of {namespace: "Polaris", service: "polaris.monitor"}: 9.136.29.167:8081, status: healthy:true;isolate:false;weight:100
2026-08-05 10:34:31.743253Z	info	base	serviceinfo/service_info.go:280	add instance of {namespace: "Polaris", service: "polaris.monitor"}: 9.141.71.100:8081, status: healthy:true;isolate:false;weight:100
2026-08-05 10:34:31.743255Z	info	base	serviceinfo/service_info.go:280	add instance of {namespace: "Polaris", service: "polaris.monitor"}: 11.135.192.96:8081, status: healthy:true;isolate:false;weight:100
2026-08-05 10:34:31.743258Z	info	base	serviceinfo/service_info.go:280	add instance of {namespace: "Polaris", service: "polaris.monitor"}: 11.140.166.179:8081, status: healthy:true;isolate:false;weight:100
2026-08-05 10:34:31.743260Z	info	base	serviceinfo/service_info.go:280	add instance of {namespace: "Polaris", service: "polaris.monitor"}: 21.21.137.213:8081, status: healthy:true;isolate:false;weight:100
2026-08-05 10:34:31.743263Z	info	base	serviceinfo/service_info.go:280	add instance of {namespace: "Polaris", service: "polaris.monitor"}: 30.160.241.99:8081, status: healthy:true;isolate:false;weight:100
2026-08-05 10:34:31.743266Z	info	base	serviceinfo/service_info.go:280	add instance of {namespace: "Polaris", service: "polaris.monitor"}: 9.141.67.85:8081, status: healthy:true;isolate:false;weight:100
2026-08-05 10:34:31.743268Z	info	base	serviceinfo/service_info.go:280	add instance of {namespace: "Polaris", service: "polaris.monitor"}: 21.21.137.215:8081, status: healthy:true;isolate:false;weight:100
2026-08-05 10:34:31.743271Z	info	base	serviceinfo/service_info.go:280	add instance of {namespace: "Polaris", service: "polaris.monitor"}: 11.142.156.122:8081, status: healthy:true;isolate:false;weight:100
2026-08-05 10:34:31.743274Z	info	base	serviceinfo/service_info.go:280	add instance of {namespace: "Polaris", service: "polaris.monitor"}: 9.136.82.25:8081, status: healthy:true;isolate:false;weight:100
2026-08-05 10:34:31.743277Z	info	base	serviceinfo/service_info.go:280	add instance of {namespace: "Polaris", service: "polaris.monitor"}: 11.140.162.40:8081, status: healthy:true;isolate:false;weight:100
2026-08-05 10:34:31.743280Z	info	base	serviceinfo/service_info.go:280	add instance of {namespace: "Polaris", service: "polaris.monitor"}: 30.160.241.104:8081, status: healthy:true;isolate:false;weight:100
2026-08-05 10:34:31.743283Z	info	base	serviceinfo/service_info.go:280	add instance of {namespace: "Polaris", service: "polaris.monitor"}: 30.175.164.147:8081, status: healthy:true;isolate:false;weight:100
2026-08-05 10:34:31.743286Z	info	base	serviceinfo/service_info.go:280	add instance of {namespace: "Polaris", service: "polaris.monitor"}: 9.141.115.90:8081, status: healthy:true;isolate:false;weight:100
2026-08-05 10:34:31.743291Z	info	base	serviceinfo/service_info.go:280	add instance of {namespace: "Polaris", service: "polaris.monitor"}: 21.106.233.108:8081, status: healthy:true;isolate:false;weight:100
2026-08-05 10:34:31.743296Z	info	base	serviceinfo/service_info.go:280	add instance of {namespace: "Polaris", service: "polaris.monitor"}: 9.136.54.123:8081, status: healthy:true;isolate:false;weight:100
2026-08-05 10:34:31.743300Z	info	base	serviceinfo/service_info.go:280	add instance of {namespace: "Polaris", service: "polaris.monitor"}: 11.150.115.12:8081, status: healthy:true;isolate:false;weight:100
2026-08-05 10:34:31.743304Z	info	base	serviceinfo/service_info.go:280	add instance of {namespace: "Polaris", service: "polaris.monitor"}: 9.141.71.73:8081, status: healthy:true;isolate:false;weight:100
2026-08-05 10:34:31.743312Z	info	base	serviceinfo/service_info.go:280	add instance of {namespace: "Polaris", service: "polaris.monitor"}: 21.21.137.210:8081, status: healthy:true;isolate:false;weight:100
2026-08-05 10:34:31.743318Z	info	base	serviceinfo/service_info.go:280	add instance of {namespace: "Polaris", service: "polaris.monitor"}: 11.140.163.138:8081, status: healthy:true;isolate:false;weight:100
2026-08-05 10:34:31.743324Z	info	base	serviceinfo/service_info.go:280	add instance of {namespace: "Polaris", service: "polaris.monitor"}: 9.141.110.52:8081, status: healthy:true;isolate:false;weight:100
2026-08-05 10:34:31.743328Z	info	base	serviceinfo/service_info.go:280	add instance of {namespace: "Polaris", service: "polaris.monitor"}: 21.21.137.243:8081, status: healthy:true;isolate:false;weight:100
2026-08-05 10:34:31.743335Z	info	base	serviceinfo/service_info.go:280	add instance of {namespace: "Polaris", service: "polaris.monitor"}: 11.135.192.212:8081, status: healthy:true;isolate:false;weight:100
2026-08-05 10:34:31.743340Z	info	base	serviceinfo/service_info.go:280	add instance of {namespace: "Polaris", service: "polaris.monitor"}: 21.21.137.254:8081, status: healthy:true;isolate:false;weight:100
2026-08-05 10:34:31.743348Z	info	base	serviceinfo/service_info.go:280	add instance of {namespace: "Polaris", service: "polaris.monitor"}: 21.106.233.63:8081, status: healthy:true;isolate:false;weight:100
2026-08-05 10:34:31.743355Z	info	base	serviceinfo/service_info.go:280	add instance of {namespace: "Polaris", service: "polaris.monitor"}: 11.135.192.158:8081, status: healthy:true;isolate:false;weight:100
2026-08-05 10:34:31.743361Z	info	base	serviceinfo/service_info.go:280	add instance of {namespace: "Polaris", service: "polaris.monitor"}: 9.136.82.116:8081, status: healthy:true;isolate:false;weight:100
2026-08-05 10:34:31.743365Z	info	base	serviceinfo/service_info.go:280	add instance of {namespace: "Polaris", service: "polaris.monitor"}: 11.142.130.90:8081, status: healthy:true;isolate:false;weight:100
2026-08-05 10:34:31.743370Z	info	base	serviceinfo/service_info.go:280	add instance of {namespace: "Polaris", service: "polaris.monitor"}: 9.141.115.183:8081, status: healthy:true;isolate:false;weight:100
2026-08-05 10:34:31.743374Z	info	base	serviceinfo/service_info.go:280	add instance of {namespace: "Polaris", service: "polaris.monitor"}: 21.21.137.226:8081, status: healthy:true;isolate:false;weight:100
2026-08-05 10:34:31.743377Z	info	base	serviceinfo/service_info.go:280	add instance of {namespace: "Polaris", service: "polaris.monitor"}: 30.160.241.115:8081, status: healthy:true;isolate:false;weight:100
2026-08-05 10:34:31.743380Z	info	base	serviceinfo/service_info.go:280	add instance of {namespace: "Polaris", service: "polaris.monitor"}: 11.135.192.176:8081, status: healthy:true;isolate:false;weight:100
2026-08-05 10:34:31.743383Z	info	base	serviceinfo/service_info.go:280	add instance of {namespace: "Polaris", service: "polaris.monitor"}: 11.140.166.113:8081, status: healthy:true;isolate:false;weight:100
2026-08-05 10:34:31.743386Z	info	base	serviceinfo/service_info.go:280	add instance of {namespace: "Polaris", service: "polaris.monitor"}: 9.136.29.80:8081, status: healthy:true;isolate:false;weight:100
2026-08-05 10:34:31.743388Z	info	base	serviceinfo/service_info.go:280	add instance of {namespace: "Polaris", service: "polaris.monitor"}: 21.106.233.54:8081, status: healthy:true;isolate:false;weight:100
2026-08-05 10:34:31.743390Z	info	base	serviceinfo/service_info.go:280	add instance of {namespace: "Polaris", service: "polaris.monitor"}: 9.141.66.65:8081, status: healthy:true;isolate:false;weight:100
2026-08-05 10:34:31.743393Z	info	base	serviceinfo/service_info.go:280	add instance of {namespace: "Polaris", service: "polaris.monitor"}: 9.141.113.31:8081, status: healthy:true;isolate:false;weight:100
2026-08-05 10:34:31.743396Z	info	base	serviceinfo/service_info.go:280	add instance of {namespace: "Polaris", service: "polaris.monitor"}: 9.141.100.249:8081, status: healthy:true;isolate:false;weight:100
2026-08-05 10:34:31.743399Z	info	base	serviceinfo/service_info.go:280	add instance of {namespace: "Polaris", service: "polaris.monitor"}: 30.160.241.57:8081, status: healthy:true;isolate:false;weight:100
2026-08-05 10:34:31.743401Z	info	base	serviceinfo/service_info.go:280	add instance of {namespace: "Polaris", service: "polaris.monitor"}: 9.141.115.25:8081, status: healthy:true;isolate:false;weight:100
2026-08-05 10:34:31.743404Z	info	base	serviceinfo/service_info.go:280	add instance of {namespace: "Polaris", service: "polaris.monitor"}: 9.141.104.197:8081, status: healthy:true;isolate:false;weight:100
2026-08-05 10:34:31.743407Z	info	base	serviceinfo/service_info.go:280	add instance of {namespace: "Polaris", service: "polaris.monitor"}: 9.141.115.27:8081, status: healthy:true;isolate:false;weight:100
2026-08-05 10:34:31.743409Z	info	base	serviceinfo/service_info.go:280	add instance of {namespace: "Polaris", service: "polaris.monitor"}: 21.21.137.200:8081, status: healthy:true;isolate:false;weight:100
2026-08-05 10:34:31.743412Z	info	base	serviceinfo/service_info.go:280	add instance of {namespace: "Polaris", service: "polaris.monitor"}: 30.160.241.98:8081, status: healthy:true;isolate:false;weight:100
2026-08-05 10:34:31.743416Z	info	base	serviceinfo/service_info.go:280	add instance of {namespace: "Polaris", service: "polaris.monitor"}: 9.141.115.35:8081, status: healthy:true;isolate:false;weight:100
2026-08-05 10:34:31.743421Z	info	base	serviceinfo/service_info.go:280	add instance of {namespace: "Polaris", service: "polaris.monitor"}: 9.141.122.97:8081, status: healthy:true;isolate:false;weight:100
2026-08-05 10:34:31.743428Z	info	base	serviceinfo/service_info.go:280	add instance of {namespace: "Polaris", service: "polaris.monitor"}: 11.142.156.70:8081, status: healthy:true;isolate:false;weight:100
2026-08-05 10:34:31.743435Z	info	base	serviceinfo/service_info.go:280	add instance of {namespace: "Polaris", service: "polaris.monitor"}: 21.106.233.114:8081, status: healthy:true;isolate:false;weight:100
2026-08-05 10:34:31.743441Z	info	base	serviceinfo/service_info.go:280	add instance of {namespace: "Polaris", service: "polaris.monitor"}: 11.142.156.59:8081, status: healthy:true;isolate:false;weight:100
2026-08-05 10:34:31.743445Z	info	base	serviceinfo/service_info.go:280	add instance of {namespace: "Polaris", service: "polaris.monitor"}: 11.142.130.113:8081, status: healthy:true;isolate:false;weight:100
2026-08-05 10:34:31.743449Z	info	base	serviceinfo/service_info.go:280	add instance of {namespace: "Polaris", service: "polaris.monitor"}: 21.21.137.249:8081, status: healthy:true;isolate:false;weight:100
2026-08-05 10:34:31.743453Z	info	base	serviceinfo/service_info.go:280	add instance of {namespace: "Polaris", service: "polaris.monitor"}: 9.141.115.76:8081, status: healthy:true;isolate:false;weight:100
2026-08-05 10:34:31.743455Z	info	base	serviceinfo/service_info.go:280	add instance of {namespace: "Polaris", service: "polaris.monitor"}: 21.106.233.92:8081, status: healthy:true;isolate:false;weight:100
2026-08-05 10:34:31.743461Z	info	base	serviceinfo/service_info.go:280	add instance of {namespace: "Polaris", service: "polaris.monitor"}: 11.142.130.85:8081, status: healthy:true;isolate:false;weight:100
2026-08-05 10:34:31.743468Z	info	base	serviceinfo/service_info.go:280	add instance of {namespace: "Polaris", service: "polaris.monitor"}: 11.135.192.62:8081, status: healthy:true;isolate:false;weight:100
2026-08-05 10:34:31.743473Z	info	base	serviceinfo/service_info.go:280	add instance of {namespace: "Polaris", service: "polaris.monitor"}: 11.150.115.109:8081, status: healthy:true;isolate:false;weight:100
2026-08-05 10:34:31.743481Z	info	base	serviceinfo/service_info.go:280	add instance of {namespace: "Polaris", service: "polaris.monitor"}: 30.160.241.112:8081, status: healthy:true;isolate:false;weight:100
2026-08-05 10:34:31.743487Z	info	base	serviceinfo/service_info.go:280	add instance of {namespace: "Polaris", service: "polaris.monitor"}: 21.106.233.103:8081, status: healthy:true;isolate:false;weight:100
2026-08-05 10:34:31.743496Z	info	base	serviceinfo/service_info.go:280	add instance of {namespace: "Polaris", service: "polaris.monitor"}: 21.106.233.95:8081, status: healthy:true;isolate:false;weight:100
2026-08-05 10:34:31.743502Z	info	base	serviceinfo/service_info.go:280	add instance of {namespace: "Polaris", service: "polaris.monitor"}: 11.135.192.230:8081, status: healthy:true;isolate:false;weight:100
2026-08-05 10:34:31.743511Z	info	base	serviceinfo/service_info.go:280	add instance of {namespace: "Polaris", service: "polaris.monitor"}: 11.150.115.78:8081, status: healthy:true;isolate:false;weight:100
2026-08-05 10:34:31.743517Z	info	base	serviceinfo/service_info.go:280	add instance of {namespace: "Polaris", service: "polaris.monitor"}: 9.141.115.57:8081, status: healthy:true;isolate:false;weight:100
2026-08-05 10:34:31.743523Z	info	base	serviceinfo/service_info.go:280	add instance of {namespace: "Polaris", service: "polaris.monitor"}: 11.135.192.129:8081, status: healthy:true;isolate:false;weight:100
2026-08-05 10:34:31.743531Z	info	base	serviceinfo/service_info.go:280	add instance of {namespace: "Polaris", service: "polaris.monitor"}: 9.141.122.148:8081, status: healthy:true;isolate:false;weight:100
2026-08-05 10:34:31.743539Z	info	base	serviceinfo/service_info.go:280	add instance of {namespace: "Polaris", service: "polaris.monitor"}: 9.141.120.90:8081, status: healthy:true;isolate:false;weight:100
2026-08-05 10:34:31.743546Z	info	base	serviceinfo/service_info.go:280	add instance of {namespace: "Polaris", service: "polaris.monitor"}: 21.21.137.238:8081, status: healthy:true;isolate:false;weight:100
2026-08-05 10:34:31.743551Z	info	base	serviceinfo/service_info.go:280	add instance of {namespace: "Polaris", service: "polaris.monitor"}: 9.141.122.202:8081, status: healthy:true;isolate:false;weight:100
2026-08-05 10:34:31.743555Z	info	base	serviceinfo/service_info.go:280	add instance of {namespace: "Polaris", service: "polaris.monitor"}: 11.135.192.32:8081, status: healthy:true;isolate:false;weight:100
2026-08-05 10:34:31.743562Z	info	base	serviceinfo/service_info.go:280	add instance of {namespace: "Polaris", service: "polaris.monitor"}: 9.141.122.82:8081, status: healthy:true;isolate:false;weight:100
2026-08-05 10:34:31.743566Z	info	base	serviceinfo/service_info.go:280	add instance of {namespace: "Polaris", service: "polaris.monitor"}: 30.160.241.113:8081, status: healthy:true;isolate:false;weight:100
2026-08-05 10:34:31.743569Z	info	base	serviceinfo/service_info.go:280	add instance of {namespace: "Polaris", service: "polaris.monitor"}: 11.59.215.178:8081, status: healthy:true;isolate:false;weight:100
2026-08-05 10:34:31.743572Z	info	base	serviceinfo/service_info.go:280	add instance of {namespace: "Polaris", service: "polaris.monitor"}: 9.141.120.23:8081, status: healthy:true;isolate:false;weight:100
2026-08-05 10:34:31.743574Z	info	base	serviceinfo/service_info.go:280	add instance of {namespace: "Polaris", service: "polaris.monitor"}: 21.21.137.214:8081, status: healthy:true;isolate:false;weight:100
2026-08-05 10:34:31.743577Z	info	base	serviceinfo/service_info.go:280	add instance of {namespace: "Polaris", service: "polaris.monitor"}: 30.160.241.76:8081, status: healthy:true;isolate:false;weight:100
2026-08-05 10:34:31.743579Z	info	base	serviceinfo/service_info.go:280	add instance of {namespace: "Polaris", service: "polaris.monitor"}: 21.21.137.195:8081, status: healthy:true;isolate:false;weight:100
2026-08-05 10:34:31.743582Z	info	base	serviceinfo/service_info.go:280	add instance of {namespace: "Polaris", service: "polaris.monitor"}: 9.141.120.56:8081, status: healthy:true;isolate:false;weight:100
2026-08-05 10:34:31.743584Z	info	base	serviceinfo/service_info.go:280	add instance of {namespace: "Polaris", service: "polaris.monitor"}: 11.142.156.222:8081, status: healthy:true;isolate:false;weight:100
2026-08-05 10:34:31.743587Z	info	base	serviceinfo/service_info.go:280	add instance of {namespace: "Polaris", service: "polaris.monitor"}: 11.150.115.191:8081, status: healthy:true;isolate:false;weight:100
2026-08-05 10:34:31.743589Z	info	base	serviceinfo/service_info.go:280	add instance of {namespace: "Polaris", service: "polaris.monitor"}: 9.141.96.196:8081, status: healthy:true;isolate:false;weight:100
2026-08-05 10:34:31.743591Z	info	base	serviceinfo/service_info.go:280	add instance of {namespace: "Polaris", service: "polaris.monitor"}: 9.141.100.250:8081, status: healthy:true;isolate:false;weight:100
2026-08-05 10:34:31.743594Z	info	base	serviceinfo/service_info.go:280	add instance of {namespace: "Polaris", service: "polaris.monitor"}: 11.150.115.41:8081, status: healthy:true;isolate:false;weight:100
2026-08-05 10:34:31.743597Z	info	base	serviceinfo/service_info.go:280	add instance of {namespace: "Polaris", service: "polaris.monitor"}: 9.141.115.38:8081, status: healthy:true;isolate:false;weight:100
2026-08-05 10:34:31.743600Z	info	base	serviceinfo/service_info.go:280	add instance of {namespace: "Polaris", service: "polaris.monitor"}: 9.136.2.35:8081, status: healthy:true;isolate:false;weight:100
2026-08-05 10:34:31.743603Z	info	base	serviceinfo/service_info.go:280	add instance of {namespace: "Polaris", service: "polaris.monitor"}: 11.135.192.224:8081, status: healthy:true;isolate:false;weight:100
2026-08-05 10:34:31.743609Z	info	base	serviceinfo/service_info.go:280	add instance of {namespace: "Polaris", service: "polaris.monitor"}: 11.135.214.137:8081, status: healthy:true;isolate:false;weight:100
2026-08-05 10:34:31.743612Z	info	base	serviceinfo/service_info.go:280	add instance of {namespace: "Polaris", service: "polaris.monitor"}: 11.135.192.58:8081, status: healthy:true;isolate:false;weight:100
2026-08-05 10:34:31.743615Z	info	base	serviceinfo/service_info.go:280	add instance of {namespace: "Polaris", service: "polaris.monitor"}: 11.135.192.240:8081, status: healthy:true;isolate:false;weight:100
2026-08-05 10:34:31.743617Z	info	base	serviceinfo/service_info.go:280	add instance of {namespace: "Polaris", service: "polaris.monitor"}: 11.140.163.15:8081, status: healthy:true;isolate:false;weight:100
2026-08-05 10:34:31.743620Z	info	base	serviceinfo/service_info.go:280	add instance of {namespace: "Polaris", service: "polaris.monitor"}: 9.141.71.53:8081, status: healthy:true;isolate:false;weight:100
2026-08-05 10:34:31.743622Z	info	base	serviceinfo/service_info.go:280	add instance of {namespace: "Polaris", service: "polaris.monitor"}: 11.135.192.243:8081, status: healthy:true;isolate:false;weight:100
2026-08-05 10:34:31.743625Z	info	base	serviceinfo/service_info.go:280	add instance of {namespace: "Polaris", service: "polaris.monitor"}: 11.140.166.159:8081, status: healthy:true;isolate:false;weight:100
2026-08-05 10:34:31.743627Z	info	base	serviceinfo/service_info.go:280	add instance of {namespace: "Polaris", service: "polaris.monitor"}: 11.135.192.53:8081, status: healthy:true;isolate:false;weight:100
2026-08-05 10:34:31.743630Z	info	base	serviceinfo/service_info.go:280	add instance of {namespace: "Polaris", service: "polaris.monitor"}: 30.160.241.150:8081, status: healthy:true;isolate:false;weight:100
2026-08-05 10:34:31.743632Z	info	base	serviceinfo/service_info.go:280	add instance of {namespace: "Polaris", service: "polaris.monitor"}: 21.21.137.237:8081, status: healthy:true;isolate:false;weight:100
2026-08-05 10:34:31.743635Z	info	base	serviceinfo/service_info.go:280	add instance of {namespace: "Polaris", service: "polaris.monitor"}: 9.141.100.224:8081, status: healthy:true;isolate:false;weight:100
2026-08-05 10:34:31.743637Z	info	base	serviceinfo/service_info.go:280	add instance of {namespace: "Polaris", service: "polaris.monitor"}: 9.136.28.5:8081, status: healthy:true;isolate:false;weight:100
2026-08-05 10:34:31.743641Z	info	base	serviceinfo/service_info.go:280	add instance of {namespace: "Polaris", service: "polaris.monitor"}: 11.140.163.116:8081, status: healthy:true;isolate:false;weight:100
2026-08-05 10:34:31.743645Z	info	base	serviceinfo/service_info.go:280	add instance of {namespace: "Polaris", service: "polaris.monitor"}: 30.160.241.253:8081, status: healthy:true;isolate:false;weight:100
2026-08-05 10:34:31.743649Z	info	base	serviceinfo/service_info.go:280	add instance of {namespace: "Polaris", service: "polaris.monitor"}: 11.142.132.255:8081, status: healthy:true;isolate:false;weight:100
2026-08-05 10:34:31.743652Z	info	base	serviceinfo/service_info.go:280	add instance of {namespace: "Polaris", service: "polaris.monitor"}: 21.21.137.224:8081, status: healthy:true;isolate:false;weight:100
2026-08-05 10:34:31.743654Z	info	base	serviceinfo/service_info.go:280	add instance of {namespace: "Polaris", service: "polaris.monitor"}: 11.135.192.179:8081, status: healthy:true;isolate:false;weight:100
2026-08-05 10:34:31.743657Z	info	base	serviceinfo/service_info.go:280	add instance of {namespace: "Polaris", service: "polaris.monitor"}: 11.142.156.149:8081, status: healthy:true;isolate:false;weight:100
2026-08-05 10:34:31.743660Z	info	base	serviceinfo/service_info.go:280	add instance of {namespace: "Polaris", service: "polaris.monitor"}: 11.135.192.75:8081, status: healthy:true;isolate:false;weight:100
2026-08-05 10:34:31.743662Z	info	base	serviceinfo/service_info.go:280	add instance of {namespace: "Polaris", service: "polaris.monitor"}: 30.47.130.117:8081, status: healthy:true;isolate:false;weight:100
2026-08-05 10:34:31.743665Z	info	base	serviceinfo/service_info.go:280	add instance of {namespace: "Polaris", service: "polaris.monitor"}: 30.160.241.86:8081, status: healthy:true;isolate:false;weight:100
2026-08-05 10:34:31.743667Z	info	base	serviceinfo/service_info.go:280	add instance of {namespace: "Polaris", service: "polaris.monitor"}: 21.21.137.196:8081, status: healthy:true;isolate:false;weight:100
2026-08-05 10:34:31.743670Z	info	base	serviceinfo/service_info.go:280	add instance of {namespace: "Polaris", service: "polaris.monitor"}: 11.135.192.141:8081, status: healthy:true;isolate:false;weight:100
2026-08-05 10:34:31.743672Z	info	base	serviceinfo/service_info.go:280	add instance of {namespace: "Polaris", service: "polaris.monitor"}: 11.135.192.221:8081, status: healthy:true;isolate:false;weight:100
2026-08-05 10:34:31.743675Z	info	base	serviceinfo/service_info.go:280	add instance of {namespace: "Polaris", service: "polaris.monitor"}: 21.106.233.74:8081, status: healthy:true;isolate:false;weight:100
2026-08-05 10:34:31.743677Z	info	base	serviceinfo/service_info.go:280	add instance of {namespace: "Polaris", service: "polaris.monitor"}: 11.135.192.188:8081, status: healthy:true;isolate:false;weight:100
2026-08-05 10:34:31.743680Z	info	base	serviceinfo/service_info.go:280	add instance of {namespace: "Polaris", service: "polaris.monitor"}: 30.160.192.151:8081, status: healthy:true;isolate:false;weight:100
2026-08-05 10:34:31.743682Z	info	base	serviceinfo/service_info.go:280	add instance of {namespace: "Polaris", service: "polaris.monitor"}: 9.141.120.57:8081, status: healthy:true;isolate:false;weight:100
2026-08-05 10:34:31.743685Z	info	base	serviceinfo/service_info.go:280	add instance of {namespace: "Polaris", service: "polaris.monitor"}: 11.142.156.226:8081, status: healthy:true;isolate:false;weight:100
2026-08-05 10:34:31.743690Z	info	base	serviceinfo/service_info.go:280	add instance of {namespace: "Polaris", service: "polaris.monitor"}: 11.142.156.205:8081, status: healthy:true;isolate:false;weight:100
2026-08-05 10:34:31.743697Z	info	base	serviceinfo/service_info.go:280	add instance of {namespace: "Polaris", service: "polaris.monitor"}: 11.140.162.119:8081, status: healthy:true;isolate:false;weight:100
2026-08-05 10:34:31.743705Z	info	base	serviceinfo/service_info.go:280	add instance of {namespace: "Polaris", service: "polaris.monitor"}: 9.141.110.16:8081, status: healthy:true;isolate:false;weight:100
2026-08-05 10:34:31.743710Z	info	base	serviceinfo/service_info.go:280	add instance of {namespace: "Polaris", service: "polaris.monitor"}: 11.142.132.116:8081, status: healthy:true;isolate:false;weight:100
2026-08-05 10:34:31.743714Z	info	base	serviceinfo/service_info.go:280	add instance of {namespace: "Polaris", service: "polaris.monitor"}: 11.135.192.137:8081, status: healthy:true;isolate:false;weight:100
2026-08-05 10:34:31.743719Z	info	base	serviceinfo/service_info.go:280	add instance of {namespace: "Polaris", service: "polaris.monitor"}: 30.175.164.199:8081, status: healthy:true;isolate:false;weight:100
2026-08-05 10:34:31.743725Z	info	base	serviceinfo/service_info.go:280	add instance of {namespace: "Polaris", service: "polaris.monitor"}: 9.141.115.46:8081, status: healthy:true;isolate:false;weight:100
2026-08-05 10:34:31.743730Z	info	base	serviceinfo/service_info.go:280	add instance of {namespace: "Polaris", service: "polaris.monitor"}: 11.135.192.149:8081, status: healthy:true;isolate:false;weight:100
2026-08-05 10:34:31.743736Z	info	base	serviceinfo/service_info.go:280	add instance of {namespace: "Polaris", service: "polaris.monitor"}: 11.135.192.117:8081, status: healthy:true;isolate:false;weight:100
2026-08-05 10:34:31.743739Z	info	base	serviceinfo/service_info.go:280	add instance of {namespace: "Polaris", service: "polaris.monitor"}: 11.135.192.103:8081, status: healthy:true;isolate:false;weight:100
2026-08-05 10:34:31.743741Z	info	base	serviceinfo/service_info.go:280	add instance of {namespace: "Polaris", service: "polaris.monitor"}: 21.21.137.199:8081, status: healthy:true;isolate:false;weight:100
2026-08-05 10:34:31.743744Z	info	base	serviceinfo/service_info.go:280	add instance of {namespace: "Polaris", service: "polaris.monitor"}: 9.141.100.212:8081, status: healthy:true;isolate:false;weight:100
2026-08-05 10:34:31.743751Z	info	base	serviceinfo/service_info.go:280	add instance of {namespace: "Polaris", service: "polaris.monitor"}: 9.136.103.190:8081, status: healthy:true;isolate:false;weight:100
2026-08-05 10:34:31.743757Z	info	base	serviceinfo/service_info.go:280	add instance of {namespace: "Polaris", service: "polaris.monitor"}: 9.141.122.78:8081, status: healthy:true;isolate:false;weight:100
2026-08-05 10:34:31.743760Z	info	base	serviceinfo/service_info.go:280	add instance of {namespace: "Polaris", service: "polaris.monitor"}: 9.141.100.90:8081, status: healthy:true;isolate:false;weight:100
2026-08-05 10:34:31.743763Z	info	base	serviceinfo/service_info.go:280	add instance of {namespace: "Polaris", service: "polaris.monitor"}: 11.135.192.80:8081, status: healthy:true;isolate:false;weight:100
2026-08-05 10:34:31.743766Z	info	base	serviceinfo/service_info.go:280	add instance of {namespace: "Polaris", service: "polaris.monitor"}: 9.141.66.58:8081, status: healthy:true;isolate:false;weight:100
2026-08-05 10:34:31.743768Z	info	base	serviceinfo/service_info.go:280	add instance of {namespace: "Polaris", service: "polaris.monitor"}: 9.141.110.22:8081, status: healthy:true;isolate:false;weight:80
2026-08-05 10:34:31.743771Z	info	base	serviceinfo/service_info.go:280	add instance of {namespace: "Polaris", service: "polaris.monitor"}: 21.106.233.68:8081, status: healthy:true;isolate:false;weight:100
2026-08-05 10:34:31.743773Z	info	base	serviceinfo/service_info.go:280	add instance of {namespace: "Polaris", service: "polaris.monitor"}: 11.135.192.249:8081, status: healthy:true;isolate:false;weight:100
2026-08-05 10:34:31.743776Z	info	base	serviceinfo/service_info.go:280	add instance of {namespace: "Polaris", service: "polaris.monitor"}: 11.135.192.25:8081, status: healthy:true;isolate:false;weight:100
2026-08-05 10:34:31.743778Z	info	base	serviceinfo/service_info.go:280	add instance of {namespace: "Polaris", service: "polaris.monitor"}: 9.136.69.28:8081, status: healthy:true;isolate:false;weight:100
2026-08-05 10:34:31.743781Z	info	base	serviceinfo/service_info.go:280	add instance of {namespace: "Polaris", service: "polaris.monitor"}: 11.135.192.112:8081, status: healthy:true;isolate:false;weight:100
2026-08-05 10:34:31.743783Z	info	base	serviceinfo/service_info.go:280	add instance of {namespace: "Polaris", service: "polaris.monitor"}: 11.140.163.184:8081, status: healthy:true;isolate:false;weight:100
2026-08-05 10:34:31.743786Z	info	base	serviceinfo/service_info.go:280	add instance of {namespace: "Polaris", service: "polaris.monitor"}: 11.135.192.100:8081, status: healthy:true;isolate:false;weight:100
2026-08-05 10:34:31.743789Z	info	base	serviceinfo/service_info.go:280	add instance of {namespace: "Polaris", service: "polaris.monitor"}: 9.141.67.87:8081, status: healthy:true;isolate:false;weight:100
2026-08-05 10:34:31.743794Z	info	base	serviceinfo/service_info.go:280	add instance of {namespace: "Polaris", service: "polaris.monitor"}: 9.141.122.139:8081, status: healthy:true;isolate:false;weight:100
2026-08-05 10:34:31.743798Z	info	base	serviceinfo/service_info.go:280	add instance of {namespace: "Polaris", service: "polaris.monitor"}: 30.160.241.109:8081, status: healthy:true;isolate:false;weight:100
2026-08-05 10:34:31.743807Z	info	base	serviceinfo/service_info.go:280	add instance of {namespace: "Polaris", service: "polaris.monitor"}: 11.135.192.198:8081, status: healthy:true;isolate:false;weight:100
2026-08-05 10:34:31.743810Z	info	base	serviceinfo/service_info.go:280	add instance of {namespace: "Polaris", service: "polaris.monitor"}: 9.141.113.247:8081, status: healthy:true;isolate:false;weight:100
2026-08-05 10:34:31.743814Z	info	base	serviceinfo/service_info.go:280	add instance of {namespace: "Polaris", service: "polaris.monitor"}: 11.135.192.153:8081, status: healthy:true;isolate:false;weight:100
2026-08-05 10:34:31.743817Z	info	base	serviceinfo/service_info.go:280	add instance of {namespace: "Polaris", service: "polaris.monitor"}: 11.135.192.244:8081, status: healthy:true;isolate:false;weight:100
2026-08-05 10:34:31.743819Z	info	base	serviceinfo/service_info.go:280	add instance of {namespace: "Polaris", service: "polaris.monitor"}: 9.141.120.43:8081, status: healthy:true;isolate:false;weight:100
2026-08-05 10:34:31.743822Z	info	base	serviceinfo/service_info.go:280	add instance of {namespace: "Polaris", service: "polaris.monitor"}: 9.141.122.191:8081, status: healthy:true;isolate:false;weight:100
2026-08-05 10:34:31.743824Z	info	base	serviceinfo/service_info.go:280	add instance of {namespace: "Polaris", service: "polaris.monitor"}: 9.141.122.86:8081, status: healthy:true;isolate:false;weight:100
2026-08-05 10:34:31.743827Z	info	base	serviceinfo/service_info.go:280	add instance of {namespace: "Polaris", service: "polaris.monitor"}: 11.140.162.109:8081, status: healthy:true;isolate:false;weight:100
2026-08-05 10:34:31.743829Z	info	base	serviceinfo/service_info.go:280	add instance of {namespace: "Polaris", service: "polaris.monitor"}: 21.21.137.209:8081, status: healthy:true;isolate:false;weight:100
2026-08-05 10:34:31.743832Z	info	base	serviceinfo/service_info.go:280	add instance of {namespace: "Polaris", service: "polaris.monitor"}: 11.135.192.253:8081, status: healthy:true;isolate:false;weight:100
2026-08-05 10:34:31.743834Z	info	base	serviceinfo/service_info.go:280	add instance of {namespace: "Polaris", service: "polaris.monitor"}: 21.21.137.240:8081, status: healthy:true;isolate:false;weight:100
2026-08-05 10:34:31.743837Z	info	base	serviceinfo/service_info.go:280	add instance of {namespace: "Polaris", service: "polaris.monitor"}: 9.141.66.111:8081, status: healthy:true;isolate:false;weight:100
2026-08-05 10:34:31.743840Z	info	base	serviceinfo/service_info.go:280	add instance of {namespace: "Polaris", service: "polaris.monitor"}: 11.142.156.152:8081, status: healthy:true;isolate:false;weight:100
2026-08-05 10:34:31.743842Z	info	base	serviceinfo/service_info.go:280	add instance of {namespace: "Polaris", service: "polaris.monitor"}: 9.141.115.15:8081, status: healthy:true;isolate:false;weight:100
2026-08-05 10:34:31.743845Z	info	base	serviceinfo/service_info.go:280	add instance of {namespace: "Polaris", service: "polaris.monitor"}: 21.106.233.101:8081, status: healthy:true;isolate:false;weight:100
2026-08-05 10:34:31.743848Z	info	base	serviceinfo/service_info.go:280	add instance of {namespace: "Polaris", service: "polaris.monitor"}: 21.21.137.228:8081, status: healthy:true;isolate:false;weight:100
2026-08-05 10:34:31.743851Z	info	base	serviceinfo/service_info.go:280	add instance of {namespace: "Polaris", service: "polaris.monitor"}: 11.135.192.216:8081, status: healthy:true;isolate:false;weight:100
2026-08-05 10:34:31.743853Z	info	base	serviceinfo/service_info.go:280	add instance of {namespace: "Polaris", service: "polaris.monitor"}: 9.136.103.248:8081, status: healthy:true;isolate:false;weight:100
2026-08-05 10:34:31.743856Z	info	base	serviceinfo/service_info.go:280	add instance of {namespace: "Polaris", service: "polaris.monitor"}: 11.140.163.170:8081, status: healthy:true;isolate:false;weight:100
2026-08-05 10:34:31.743859Z	info	base	serviceinfo/service_info.go:280	add instance of {namespace: "Polaris", service: "polaris.monitor"}: 11.135.192.127:8081, status: healthy:true;isolate:false;weight:100
2026-08-05 10:34:31.743862Z	info	base	serviceinfo/service_info.go:280	add instance of {namespace: "Polaris", service: "polaris.monitor"}: 11.140.163.111:8081, status: healthy:true;isolate:false;weight:100
2026-08-05 10:34:31.743865Z	info	base	serviceinfo/service_info.go:280	add instance of {namespace: "Polaris", service: "polaris.monitor"}: 9.136.55.105:8081, status: healthy:true;isolate:false;weight:100
2026-08-05 10:34:31.743867Z	info	base	serviceinfo/service_info.go:280	add instance of {namespace: "Polaris", service: "polaris.monitor"}: 11.135.192.151:8081, status: healthy:true;isolate:false;weight:100
2026-08-05 10:34:31.743870Z	info	base	serviceinfo/service_info.go:280	add instance of {namespace: "Polaris", service: "polaris.monitor"}: 21.21.137.247:8081, status: healthy:true;isolate:false;weight:100
2026-08-05 10:34:31.743873Z	info	base	serviceinfo/service_info.go:280	add instance of {namespace: "Polaris", service: "polaris.monitor"}: 21.21.137.225:8081, status: healthy:true;isolate:false;weight:100
2026-08-05 10:34:31.743876Z	info	base	serviceinfo/service_info.go:280	add instance of {namespace: "Polaris", service: "polaris.monitor"}: 9.141.122.157:8081, status: healthy:true;isolate:false;weight:100
2026-08-05 10:34:31.743878Z	info	base	serviceinfo/service_info.go:280	add instance of {namespace: "Polaris", service: "polaris.monitor"}: 11.140.162.152:8081, status: healthy:true;isolate:false;weight:100
2026-08-05 10:34:31.743881Z	info	base	serviceinfo/service_info.go:280	add instance of {namespace: "Polaris", service: "polaris.monitor"}: 9.141.122.163:8081, status: healthy:true;isolate:false;weight:100
2026-08-05 10:34:31.743883Z	info	base	serviceinfo/service_info.go:280	add instance of {namespace: "Polaris", service: "polaris.monitor"}: 11.135.192.3:8081, status: healthy:true;isolate:false;weight:100
2026-08-05 10:34:31.743886Z	info	base	serviceinfo/service_info.go:280	add instance of {namespace: "Polaris", service: "polaris.monitor"}: 21.21.137.230:8081, status: healthy:true;isolate:false;weight:100
2026-08-05 10:34:31.743888Z	info	base	serviceinfo/service_info.go:280	add instance of {namespace: "Polaris", service: "polaris.monitor"}: 9.141.113.25:8081, status: healthy:true;isolate:false;weight:100
2026-08-05 10:34:31.743891Z	info	base	serviceinfo/service_info.go:280	add instance of {namespace: "Polaris", service: "polaris.monitor"}: 9.136.31.223:8081, status: healthy:true;isolate:false;weight:100
2026-08-05 10:34:31.743893Z	info	base	serviceinfo/service_info.go:280	add instance of {namespace: "Polaris", service: "polaris.monitor"}: 11.135.192.250:8081, status: healthy:true;isolate:false;weight:100
2026-08-05 10:34:31.743896Z	info	base	serviceinfo/service_info.go:280	add instance of {namespace: "Polaris", service: "polaris.monitor"}: 9.141.115.37:8081, status: healthy:true;isolate:false;weight:100
2026-08-05 10:34:31.743901Z	info	base	serviceinfo/service_info.go:280	add instance of {namespace: "Polaris", service: "polaris.monitor"}: 9.141.120.253:8081, status: healthy:true;isolate:false;weight:100
2026-08-05 10:34:31.743907Z	info	base	serviceinfo/service_info.go:280	add instance of {namespace: "Polaris", service: "polaris.monitor"}: 11.135.192.2:8081, status: healthy:true;isolate:false;weight:100
2026-08-05 10:34:31.743911Z	info	base	serviceinfo/service_info.go:280	add instance of {namespace: "Polaris", service: "polaris.monitor"}: 11.135.192.46:8081, status: healthy:true;isolate:false;weight:100
2026-08-05 10:34:31.743915Z	info	base	serviceinfo/service_info.go:280	add instance of {namespace: "Polaris", service: "polaris.monitor"}: 21.21.137.208:8081, status: healthy:true;isolate:false;weight:100
2026-08-05 10:34:31.743918Z	info	base	serviceinfo/service_info.go:280	add instance of {namespace: "Polaris", service: "polaris.monitor"}: 21.21.137.231:8081, status: healthy:true;isolate:false;weight:100
2026-08-05 10:34:31.743920Z	info	base	serviceinfo/service_info.go:280	add instance of {namespace: "Polaris", service: "polaris.monitor"}: 9.141.66.69:8081, status: healthy:true;isolate:false;weight:100
2026-08-05 10:34:31.743923Z	info	base	serviceinfo/service_info.go:280	add instance of {namespace: "Polaris", service: "polaris.monitor"}: 30.160.192.13:8081, status: healthy:true;isolate:false;weight:100
2026-08-05 10:34:31.743925Z	info	base	serviceinfo/service_info.go:280	add instance of {namespace: "Polaris", service: "polaris.monitor"}: 11.140.162.155:8081, status: healthy:true;isolate:false;weight:100
2026-08-05 10:34:31.743928Z	info	base	serviceinfo/service_info.go:280	add instance of {namespace: "Polaris", service: "polaris.monitor"}: 21.106.233.79:8081, status: healthy:true;isolate:false;weight:100
2026-08-05 10:34:31.743930Z	info	base	serviceinfo/service_info.go:280	add instance of {namespace: "Polaris", service: "polaris.monitor"}: 11.135.192.218:8081, status: healthy:true;isolate:false;weight:100
2026-08-05 10:34:31.743933Z	info	base	serviceinfo/service_info.go:280	add instance of {namespace: "Polaris", service: "polaris.monitor"}: 11.142.130.77:8081, status: healthy:true;isolate:false;weight:100
2026-08-05 10:34:31.743935Z	info	base	serviceinfo/service_info.go:280	add instance of {namespace: "Polaris", service: "polaris.monitor"}: 30.160.241.60:8081, status: healthy:true;isolate:false;weight:100
2026-08-05 10:34:31.743938Z	info	base	serviceinfo/service_info.go:280	add instance of {namespace: "Polaris", service: "polaris.monitor"}: 9.141.122.125:8081, status: healthy:true;isolate:false;weight:100
2026-08-05 10:34:31.743940Z	info	base	serviceinfo/service_info.go:280	add instance of {namespace: "Polaris", service: "polaris.monitor"}: 11.135.192.54:8081, status: healthy:true;isolate:false;weight:100
2026-08-05 10:34:31.743943Z	info	base	serviceinfo/service_info.go:280	add instance of {namespace: "Polaris", service: "polaris.monitor"}: 9.141.100.221:8081, status: healthy:true;isolate:false;weight:100
2026-08-05 10:34:31.743945Z	info	base	serviceinfo/service_info.go:280	add instance of {namespace: "Polaris", service: "polaris.monitor"}: 30.160.241.156:8081, status: healthy:true;isolate:false;weight:100
2026-08-05 10:34:31.743948Z	info	base	serviceinfo/service_info.go:280	add instance of {namespace: "Polaris", service: "polaris.monitor"}: 21.106.233.65:8081, status: healthy:true;isolate:false;weight:100
2026-08-05 10:34:31.743950Z	info	base	serviceinfo/service_info.go:280	add instance of {namespace: "Polaris", service: "polaris.monitor"}: 30.175.164.150:8081, status: healthy:true;isolate:false;weight:100
2026-08-05 10:34:31.743953Z	info	base	serviceinfo/service_info.go:280	add instance of {namespace: "Polaris", service: "polaris.monitor"}: 11.150.115.149:8081, status: healthy:true;isolate:false;weight:100
2026-08-05 10:34:31.743955Z	info	base	serviceinfo/service_info.go:280	add instance of {namespace: "Polaris", service: "polaris.monitor"}: 9.136.77.197:8081, status: healthy:true;isolate:false;weight:100
2026-08-05 10:34:31.743958Z	info	base	serviceinfo/service_info.go:280	add instance of {namespace: "Polaris", service: "polaris.monitor"}: 21.21.137.244:8081, status: healthy:true;isolate:false;weight:100
2026-08-05 10:34:31.743960Z	info	base	serviceinfo/service_info.go:280	add instance of {namespace: "Polaris", service: "polaris.monitor"}: 9.141.104.199:8081, status: healthy:true;isolate:false;weight:100
2026-08-05 10:34:31.743963Z	info	base	serviceinfo/service_info.go:280	add instance of {namespace: "Polaris", service: "polaris.monitor"}: 11.135.192.200:8081, status: healthy:true;isolate:false;weight:100
2026-08-05 10:34:31.743966Z	info	base	serviceinfo/service_info.go:280	add instance of {namespace: "Polaris", service: "polaris.monitor"}: 11.135.192.77:8081, status: healthy:true;isolate:false;weight:100
2026-08-05 10:34:31.743968Z	info	base	serviceinfo/service_info.go:280	add instance of {namespace: "Polaris", service: "polaris.monitor"}: 11.142.135.1:8081, status: healthy:true;isolate:false;weight:100
2026-08-05 10:34:31.743971Z	info	base	serviceinfo/service_info.go:280	add instance of {namespace: "Polaris", service: "polaris.monitor"}: 21.21.137.202:8081, status: healthy:true;isolate:false;weight:100
2026-08-05 10:34:31.743973Z	info	base	serviceinfo/service_info.go:280	add instance of {namespace: "Polaris", service: "polaris.monitor"}: 11.135.192.108:8081, status: healthy:true;isolate:false;weight:100
2026-08-05 10:34:31.743975Z	info	base	serviceinfo/service_info.go:280	add instance of {namespace: "Polaris", service: "polaris.monitor"}: 21.106.233.120:8081, status: healthy:true;isolate:false;weight:100
2026-08-05 10:34:31.743978Z	info	base	serviceinfo/service_info.go:280	add instance of {namespace: "Polaris", service: "polaris.monitor"}: 11.135.192.73:8081, status: healthy:true;isolate:false;weight:100
2026-08-05 10:34:31.743981Z	info	base	serviceinfo/service_info.go:280	add instance of {namespace: "Polaris", service: "polaris.monitor"}: 9.141.115.33:8081, status: healthy:true;isolate:false;weight:100
2026-08-05 10:34:31.743984Z	info	base	serviceinfo/service_info.go:280	add instance of {namespace: "Polaris", service: "polaris.monitor"}: 11.135.192.121:8081, status: healthy:true;isolate:false;weight:100
2026-08-05 10:34:31.743986Z	info	base	serviceinfo/service_info.go:280	add instance of {namespace: "Polaris", service: "polaris.monitor"}: 21.21.137.207:8081, status: healthy:true;isolate:false;weight:100
2026-08-05 10:34:31.743990Z	info	base	serviceinfo/service_info.go:280	add instance of {namespace: "Polaris", service: "polaris.monitor"}: 21.21.137.204:8081, status: healthy:true;isolate:false;weight:100
2026-08-05 10:34:31.743994Z	info	base	serviceinfo/service_info.go:280	add instance of {namespace: "Polaris", service: "polaris.monitor"}: 11.142.132.99:8081, status: healthy:true;isolate:false;weight:100
2026-08-05 10:34:31.743997Z	info	base	serviceinfo/service_info.go:280	add instance of {namespace: "Polaris", service: "polaris.monitor"}: 21.21.137.198:8081, status: healthy:true;isolate:false;weight:100
2026-08-05 10:34:31.744000Z	info	base	serviceinfo/service_info.go:280	add instance of {namespace: "Polaris", service: "polaris.monitor"}: 9.141.115.36:8081, status: healthy:true;isolate:false;weight:100
2026-08-05 10:34:31.744002Z	info	base	serviceinfo/service_info.go:280	add instance of {namespace: "Polaris", service: "polaris.monitor"}: 11.140.162.110:8081, status: healthy:true;isolate:false;weight:100
2026-08-05 10:34:31.744005Z	info	base	serviceinfo/service_info.go:280	add instance of {namespace: "Polaris", service: "polaris.monitor"}: 30.160.241.137:8081, status: healthy:true;isolate:false;weight:100
2026-08-05 10:34:31.744007Z	info	base	serviceinfo/service_info.go:280	add instance of {namespace: "Polaris", service: "polaris.monitor"}: 9.141.115.6:8081, status: healthy:true;isolate:false;weight:100
2026-08-05 10:34:31.744009Z	info	base	serviceinfo/service_info.go:280	add instance of {namespace: "Polaris", service: "polaris.monitor"}: 9.141.113.113:8081, status: healthy:true;isolate:false;weight:100
2026-08-05 10:34:31.744012Z	info	base	serviceinfo/service_info.go:280	add instance of {namespace: "Polaris", service: "polaris.monitor"}: 21.21.137.241:8081, status: healthy:true;isolate:false;weight:100
2026-08-05 10:34:31.744014Z	info	base	serviceinfo/service_info.go:280	add instance of {namespace: "Polaris", service: "polaris.monitor"}: 11.140.163.46:8081, status: healthy:true;isolate:false;weight:100
2026-08-05 10:34:31.744017Z	info	base	serviceinfo/service_info.go:280	add instance of {namespace: "Polaris", service: "polaris.monitor"}: 11.140.166.207:8081, status: healthy:true;isolate:false;weight:100
2026-08-05 10:34:31.744019Z	info	base	serviceinfo/service_info.go:280	add instance of {namespace: "Polaris", service: "polaris.monitor"}: 11.135.192.85:8081, status: healthy:true;isolate:false;weight:100
2026-08-05 10:34:31.744022Z	info	base	serviceinfo/service_info.go:280	add instance of {namespace: "Polaris", service: "polaris.monitor"}: 9.136.54.43:8081, status: healthy:true;isolate:false;weight:100
2026-08-05 10:34:31.744024Z	info	base	serviceinfo/service_info.go:280	add instance of {namespace: "Polaris", service: "polaris.monitor"}: 9.141.66.89:8081, status: healthy:true;isolate:false;weight:100
2026-08-05 10:34:31.744029Z	info	base	serviceinfo/service_info.go:280	add instance of {namespace: "Polaris", service: "polaris.monitor"}: 9.136.31.182:8081, status: healthy:true;isolate:false;weight:100
2026-08-05 10:34:31.744034Z	info	base	serviceinfo/service_info.go:280	add instance of {namespace: "Polaris", service: "polaris.monitor"}: 9.141.115.184:8081, status: healthy:true;isolate:false;weight:100
2026-08-05 10:34:31.744038Z	info	base	serviceinfo/service_info.go:280	add instance of {namespace: "Polaris", service: "polaris.monitor"}: 9.141.64.235:8081, status: healthy:true;isolate:false;weight:100
2026-08-05 10:34:31.744041Z	info	base	serviceinfo/service_info.go:280	add instance of {namespace: "Polaris", service: "polaris.monitor"}: 9.141.113.190:8081, status: healthy:true;isolate:false;weight:100
2026-08-05 10:34:31.744044Z	info	base	serviceinfo/service_info.go:280	add instance of {namespace: "Polaris", service: "polaris.monitor"}: 9.141.115.69:8081, status: healthy:true;isolate:false;weight:100
2026-08-05 10:34:31.744047Z	info	base	serviceinfo/service_info.go:280	add instance of {namespace: "Polaris", service: "polaris.monitor"}: 9.136.82.84:8081, status: healthy:true;isolate:false;weight:100
2026-08-05 10:34:31.744050Z	info	base	serviceinfo/service_info.go:280	add instance of {namespace: "Polaris", service: "polaris.monitor"}: 30.160.192.130:8081, status: healthy:true;isolate:false;weight:100
2026-08-05 10:34:31.744052Z	info	base	serviceinfo/service_info.go:280	add instance of {namespace: "Polaris", service: "polaris.monitor"}: 21.21.137.217:8081, status: healthy:true;isolate:false;weight:100
2026-08-05 10:34:31.744055Z	info	base	serviceinfo/service_info.go:280	add instance of {namespace: "Polaris", service: "polaris.monitor"}: 9.141.104.208:8081, status: healthy:true;isolate:false;weight:100
2026-08-05 10:34:31.744057Z	info	base	serviceinfo/service_info.go:280	add instance of {namespace: "Polaris", service: "polaris.monitor"}: 9.136.82.204:8081, status: healthy:true;isolate:false;weight:100
2026-08-05 10:34:31.744060Z	info	base	serviceinfo/service_info.go:280	add instance of {namespace: "Polaris", service: "polaris.monitor"}: 9.141.65.3:8081, status: healthy:true;isolate:false;weight:100
2026-08-05 10:34:31.744062Z	info	base	serviceinfo/service_info.go:280	add instance of {namespace: "Polaris", service: "polaris.monitor"}: 21.21.137.220:8081, status: healthy:true;isolate:false;weight:100
2026-08-05 10:34:31.744065Z	info	base	serviceinfo/service_info.go:280	add instance of {namespace: "Polaris", service: "polaris.monitor"}: 11.135.192.122:8081, status: healthy:true;isolate:false;weight:100
2026-08-05 10:34:31.744067Z	info	base	serviceinfo/service_info.go:280	add instance of {namespace: "Polaris", service: "polaris.monitor"}: 9.141.110.90:8081, status: healthy:true;isolate:false;weight:100
2026-08-05 10:34:31.744069Z	info	base	serviceinfo/service_info.go:280	add instance of {namespace: "Polaris", service: "polaris.monitor"}: 9.141.113.130:8081, status: healthy:true;isolate:false;weight:100
2026-08-05 10:34:31.744072Z	info	base	serviceinfo/service_info.go:280	add instance of {namespace: "Polaris", service: "polaris.monitor"}: 21.106.233.81:8081, status: healthy:true;isolate:false;weight:100
2026-08-05 10:34:31.744074Z	info	base	serviceinfo/service_info.go:280	add instance of {namespace: "Polaris", service: "polaris.monitor"}: 9.141.71.113:8081, status: healthy:true;isolate:false;weight:100
2026-08-05 10:34:31.744077Z	info	base	serviceinfo/service_info.go:280	add instance of {namespace: "Polaris", service: "polaris.monitor"}: 11.140.162.50:8081, status: healthy:true;isolate:false;weight:100
2026-08-05 10:34:31.744079Z	info	base	serviceinfo/service_info.go:280	add instance of {namespace: "Polaris", service: "polaris.monitor"}: 9.141.100.246:8081, status: healthy:true;isolate:false;weight:100
2026-08-05 10:34:31.744082Z	info	base	serviceinfo/service_info.go:280	add instance of {namespace: "Polaris", service: "polaris.monitor"}: 9.141.100.87:8081, status: healthy:true;isolate:false;weight:100
2026-08-05 10:34:31.744084Z	info	base	serviceinfo/service_info.go:280	add instance of {namespace: "Polaris", service: "polaris.monitor"}: 9.141.110.111:8081, status: healthy:true;isolate:false;weight:100
2026-08-05 10:34:31.744087Z	info	base	serviceinfo/service_info.go:280	add instance of {namespace: "Polaris", service: "polaris.monitor"}: 11.140.163.44:8081, status: healthy:true;isolate:false;weight:100
2026-08-05 10:34:31.744090Z	info	base	serviceinfo/service_info.go:280	add instance of {namespace: "Polaris", service: "polaris.monitor"}: 21.106.233.118:8081, status: healthy:true;isolate:false;weight:100
2026-08-05 10:34:31.744093Z	info	base	serviceinfo/service_info.go:280	add instance of {namespace: "Polaris", service: "polaris.monitor"}: 9.141.66.15:8081, status: healthy:true;isolate:false;weight:100
2026-08-05 10:34:31.744096Z	info	base	serviceinfo/service_info.go:280	add instance of {namespace: "Polaris", service: "polaris.monitor"}: 21.21.137.201:8081, status: healthy:true;isolate:false;weight:100
2026-08-05 10:34:31.744098Z	info	base	serviceinfo/service_info.go:280	add instance of {namespace: "Polaris", service: "polaris.monitor"}: 9.136.53.240:8081, status: healthy:true;isolate:false;weight:100
2026-08-05 10:34:31.744101Z	info	base	serviceinfo/service_info.go:280	add instance of {namespace: "Polaris", service: "polaris.monitor"}: 9.141.104.192:8081, status: healthy:true;isolate:false;weight:100
2026-08-05 10:34:31.744103Z	info	base	serviceinfo/service_info.go:280	add instance of {namespace: "Polaris", service: "polaris.monitor"}: 9.141.115.70:8081, status: healthy:true;isolate:false;weight:100
2026-08-05 10:34:31.744105Z	info	base	serviceinfo/service_info.go:280	add instance of {namespace: "Polaris", service: "polaris.monitor"}: 11.140.162.189:8081, status: healthy:true;isolate:false;weight:100
2026-08-05 10:34:31.744108Z	info	base	serviceinfo/service_info.go:280	add instance of {namespace: "Polaris", service: "polaris.monitor"}: 9.141.104.162:8081, status: healthy:true;isolate:false;weight:100
2026-08-05 10:34:31.744110Z	info	base	serviceinfo/service_info.go:280	add instance of {namespace: "Polaris", service: "polaris.monitor"}: 11.150.115.69:8081, status: healthy:true;isolate:false;weight:100
2026-08-05 10:34:31.744112Z	info	base	serviceinfo/service_info.go:280	add instance of {namespace: "Polaris", service: "polaris.monitor"}: 9.141.100.46:8081, status: healthy:true;isolate:false;weight:100
2026-08-05 10:34:31.744115Z	info	base	serviceinfo/service_info.go:280	add instance of {namespace: "Polaris", service: "polaris.monitor"}: 9.141.115.129:8081, status: healthy:true;isolate:false;weight:100
2026-08-05 10:34:31.744118Z	info	base	serviceinfo/service_info.go:280	add instance of {namespace: "Polaris", service: "polaris.monitor"}: 21.21.137.211:8081, status: healthy:true;isolate:false;weight:100
2026-08-05 10:34:31.744123Z	info	base	serviceinfo/service_info.go:280	add instance of {namespace: "Polaris", service: "polaris.monitor"}: 21.21.137.194:8081, status: healthy:true;isolate:false;weight:100
2026-08-05 10:34:31.744126Z	info	base	serviceinfo/service_info.go:280	add instance of {namespace: "Polaris", service: "polaris.monitor"}: 9.136.102.110:8081, status: healthy:true;isolate:false;weight:100
2026-08-05 10:34:31.744129Z	info	base	serviceinfo/service_info.go:280	add instance of {namespace: "Polaris", service: "polaris.monitor"}: 9.141.115.42:8081, status: healthy:true;isolate:false;weight:100
2026-08-05 10:34:31.744133Z	info	base	serviceinfo/service_info.go:280	add instance of {namespace: "Polaris", service: "polaris.monitor"}: 11.135.192.99:8081, status: healthy:true;isolate:false;weight:100
2026-08-05 10:34:31.744138Z	info	base	serviceinfo/service_info.go:280	add instance of {namespace: "Polaris", service: "polaris.monitor"}: 9.141.115.142:8081, status: healthy:true;isolate:false;weight:100
2026-08-05 10:34:31.744142Z	info	base	serviceinfo/service_info.go:280	add instance of {namespace: "Polaris", service: "polaris.monitor"}: 11.135.192.173:8081, status: healthy:true;isolate:false;weight:100
2026-08-05 10:34:31.744149Z	info	base	serviceinfo/service_info.go:280	add instance of {namespace: "Polaris", service: "polaris.monitor"}: 11.140.166.19:8081, status: healthy:true;isolate:false;weight:100
2026-08-05 10:34:31.744152Z	info	base	serviceinfo/service_info.go:280	add instance of {namespace: "Polaris", service: "polaris.monitor"}: 9.141.122.230:8081, status: healthy:true;isolate:false;weight:100
2026-08-05 10:34:31.744155Z	info	base	serviceinfo/service_info.go:280	add instance of {namespace: "Polaris", service: "polaris.monitor"}: 9.141.113.136:8081, status: healthy:true;isolate:false;weight:100
2026-08-05 10:34:31.744157Z	info	base	serviceinfo/service_info.go:280	add instance of {namespace: "Polaris", service: "polaris.monitor"}: 9.136.78.14:8081, status: healthy:true;isolate:false;weight:100
2026-08-05 10:34:31.744160Z	info	base	serviceinfo/service_info.go:280	add instance of {namespace: "Polaris", service: "polaris.monitor"}: 11.135.192.251:8081, status: healthy:true;isolate:false;weight:100
2026-08-05 10:34:31.744162Z	info	base	serviceinfo/service_info.go:280	add instance of {namespace: "Polaris", service: "polaris.monitor"}: 11.135.192.48:8081, status: healthy:true;isolate:false;weight:100
2026-08-05 10:34:31.744165Z	info	base	serviceinfo/service_info.go:280	add instance of {namespace: "Polaris", service: "polaris.monitor"}: 11.135.192.63:8081, status: healthy:true;isolate:false;weight:100
2026-08-05 10:34:31.744169Z	info	base	serviceinfo/service_info.go:280	add instance of {namespace: "Polaris", service: "polaris.monitor"}: 30.175.164.146:8081, status: healthy:true;isolate:false;weight:100
2026-08-05 10:34:31.744172Z	info	base	serviceinfo/service_info.go:280	add instance of {namespace: "Polaris", service: "polaris.monitor"}: 11.135.192.105:8081, status: healthy:true;isolate:false;weight:100
2026-08-05 10:34:31.744175Z	info	base	serviceinfo/service_info.go:280	add instance of {namespace: "Polaris", service: "polaris.monitor"}: 11.140.163.199:8081, status: healthy:true;isolate:false;weight:100
2026-08-05 10:34:31.744178Z	info	base	serviceinfo/service_info.go:280	add instance of {namespace: "Polaris", service: "polaris.monitor"}: 9.136.31.230:8081, status: healthy:true;isolate:false;weight:100
2026-08-05 10:34:31.744180Z	info	base	serviceinfo/service_info.go:280	add instance of {namespace: "Polaris", service: "polaris.monitor"}: 11.142.130.64:8081, status: healthy:true;isolate:false;weight:100
2026-08-05 10:34:31.744182Z	info	base	serviceinfo/service_info.go:280	add instance of {namespace: "Polaris", service: "polaris.monitor"}: 9.141.120.39:8081, status: healthy:true;isolate:false;weight:100
2026-08-05 10:34:31.744185Z	info	base	serviceinfo/service_info.go:280	add instance of {namespace: "Polaris", service: "polaris.monitor"}: 9.141.115.31:8081, status: healthy:true;isolate:false;weight:100
2026-08-05 10:34:31.744190Z	info	base	serviceinfo/service_info.go:280	add instance of {namespace: "Polaris", service: "polaris.monitor"}: 11.135.192.217:8081, status: healthy:true;isolate:false;weight:100
2026-08-05 10:34:31.744196Z	info	base	serviceinfo/service_info.go:280	add instance of {namespace: "Polaris", service: "polaris.monitor"}: 11.135.192.140:8081, status: healthy:true;isolate:false;weight:100
2026-08-05 10:34:31.744198Z	info	base	serviceinfo/service_info.go:280	add instance of {namespace: "Polaris", service: "polaris.monitor"}: 11.140.163.251:8081, status: healthy:true;isolate:false;weight:100
2026-08-05 10:34:31.744201Z	info	base	serviceinfo/service_info.go:280	add instance of {namespace: "Polaris", service: "polaris.monitor"}: 11.135.192.133:8081, status: healthy:true;isolate:false;weight:100
2026-08-05 10:34:31.744203Z	info	base	serviceinfo/service_info.go:280	add instance of {namespace: "Polaris", service: "polaris.monitor"}: 11.135.192.106:8081, status: healthy:true;isolate:false;weight:100
2026-08-05 10:34:31.744205Z	info	base	serviceinfo/service_info.go:280	add instance of {namespace: "Polaris", service: "polaris.monitor"}: 9.141.115.201:8081, status: healthy:true;isolate:false;weight:100
2026-08-05 10:34:31.744208Z	info	base	serviceinfo/service_info.go:280	add instance of {namespace: "Polaris", service: "polaris.monitor"}: 11.140.163.160:8081, status: healthy:true;isolate:false;weight:100
2026-08-05 10:34:31.744210Z	info	base	serviceinfo/service_info.go:280	add instance of {namespace: "Polaris", service: "polaris.monitor"}: 9.141.120.34:8081, status: healthy:true;isolate:false;weight:100
2026-08-05 10:34:31.744213Z	info	base	serviceinfo/service_info.go:280	add instance of {namespace: "Polaris", service: "polaris.monitor"}: 30.160.241.131:8081, status: healthy:true;isolate:false;weight:100
2026-08-05 10:34:31.744215Z	info	base	serviceinfo/service_info.go:280	add instance of {namespace: "Polaris", service: "polaris.monitor"}: 9.141.110.41:8081, status: healthy:true;isolate:false;weight:100
2026-08-05 10:34:31.744218Z	info	base	serviceinfo/service_info.go:280	add instance of {namespace: "Polaris", service: "polaris.monitor"}: 11.135.192.215:8081, status: healthy:true;isolate:false;weight:100
2026-08-05 10:34:31.744220Z	info	base	serviceinfo/service_info.go:280	add instance of {namespace: "Polaris", service: "polaris.monitor"}: 30.160.241.142:8081, status: healthy:true;isolate:false;weight:100
2026-08-05 10:34:31.744223Z	info	base	serviceinfo/service_info.go:280	add instance of {namespace: "Polaris", service: "polaris.monitor"}: 9.141.122.221:8081, status: healthy:true;isolate:false;weight:100
2026-08-05 10:34:31.744225Z	info	base	serviceinfo/service_info.go:280	add instance of {namespace: "Polaris", service: "polaris.monitor"}: 21.21.137.242:8081, status: healthy:true;isolate:false;weight:100
2026-08-05 10:34:31.744227Z	info	base	serviceinfo/service_info.go:280	add instance of {namespace: "Polaris", service: "polaris.monitor"}: 11.142.134.99:8081, status: healthy:true;isolate:false;weight:100
2026-08-05 10:34:31.744230Z	info	base	serviceinfo/service_info.go:280	add instance of {namespace: "Polaris", service: "polaris.monitor"}: 9.141.110.31:8081, status: healthy:true;isolate:false;weight:100
2026-08-05 10:34:31.744232Z	info	base	serviceinfo/service_info.go:280	add instance of {namespace: "Polaris", service: "polaris.monitor"}: 21.21.137.227:8081, status: healthy:true;isolate:false;weight:100
2026-08-05 10:34:31.744235Z	info	base	serviceinfo/service_info.go:280	add instance of {namespace: "Polaris", service: "polaris.monitor"}: 9.141.113.29:8081, status: healthy:true;isolate:false;weight:100
2026-08-05 10:34:31.744237Z	info	base	serviceinfo/service_info.go:280	add instance of {namespace: "Polaris", service: "polaris.monitor"}: 21.106.233.80:8081, status: healthy:true;isolate:false;weight:100
2026-08-05 10:34:31.744240Z	info	base	serviceinfo/service_info.go:280	add instance of {namespace: "Polaris", service: "polaris.monitor"}: 11.142.132.163:8081, status: healthy:true;isolate:false;weight:100
2026-08-05 10:34:31.744242Z	info	base	serviceinfo/service_info.go:280	add instance of {namespace: "Polaris", service: "polaris.monitor"}: 9.141.115.173:8081, status: healthy:true;isolate:false;weight:100
2026-08-05 10:34:31.744244Z	info	base	serviceinfo/service_info.go:280	add instance of {namespace: "Polaris", service: "polaris.monitor"}: 11.135.192.186:8081, status: healthy:true;isolate:false;weight:100
2026-08-05 10:34:31.744247Z	info	base	serviceinfo/service_info.go:280	add instance of {namespace: "Polaris", service: "polaris.monitor"}: 11.135.192.191:8081, status: healthy:true;isolate:false;weight:100
2026-08-05 10:34:31.744249Z	info	base	serviceinfo/service_info.go:280	add instance of {namespace: "Polaris", service: "polaris.monitor"}: 9.136.15.144:8081, status: healthy:true;isolate:false;weight:100
2026-08-05 10:34:31.744258Z	info	base	serviceinfo/service_info.go:280	add instance of {namespace: "Polaris", service: "polaris.monitor"}: 30.160.241.219:8081, status: healthy:true;isolate:false;weight:100
2026-08-05 10:34:31.744260Z	info	base	serviceinfo/service_info.go:280	add instance of {namespace: "Polaris", service: "polaris.monitor"}: 11.135.192.233:8081, status: healthy:true;isolate:false;weight:100
2026-08-05 10:34:31.744263Z	info	base	serviceinfo/service_info.go:280	add instance of {namespace: "Polaris", service: "polaris.monitor"}: 11.135.192.245:8081, status: healthy:true;isolate:false;weight:100
2026-08-05 10:34:31.744265Z	info	base	serviceinfo/service_info.go:280	add instance of {namespace: "Polaris", service: "polaris.monitor"}: 9.141.110.19:8081, status: healthy:true;isolate:false;weight:100
2026-08-05 10:34:31.744268Z	info	base	serviceinfo/service_info.go:280	add instance of {namespace: "Polaris", service: "polaris.monitor"}: 9.141.120.58:8081, status: healthy:true;isolate:false;weight:100
2026-08-05 10:34:31.744270Z	info	base	serviceinfo/service_info.go:280	add instance of {namespace: "Polaris", service: "polaris.monitor"}: 9.141.120.25:8081, status: healthy:true;isolate:false;weight:100
2026-08-05 10:34:31.744273Z	info	base	serviceinfo/service_info.go:280	add instance of {namespace: "Polaris", service: "polaris.monitor"}: 21.21.137.197:8081, status: healthy:true;isolate:false;weight:100
2026-08-05 10:34:31.744277Z	info	base	serviceinfo/service_info.go:280	add instance of {namespace: "Polaris", service: "polaris.monitor"}: 9.141.113.140:8081, status: healthy:true;isolate:false;weight:100
2026-08-05 10:34:31.744280Z	info	base	serviceinfo/service_info.go:280	add instance of {namespace: "Polaris", service: "polaris.monitor"}: 11.140.163.213:8081, status: healthy:true;isolate:false;weight:100
2026-08-05 10:34:31.744283Z	info	base	serviceinfo/service_info.go:280	add instance of {namespace: "Polaris", service: "polaris.monitor"}: 11.135.192.235:8081, status: healthy:true;isolate:false;weight:100
2026-08-05 10:34:31.744285Z	info	base	serviceinfo/service_info.go:280	add instance of {namespace: "Polaris", service: "polaris.monitor"}: 9.141.115.5:8081, status: healthy:true;isolate:false;weight:100
2026-08-05 10:34:31.744288Z	info	base	serviceinfo/service_info.go:280	add instance of {namespace: "Polaris", service: "polaris.monitor"}: 9.141.115.63:8081, status: healthy:true;isolate:false;weight:100
2026-08-05 10:34:31.744290Z	info	base	serviceinfo/service_info.go:280	add instance of {namespace: "Polaris", service: "polaris.monitor"}: 9.141.115.72:8081, status: healthy:true;isolate:false;weight:100
2026-08-05 10:34:31.744293Z	info	base	serviceinfo/service_info.go:280	add instance of {namespace: "Polaris", service: "polaris.monitor"}: 9.141.96.247:8081, status: healthy:true;isolate:false;weight:100
2026-08-05 10:34:31.744295Z	info	base	serviceinfo/service_info.go:280	add instance of {namespace: "Polaris", service: "polaris.monitor"}: 21.21.137.222:8081, status: healthy:true;isolate:false;weight:100
2026-08-05 10:34:31.744298Z	info	base	serviceinfo/service_info.go:280	add instance of {namespace: "Polaris", service: "polaris.monitor"}: 30.160.241.87:8081, status: healthy:true;isolate:false;weight:100
2026-08-05 10:34:31.744300Z	info	base	serviceinfo/service_info.go:280	add instance of {namespace: "Polaris", service: "polaris.monitor"}: 9.141.122.12:8081, status: healthy:true;isolate:false;weight:100
2026-08-05 10:34:31.744302Z	info	base	serviceinfo/service_info.go:280	add instance of {namespace: "Polaris", service: "polaris.monitor"}: 21.106.233.70:8081, status: healthy:true;isolate:false;weight:100
2026-08-05 10:34:31.744305Z	info	base	serviceinfo/service_info.go:280	add instance of {namespace: "Polaris", service: "polaris.monitor"}: 21.21.137.235:8081, status: healthy:true;isolate:false;weight:100
2026-08-05 10:34:31.744307Z	info	base	serviceinfo/service_info.go:280	add instance of {namespace: "Polaris", service: "polaris.monitor"}: 9.141.66.96:8081, status: healthy:true;isolate:false;weight:100
2026-08-05 10:34:31.744310Z	info	base	serviceinfo/service_info.go:280	add instance of {namespace: "Polaris", service: "polaris.monitor"}: 9.141.115.10:8081, status: healthy:true;isolate:false;weight:100
2026-08-05 10:34:31.744312Z	info	base	serviceinfo/service_info.go:280	add instance of {namespace: "Polaris", service: "polaris.monitor"}: 11.135.192.130:8081, status: healthy:true;isolate:false;weight:100
2026-08-05 10:34:31.744315Z	info	base	serviceinfo/service_info.go:280	add instance of {namespace: "Polaris", service: "polaris.monitor"}: 9.141.113.119:8081, status: healthy:true;isolate:false;weight:100
2026-08-05 10:34:31.744317Z	info	base	serviceinfo/service_info.go:280	add instance of {namespace: "Polaris", service: "polaris.monitor"}: 21.21.137.218:8081, status: healthy:true;isolate:false;weight:100
2026-08-05 10:34:31.744320Z	info	base	serviceinfo/service_info.go:280	add instance of {namespace: "Polaris", service: "polaris.monitor"}: 11.150.115.185:8081, status: healthy:true;isolate:false;weight:100
2026-08-05 10:34:31.744322Z	info	base	serviceinfo/service_info.go:280	add instance of {namespace: "Polaris", service: "polaris.monitor"}: 11.135.192.185:8081, status: healthy:true;isolate:false;weight:100
2026-08-05 10:34:31.744324Z	info	base	serviceinfo/service_info.go:280	add instance of {namespace: "Polaris", service: "polaris.monitor"}: 21.106.233.55:8081, status: healthy:true;isolate:false;weight:100
2026-08-05 10:34:31.744327Z	info	base	serviceinfo/service_info.go:280	add instance of {namespace: "Polaris", service: "polaris.monitor"}: 9.141.120.40:8081, status: healthy:true;isolate:false;weight:100
2026-08-05 10:34:31.744330Z	info	base	serviceinfo/service_info.go:280	add instance of {namespace: "Polaris", service: "polaris.monitor"}: 11.135.192.146:8081, status: healthy:true;isolate:false;weight:100
2026-08-05 10:34:31.744332Z	info	base	serviceinfo/service_info.go:280	add instance of {namespace: "Polaris", service: "polaris.monitor"}: 21.106.233.106:8081, status: healthy:true;isolate:false;weight:100
2026-08-05 10:34:31.744334Z	info	base	serviceinfo/service_info.go:280	add instance of {namespace: "Polaris", service: "polaris.monitor"}: 9.136.104.103:8081, status: healthy:true;isolate:false;weight:100
2026-08-05 10:34:31.744337Z	info	base	serviceinfo/service_info.go:280	add instance of {namespace: "Polaris", service: "polaris.monitor"}: 9.141.115.20:8081, status: healthy:true;isolate:false;weight:100
2026-08-05 10:34:31.744340Z	info	base	serviceinfo/service_info.go:280	add instance of {namespace: "Polaris", service: "polaris.monitor"}: 9.141.120.236:8081, status: healthy:true;isolate:false;weight:100
2026-08-05 10:34:31.744342Z	info	base	serviceinfo/service_info.go:280	add instance of {namespace: "Polaris", service: "polaris.monitor"}: 11.135.192.183:8081, status: healthy:true;isolate:false;weight:100
2026-08-05 10:34:31.744344Z	info	base	serviceinfo/service_info.go:280	add instance of {namespace: "Polaris", service: "polaris.monitor"}: 9.141.100.35:8081, status: healthy:true;isolate:false;weight:100
2026-08-05 10:34:31.744347Z	info	base	serviceinfo/service_info.go:280	add instance of {namespace: "Polaris", service: "polaris.monitor"}: 11.140.162.28:8081, status: healthy:true;isolate:false;weight:100
2026-08-05 10:34:31.744350Z	info	base	serviceinfo/service_info.go:280	add instance of {namespace: "Polaris", service: "polaris.monitor"}: 30.160.241.93:8081, status: healthy:true;isolate:false;weight:100
2026-08-05 10:34:31.744352Z	info	base	serviceinfo/service_info.go:280	add instance of {namespace: "Polaris", service: "polaris.monitor"}: 21.21.137.251:8081, status: healthy:true;isolate:false;weight:100
2026-08-05 10:34:31.744355Z	info	base	serviceinfo/service_info.go:280	add instance of {namespace: "Polaris", service: "polaris.monitor"}: 21.21.137.221:8081, status: healthy:true;isolate:false;weight:100
2026-08-05 10:34:31.744357Z	info	base	serviceinfo/service_info.go:280	add instance of {namespace: "Polaris", service: "polaris.monitor"}: 9.141.115.126:8081, status: healthy:true;isolate:false;weight:100
2026-08-05 10:34:31.744361Z	info	base	serviceinfo/service_info.go:280	add instance of {namespace: "Polaris", service: "polaris.monitor"}: 30.175.164.155:8081, status: healthy:true;isolate:false;weight:100
2026-08-05 10:34:31.744363Z	info	base	serviceinfo/service_info.go:280	add instance of {namespace: "Polaris", service: "polaris.monitor"}: 21.21.137.203:8081, status: healthy:true;isolate:false;weight:100
2026-08-05 10:34:31.744365Z	info	base	serviceinfo/service_info.go:280	add instance of {namespace: "Polaris", service: "polaris.monitor"}: 11.135.192.90:8081, status: healthy:true;isolate:false;weight:100
2026-08-05 10:34:31.744368Z	info	base	serviceinfo/service_info.go:280	add instance of {namespace: "Polaris", service: "polaris.monitor"}: 11.142.156.139:8081, status: healthy:true;isolate:false;weight:100
2026-08-05 10:34:31.744370Z	info	base	serviceinfo/service_info.go:280	add instance of {namespace: "Polaris", service: "polaris.monitor"}: 11.140.166.215:8081, status: healthy:true;isolate:false;weight:100
2026-08-05 10:34:31.744373Z	info	base	serviceinfo/service_info.go:280	add instance of {namespace: "Polaris", service: "polaris.monitor"}: 21.21.137.250:8081, status: healthy:true;isolate:false;weight:100
2026-08-05 10:34:31.744375Z	info	base	serviceinfo/service_info.go:280	add instance of {namespace: "Polaris", service: "polaris.monitor"}: 11.142.156.160:8081, status: healthy:true;isolate:false;weight:100
2026-08-05 10:34:31.744378Z	info	base	serviceinfo/service_info.go:280	add instance of {namespace: "Polaris", service: "polaris.monitor"}: 21.21.137.223:8081, status: healthy:true;isolate:false;weight:100
2026-08-05 10:34:31.744380Z	info	base	serviceinfo/service_info.go:280	add instance of {namespace: "Polaris", service: "polaris.monitor"}: 9.141.113.131:8081, status: healthy:true;isolate:false;weight:100
2026-08-05 10:34:31.744383Z	info	base	serviceinfo/service_info.go:280	add instance of {namespace: "Polaris", service: "polaris.monitor"}: 9.141.122.116:8081, status: healthy:true;isolate:false;weight:100
2026-08-05 10:34:31.744386Z	info	base	serviceinfo/service_info.go:280	add instance of {namespace: "Polaris", service: "polaris.monitor"}: 9.141.104.250:8081, status: healthy:true;isolate:false;weight:100
2026-08-05 10:34:31.744389Z	info	base	serviceinfo/service_info.go:280	add instance of {namespace: "Polaris", service: "polaris.monitor"}: 11.135.192.119:8081, status: healthy:true;isolate:false;weight:100
2026-08-05 10:34:31.744392Z	info	base	serviceinfo/service_info.go:280	add instance of {namespace: "Polaris", service: "polaris.monitor"}: 9.141.115.48:8081, status: healthy:true;isolate:false;weight:100
2026-08-05 10:34:31.744394Z	info	base	serviceinfo/service_info.go:280	add instance of {namespace: "Polaris", service: "polaris.monitor"}: 11.135.192.47:8081, status: healthy:true;isolate:false;weight:100
2026-08-05 10:34:31.744397Z	info	base	serviceinfo/service_info.go:280	add instance of {namespace: "Polaris", service: "polaris.monitor"}: 9.141.120.50:8081, status: healthy:true;isolate:false;weight:100
2026-08-05 10:34:31.744400Z	info	base	serviceinfo/service_info.go:280	add instance of {namespace: "Polaris", service: "polaris.monitor"}: 21.21.137.246:8081, status: healthy:true;isolate:false;weight:100
2026-08-05 10:34:31.744402Z	info	base	serviceinfo/service_info.go:280	add instance of {namespace: "Polaris", service: "polaris.monitor"}: 9.141.115.127:8081, status: healthy:true;isolate:false;weight:100
2026-08-05 10:34:31.744405Z	info	base	serviceinfo/service_info.go:280	add instance of {namespace: "Polaris", service: "polaris.monitor"}: 9.136.69.245:8081, status: healthy:true;isolate:false;weight:100
2026-08-05 10:34:31.744408Z	info	base	serviceinfo/service_info.go:280	add instance of {namespace: "Polaris", service: "polaris.monitor"}: 11.135.192.61:8081, status: healthy:true;isolate:false;weight:100
2026-08-05 10:34:31.744410Z	info	base	serviceinfo/service_info.go:280	add instance of {namespace: "Polaris", service: "polaris.monitor"}: 11.142.156.231:8081, status: healthy:true;isolate:false;weight:100
2026-08-05 10:34:31.744413Z	info	base	serviceinfo/service_info.go:280	add instance of {namespace: "Polaris", service: "polaris.monitor"}: 11.142.156.167:8081, status: healthy:true;isolate:false;weight:100
2026-08-05 10:34:31.744417Z	info	base	serviceinfo/service_info.go:280	add instance of {namespace: "Polaris", service: "polaris.monitor"}: 9.141.113.252:8081, status: healthy:true;isolate:false;weight:100
2026-08-05 10:34:31.744421Z	info	base	serviceinfo/service_info.go:280	add instance of {namespace: "Polaris", service: "polaris.monitor"}: 11.135.192.229:8081, status: healthy:true;isolate:false;weight:100
2026-08-05 10:34:31.744424Z	info	base	serviceinfo/service_info.go:280	add instance of {namespace: "Polaris", service: "polaris.monitor"}: 21.21.137.205:8081, status: healthy:true;isolate:false;weight:100
2026-08-05 10:34:31.744429Z	info	base	serviceinfo/service_info.go:280	add instance of {namespace: "Polaris", service: "polaris.monitor"}: 11.142.156.228:8081, status: healthy:true;isolate:false;weight:100
2026-08-05 10:34:31.744433Z	info	base	serviceinfo/service_info.go:280	add instance of {namespace: "Polaris", service: "polaris.monitor"}: 11.142.156.175:8081, status: healthy:true;isolate:false;weight:100
2026-08-05 10:34:31.744436Z	info	base	serviceinfo/service_info.go:280	add instance of {namespace: "Polaris", service: "polaris.monitor"}: 21.106.233.111:8081, status: healthy:true;isolate:false;weight:100
2026-08-05 10:34:31.744439Z	info	base	serviceinfo/service_info.go:280	add instance of {namespace: "Polaris", service: "polaris.monitor"}: 21.21.137.234:8081, status: healthy:true;isolate:false;weight:100
2026-08-05 10:34:31.744441Z	info	base	serviceinfo/service_info.go:280	add instance of {namespace: "Polaris", service: "polaris.monitor"}: 9.141.120.37:8081, status: healthy:true;isolate:false;weight:100
2026-08-05 10:34:31.744444Z	info	base	serviceinfo/service_info.go:280	add instance of {namespace: "Polaris", service: "polaris.monitor"}: 11.140.163.242:8081, status: healthy:true;isolate:false;weight:100
2026-08-05 10:34:31.744447Z	info	base	serviceinfo/service_info.go:280	add instance of {namespace: "Polaris", service: "polaris.monitor"}: 9.141.113.203:8081, status: healthy:true;isolate:false;weight:100
2026-08-05 10:34:31.744451Z	info	base	serviceinfo/service_info.go:280	add instance of {namespace: "Polaris", service: "polaris.monitor"}: 9.141.113.100:8081, status: healthy:true;isolate:false;weight:100
2026-08-05 10:34:31.744453Z	info	base	serviceinfo/service_info.go:280	add instance of {namespace: "Polaris", service: "polaris.monitor"}: 11.140.163.106:8081, status: healthy:true;isolate:false;weight:100
2026-08-05 10:34:31.744456Z	info	base	serviceinfo/service_info.go:280	add instance of {namespace: "Polaris", service: "polaris.monitor"}: 21.21.137.239:8081, status: healthy:true;isolate:false;weight:100
2026-08-05 10:34:31.744458Z	info	base	serviceinfo/service_info.go:280	add instance of {namespace: "Polaris", service: "polaris.monitor"}: 21.21.137.236:8081, status: healthy:true;isolate:false;weight:100
2026-08-05 10:34:31.744460Z	info	base	serviceinfo/service_info.go:280	add instance of {namespace: "Polaris", service: "polaris.monitor"}: 30.160.241.158:8081, status: healthy:true;isolate:false;weight:100
2026-08-05 10:34:31.744463Z	info	base	serviceinfo/service_info.go:280	add instance of {namespace: "Polaris", service: "polaris.monitor"}: 11.135.192.60:8081, status: healthy:true;isolate:false;weight:100
2026-08-05 10:34:31.744466Z	info	base	serviceinfo/service_info.go:280	add instance of {namespace: "Polaris", service: "polaris.monitor"}: 9.141.71.77:8081, status: healthy:true;isolate:false;weight:100
2026-08-05 10:34:31.744468Z	info	base	serviceinfo/service_info.go:280	add instance of {namespace: "Polaris", service: "polaris.monitor"}: 21.21.137.206:8081, status: healthy:true;isolate:false;weight:100
2026-08-05 10:34:31.744471Z	info	base	serviceinfo/service_info.go:280	add instance of {namespace: "Polaris", service: "polaris.monitor"}: 11.135.192.150:8081, status: healthy:true;isolate:false;weight:100
2026-08-05 10:34:31.744473Z	info	base	serviceinfo/service_info.go:280	add instance of {namespace: "Polaris", service: "polaris.monitor"}: 21.21.137.253:8081, status: healthy:true;isolate:false;weight:100
2026-08-05 10:34:31.744477Z	info	base	serviceinfo/service_info.go:280	add instance of {namespace: "Polaris", service: "polaris.monitor"}: 30.160.241.63:8081, status: healthy:true;isolate:false;weight:100
2026-08-05 10:34:31.744483Z	info	base	serviceinfo/service_info.go:280	add instance of {namespace: "Polaris", service: "polaris.monitor"}: 21.21.137.245:8081, status: healthy:true;isolate:false;weight:100
2026-08-05 10:34:31.744486Z	info	base	serviceinfo/service_info.go:280	add instance of {namespace: "Polaris", service: "polaris.monitor"}: 9.141.113.103:8081, status: healthy:true;isolate:false;weight:100
2026-08-05 10:34:31.744488Z	info	base	serviceinfo/service_info.go:280	add instance of {namespace: "Polaris", service: "polaris.monitor"}: 11.140.162.202:8081, status: healthy:true;isolate:false;weight:100
2026-08-05 10:34:31.744491Z	info	base	serviceinfo/service_info.go:280	add instance of {namespace: "Polaris", service: "polaris.monitor"}: 21.21.137.229:8081, status: healthy:true;isolate:false;weight:100
2026-08-05 10:34:31.744493Z	info	base	serviceinfo/service_info.go:280	add instance of {namespace: "Polaris", service: "polaris.monitor"}: 9.141.110.23:8081, status: healthy:true;isolate:false;weight:100
2026-08-05 10:34:31.744496Z	info	base	serviceinfo/service_info.go:280	add instance of {namespace: "Polaris", service: "polaris.monitor"}: 11.135.192.83:8081, status: healthy:true;isolate:false;weight:100
2026-08-05 10:34:31.744498Z	info	base	serviceinfo/service_info.go:280	add instance of {namespace: "Polaris", service: "polaris.monitor"}: 9.141.115.188:8081, status: healthy:true;isolate:false;weight:100
2026-08-05 10:34:31.744501Z	info	base	serviceinfo/service_info.go:280	add instance of {namespace: "Polaris", service: "polaris.monitor"}: 11.135.192.102:8081, status: healthy:true;isolate:false;weight:100
2026-08-05 10:34:31.744507Z	info	base	schedule/routines.go:229	item {namespace: "Polaris", service: "polaris.monitor"} in task circuitBreakTask has added
2026-08-05 10:34:31.744550Z	info	base	common/cache_persist.go:183	Start to load cache from /Users/zhengbangli/polaris/backup/svcV2#Polaris#polaris.monitor#routing.json
2026-08-05 10:34:31.744923Z	info	base	inmemory/inmemory.go:1302	load message for {namespace: "Polaris", service: "polaris.monitor", event: routing} from file svcV2#Polaris#polaris.monitor#routing.json, cache file modify time: 2026-08-03 20:12:16.673531 +0800 CST, direct available: false 

2026-08-05 10:34:31.744934Z	info	base	inmemory/inmemory.go:612	17C43282-30D0-40E4-AAC8-0F81DD672265, start to register event handler for {namespace: "Polaris", service: "polaris.monitor", event: routing}
2026-08-05 10:34:31.744941Z	info	base	common/register.go:53	17C43282-30D0-40E4-AAC8-0F81DD672265, addTask: start to add first task for {namespace: "Polaris", service: "polaris.monitor", event: routing, initialized: firstTask}
2026-08-05 10:34:31.744945Z	info	base	common/register.go:66	17C43282-30D0-40E4-AAC8-0F81DD672265, addTask: finish add first task for {namespace: "Polaris", service: "polaris.monitor", event: routing, initialized: firstTask}
2026-08-05 10:34:31.744949Z	info	base	inmemory/inmemory.go:614	17C43282-30D0-40E4-AAC8-0F81DD672265, finish register event handler for {namespace: "Polaris", service: "polaris.monitor", event: routing}, err <nil>
2026-08-05 10:34:31.848382Z	warn	base	network/impl.go:476	connection {ID:1838153401,Address:30.160.193.207:8081,Service:{ServiceKey: {namespace: "Polaris", service: "polaris.discover"}, ClusterType: discover}}: reported fail
2026-08-05 10:34:31.848499Z	error	base	startup/client_report.go:114	report client info:{"Host":"", "Version":"2.6.10"}, error:polaris-go version: 2.6.10, Polaris-1007(ErrCodeNetworkError): fail to get connection, opKey ReportClient, cause: fail to connect to 30.160.193.207:8081, timeout is 500.408125ms, service is {ServiceKey: {namespace: "Polaris", service: "polaris.discover"}, ClusterType: discover}, because context deadline exceeded
2026-08-05 10:34:31.848501Z	info	base	schedule/routines.go:146	start to process priority task real-time-cb-70665e398fe5d1f21f50d1176d47ccb40d871cea, task: &{Name:real-time-cb-70665e398fe5d1f21f50d1176d47ccb40d871cea CallBack:0x14000618410 AddPeriodicTask:false PeriodicTaskKey:<nil> PeriodicTaskValue:<nil>}
2026-08-05 10:34:32.045622Z	warn	base	flow/sync_flow.go:181	retryTimes 0 equals maxRetryTimes 0, get {namespace: "Polaris", service: "polaris.monitor"} from cache
2026-08-05 10:34:32.148987Z	warn	base	flow/sync_flow.go:181	retryTimes 0 equals maxRetryTimes 0, get {namespace: "Polaris", service: "polaris.discover"} from cache
2026-08-05 10:34:32.243548Z	info	base	network/impl.go:413	get connection of builtin for System
2026-08-05 10:34:32.506948Z	info	base	inmemory/model.go:503	17C43282-30D0-40E4-AAC8-0F81DD672265, OnServiceUpdate: {namespace: "Polaris", service: "polaris.discover", event: instance}, status: CacheNotChanged, set cacheLoaded to false, oldRevision: 00cd6960b47909b72d1c2d5476cef510091cdd37, newRevision: 00cd6960b47909b72d1c2d5476cef510091cdd37
2026-08-05 10:34:32.507070Z	info	base	network/conn.go:116	release connection: {ID:1714742197,Address:9.141.66.244:8081,Service:{ServiceKey: {namespace: "Polaris", service: "polaris-default"}, ClusterType: builtin}}
2026-08-05 10:34:32.507237Z	info	base	network/impl.go:413	get connection of builtin for System
2026-08-05 10:34:32.557301Z	warn	base	network/impl.go:476	connection {ID:1819690829,Address:9.136.102.110:8081,Service:{ServiceKey: {namespace: "Polaris", service: "polaris.monitor"}, ClusterType: monitor}}: reported fail
2026-08-05 10:34:32.557455Z	error	base	startup/config_report.go:53	report sdk config info, IP: , PID: 74907, UID: 17C43282-30D0-40E4-AAC8-0F81DD672265, error:polaris-go version: 2.6.10, Polaris-1007(ErrCodeNetworkError): fail to connect to polaris.monitor, cause: fail to connect to 9.136.102.110:8081, timeout is 506.503875ms, service is {ServiceKey: {namespace: "Polaris", service: "polaris.monitor"}, ClusterType: monitor}, because context deadline exceeded
2026-08-05 10:34:32.557457Z	info	base	schedule/routines.go:146	start to process priority task real-time-cb-af2ba5fb8cfee5986adf82d7b70f83a8a202da4d, task: &{Name:real-time-cb-af2ba5fb8cfee5986adf82d7b70f83a8a202da4d CallBack:0x14000825830 AddPeriodicTask:false PeriodicTaskKey:<nil> PeriodicTaskValue:<nil>}
2026-08-05 10:34:32.649904Z	warn	base	network/impl.go:476	connection {ID:2555582179,Address:11.143.46.238:8081,Service:{ServiceKey: {namespace: "Polaris", service: "polaris.discover"}, ClusterType: discover}}: reported fail
2026-08-05 10:34:32.650027Z	info	base	common/discover.go:182	receive init task: {namespace: "Polaris", service: "polaris.monitor", event: routing, initialized: firstTask}
2026-08-05 10:34:32.650030Z	info	base	schedule/routines.go:146	start to process priority task real-time-cb-293e4dd87076f1bdaee4611e97caf8947e003cbc, task: &{Name:real-time-cb-293e4dd87076f1bdaee4611e97caf8947e003cbc CallBack:0x14000825cb0 AddPeriodicTask:false PeriodicTaskKey:<nil> PeriodicTaskValue:<nil>}
2026-08-05 10:34:32.650040Z	info	base	network/impl.go:413	get connection of discover for Discover
2026-08-05 10:34:32.707695Z	info	base	inmemory/model.go:503	17C43282-30D0-40E4-AAC8-0F81DD672265, OnServiceUpdate: {namespace: "Polaris", service: "polaris.discover", event: routing}, status: CacheNotChanged, set cacheLoaded to false, oldRevision: 6f20d31f220046ccb69f43f51fcabfc3, newRevision: 6f20d31f220046ccb69f43f51fcabfc3
2026-08-05 10:34:32.707728Z	info	base	network/conn.go:116	release connection: {ID:3307879272,Address:9.146.202.27:8081,Service:{ServiceKey: {namespace: "Polaris", service: "polaris-default"}, ClusterType: builtin}}
2026-08-05 10:34:32.707741Z	warn	base	flow/sync_flow.go:181	retryTimes 0 equals maxRetryTimes 0, get {namespace: "Polaris", service: "polaris.discover"} from cache
2026-08-05 10:34:32.891909Z	info	base	inmemory/model.go:503	17C43282-30D0-40E4-AAC8-0F81DD672265, OnServiceUpdate: {namespace: "Polaris", service: "polaris.monitor", event: routing}, status: CacheNotChanged, set cacheLoaded to false, oldRevision: 3a00e45a08dc4b45b5b3dd83110835e9, newRevision: 3a00e45a08dc4b45b5b3dd83110835e9
2026-08-05 10:34:32.892132Z	info	base	inmemory/model.go:503	17C43282-30D0-40E4-AAC8-0F81DD672265, OnServiceUpdate: {namespace: "Polaris", service: "polaris.monitor", event: instance}, status: CacheNotChanged, set cacheLoaded to false, oldRevision: ea1cf66673b51382afa91b11f3568d001cd1ae9a, newRevision: ea1cf66673b51382afa91b11f3568d001cd1ae9a
2026-08-05 10:34:35.732255Z	info	base	common/cache_persist.go:183	Start to load cache from /Users/zhengbangli/polaris/backup/svcV2#Test#lzb_filter_only_router#instance.json
2026-08-05 10:34:35.733112Z	warn	base	pb/service.go:235	service Test:lzb_filter_only_router unmarshal slow start config fail EOF
2026-08-05 10:34:35.733186Z	info	base	inmemory/inmemory.go:1302	load message for {namespace: "Test", service: "lzb_filter_only_router", event: instance} from file svcV2#Test#lzb_filter_only_router#instance.json, cache file modify time: 2026-08-03 20:12:16.67407841 +0800 CST, direct available: false 

2026-08-05 10:34:35.733219Z	info	base	inmemory/inmemory.go:612	17C43282-30D0-40E4-AAC8-0F81DD672265, start to register event handler for {namespace: "Test", service: "lzb_filter_only_router", event: instance}
2026-08-05 10:34:35.733249Z	info	base	common/register.go:53	17C43282-30D0-40E4-AAC8-0F81DD672265, addTask: start to add first task for {namespace: "Test", service: "lzb_filter_only_router", event: instance, initialized: firstTask}
2026-08-05 10:34:35.733280Z	info	base	common/register.go:66	17C43282-30D0-40E4-AAC8-0F81DD672265, addTask: finish add first task for {namespace: "Test", service: "lzb_filter_only_router", event: instance, initialized: firstTask}
2026-08-05 10:34:35.733302Z	info	base	inmemory/inmemory.go:614	17C43282-30D0-40E4-AAC8-0F81DD672265, finish register event handler for {namespace: "Test", service: "lzb_filter_only_router", event: instance}, err <nil>
2026-08-05 10:34:35.733310Z	info	base	common/discover.go:182	receive init task: {namespace: "Test", service: "lzb_filter_only_router", event: instance, initialized: firstTask}
2026-08-05 10:34:35.733335Z	info	base	serviceinfo/service_info.go:277	service instances of {namespace: "Test", service: "lzb_filter_only_router"} change, oldRevision , newRevision f2f0d4736a9987c416d10a0ab3442a012def26db, oldCount 0, newCount 3
2026-08-05 10:34:35.733366Z	info	base	serviceinfo/service_info.go:280	add instance of {namespace: "Test", service: "lzb_filter_only_router"}: 1.1.1.2:8080, status: healthy:false;isolate:false;weight:100
2026-08-05 10:34:35.733386Z	info	base	serviceinfo/service_info.go:280	add instance of {namespace: "Test", service: "lzb_filter_only_router"}: 1.1.1.3:8080, status: healthy:false;isolate:false;weight:100
2026-08-05 10:34:35.733414Z	info	base	serviceinfo/service_info.go:280	add instance of {namespace: "Test", service: "lzb_filter_only_router"}: 1.1.1.1:8080, status: healthy:false;isolate:false;weight:100
2026-08-05 10:34:35.733440Z	info	base	schedule/routines.go:229	item {namespace: "Test", service: "lzb_filter_only_router"} in task circuitBreakTask has added
2026-08-05 10:34:35.733542Z	info	base	common/cache_persist.go:183	Start to load cache from /Users/zhengbangli/polaris/backup/svcV2#Test#lzb_filter_only_router#routing.json
2026-08-05 10:34:35.733999Z	info	base	inmemory/inmemory.go:1302	load message for {namespace: "Test", service: "lzb_filter_only_router", event: routing} from file svcV2#Test#lzb_filter_only_router#routing.json, cache file modify time: 2026-08-03 20:12:16.673646 +0800 CST, direct available: false 

2026-08-05 10:34:35.734047Z	info	base	inmemory/inmemory.go:612	17C43282-30D0-40E4-AAC8-0F81DD672265, start to register event handler for {namespace: "Test", service: "lzb_filter_only_router", event: routing}
2026-08-05 10:34:35.734078Z	info	base	common/register.go:53	17C43282-30D0-40E4-AAC8-0F81DD672265, addTask: start to add first task for {namespace: "Test", service: "lzb_filter_only_router", event: routing, initialized: firstTask}
2026-08-05 10:34:35.734109Z	info	base	common/register.go:66	17C43282-30D0-40E4-AAC8-0F81DD672265, addTask: finish add first task for {namespace: "Test", service: "lzb_filter_only_router", event: routing, initialized: firstTask}
2026-08-05 10:34:35.734132Z	info	base	inmemory/inmemory.go:614	17C43282-30D0-40E4-AAC8-0F81DD672265, finish register event handler for {namespace: "Test", service: "lzb_filter_only_router", event: routing}, err <nil>
2026-08-05 10:34:35.734149Z	info	base	common/discover.go:182	receive init task: {namespace: "Test", service: "lzb_filter_only_router", event: routing, initialized: firstTask}
2026-08-05 10:34:35.770897Z	info	base	inmemory/model.go:465	17C43282-30D0-40E4-AAC8-0F81DD672265, OnServiceUpdate: {namespace: "Test", service: "lzb_filter_only_router", event: instance}, status: CacheChanged, pending to update, oldRevision: f2f0d4736a9987c416d10a0ab3442a012def26db, newRevision: 1f2f1fa989a4ec6bb011a5074d852f8dfb095b1c
2026-08-05 10:34:35.771025Z	warn	base	pb/service.go:235	service Test:lzb_filter_only_router unmarshal slow start config fail EOF
2026-08-05 10:34:35.771060Z	info	base	inmemory/model.go:696	CacheObject: value for {namespace: "Test", service: "lzb_filter_only_router", event: instance} is updated, revision 1f2f1fa989a4ec6bb011a5074d852f8dfb095b1c
2026-08-05 10:34:35.771102Z	info	base	serviceinfo/service_info.go:277	service instances of {namespace: "Test", service: "lzb_filter_only_router"} change, oldRevision f2f0d4736a9987c416d10a0ab3442a012def26db, newRevision 1f2f1fa989a4ec6bb011a5074d852f8dfb095b1c, oldCount 3, newCount 3
2026-08-05 10:34:35.771127Z	info	base	serviceinfo/service_info.go:284	modify instance of {namespace: "Test", service: "lzb_filter_only_router"}: 1.1.1.1:8080, status: healthy:false to true;isolate:false;weight:100
2026-08-05 10:34:35.778183Z	info	base	inmemory/model.go:503	17C43282-30D0-40E4-AAC8-0F81DD672265, OnServiceUpdate: {namespace: "Test", service: "lzb_filter_only_router", event: routing}, status: CacheNotChanged, set cacheLoaded to false, oldRevision: , newRevision: 
2026-08-05 10:34:35.778306Z	info	base	schedule/routines.go:84	task quota-metric has been destroy
2026-08-05 10:34:35.778319Z	info	base	schedule/routines.go:84	task circuitBreakTask has been destroy
2026-08-05 10:34:35.778326Z	info	base	schedule/routines.go:84	task clientReportTask has been destroy
2026-08-05 10:34:35.778331Z	info	base	schedule/routines.go:84	task sdkConfigReportTask has been destroy
2026-08-05 10:34:35.778336Z	info	base	schedule/routines.go:143	task circuitBreakTask has done
2026-08-05 10:34:35.778354Z	info	base	inmemory/inmemory.go:244	logServiceMap of inmemory localRegistry has been terminated
2026-08-05 10:34:35.778360Z	info	base	schedule/routines.go:196	task clientReportTask has done
2026-08-05 10:34:35.778366Z	info	base	schedule/routines.go:196	task sdkConfigReportTask has done
2026-08-05 10:37:14.323740Z	warn	base	config/default.go:413	no IP or interface name configured
2026-08-05 10:37:14.324375Z	info	base	api/config.go:293	global clock started
2026-08-05 10:37:14.324457Z	warn	base	config/default.go:413	no IP or interface name configured
2026-08-05 10:37:14.324478Z	info	base	api/config.go:321	
-------Start to init SDKContext of version 2.6.10, IP: , PID: 77038, UID: F01983D7-D52C-4E88-88F9-52F5E1880170, CONTAINER: , HOSTNAME:-------
2026-08-05 10:37:14.324600Z	info	base	grpc/operation_async.go:100	set grpc plugin as connectionCreator
2026-08-05 10:37:14.324673Z	info	base	plugin/manage.go:241	Initialized plugin type serverConnector, name grpc, id 30
2026-08-05 10:37:14.324701Z	info	base	plugin/manage.go:241	Initialized plugin type serviceRouter, name canaryRouter, id 6
2026-08-05 10:37:14.324705Z	info	base	plugin/manage.go:241	Initialized plugin type serviceRouter, name dstMetaRouter, id 7
2026-08-05 10:37:14.324708Z	info	base	plugin/manage.go:241	Initialized plugin type serviceRouter, name filterOnlyRouter, id 8
2026-08-05 10:37:14.324815Z	info	base	plugin/manage.go:241	Initialized plugin type serviceRouter, name nearbyBasedRouter, id 9
2026-08-05 10:37:14.324920Z	info	base	plugin/manage.go:241	Initialized plugin type serviceRouter, name ruleBasedRouter, id 10
2026-08-05 10:37:14.324923Z	info	base	plugin/manage.go:241	Initialized plugin type serviceRouter, name setDivisionRouter, id 11
2026-08-05 10:37:14.324926Z	info	base	plugin/manage.go:241	Initialized plugin type loadBalancer, name cMurmurHash, id 18
2026-08-05 10:37:14.324929Z	info	base	plugin/manage.go:241	Initialized plugin type loadBalancer, name l5cst, id 19
2026-08-05 10:37:14.324932Z	info	base	plugin/manage.go:241	Initialized plugin type loadBalancer, name ringHash, id 20
2026-08-05 10:37:14.325084Z	info	base	plugin/manage.go:241	Initialized plugin type loadBalancer, name weightedRandom, id 21
2026-08-05 10:37:14.325200Z	info	base	plugin/manage.go:241	Initialized plugin type loadBalancer, name dynamicWeightedRandom, id 15
2026-08-05 10:37:14.325204Z	info	base	plugin/manage.go:241	Initialized plugin type loadBalancer, name hash, id 16
2026-08-05 10:37:14.325207Z	info	base	plugin/manage.go:241	Initialized plugin type loadBalancer, name maglev, id 17
2026-08-05 10:37:14.325210Z	info	base	plugin/manage.go:241	Initialized plugin type outlierDetector, name http, id 2
2026-08-05 10:37:14.325213Z	info	base	plugin/manage.go:241	Initialized plugin type outlierDetector, name tcp, id 3
2026-08-05 10:37:14.325215Z	info	base	plugin/manage.go:241	Initialized plugin type outlierDetector, name udp, id 4
2026-08-05 10:37:14.325218Z	info	base	plugin/manage.go:241	Initialized plugin type circuitBreaker, name errorCheck, id 12
2026-08-05 10:37:14.325221Z	info	base	plugin/manage.go:241	Initialized plugin type circuitBreaker, name errorCount, id 13
2026-08-05 10:37:14.325224Z	info	base	plugin/manage.go:241	Initialized plugin type circuitBreaker, name errorRate, id 14
2026-08-05 10:37:14.325229Z	info	base	plugin/manage.go:241	Initialized plugin type weightAdjuster, name slowStart, id 24
2026-08-05 10:37:14.326009Z	info	base	plugin/manage.go:241	Initialized plugin type statReporter, name stat2Monitor, id 25
2026-08-05 10:37:14.326015Z	info	base	plugin/manage.go:241	Initialized plugin type statReporter, name rateLimitRecord, id 26
2026-08-05 10:37:14.326021Z	info	base	plugin/manage.go:241	Initialized plugin type statReporter, name serviceCache, id 27
2026-08-05 10:37:14.326025Z	info	base	plugin/manage.go:241	Initialized plugin type statReporter, name serviceRoute, id 28
2026-08-05 10:37:14.326028Z	info	base	plugin/manage.go:241	Initialized plugin type alarmReporter, name alarm2file, id 1
2026-08-05 10:37:14.326032Z	info	base	inmemory/inmemory.go:191	LocalCache Real persistDir:/Users/zhengbangli/polaris/backup
2026-08-05 10:37:14.326072Z	info	base	plugin/manage.go:241	Initialized plugin type localRegistry, name inmemory, id 29
2026-08-05 10:37:14.326076Z	info	base	plugin/manage.go:241	Initialized plugin type rateLimiter, name reject, id 5
2026-08-05 10:37:14.326080Z	info	base	plugin/manage.go:241	Initialized plugin type rateLimiter, name unirate, id 22
2026-08-05 10:37:14.326084Z	info	base	plugin/manage.go:241	Initialized plugin type subScribe, name subscribeLocalChannel, id 23
2026-08-05 10:37:14.327045Z	info	base	api/config.go:348	
F01983D7-D52C-4E88-88F9-52F5E1880170, -------Configuration with default value-------
global:
  system:
    mode: 0
    discoverCluster:
      namespace: Polaris
      service: polaris.discover
      refreshInterval: 10m0s
    healthCheckCluster:
      namespace: Polaris
      service: polaris.healthcheck
      refreshInterval: 10m0s
    monitorCluster:
      namespace: Polaris
      service: polaris.monitor
      refreshInterval: 10m0s
    rateLimitCluster: null
    metricCluster: null
    dynamicWeightCluster:
      namespace: Polaris
      service: polaris.dynamic.weight
      refreshInterval: 10m0s
    variables: {}
    apiVersion: v2
  api:
    timeout: 1s
    bindIf: ""
    bindIP: ""
    reportInterval: 10m0s
    maxRetryTimes: 1
    retryInterval: 1s
    location:
      region: ""
      zone: ""
      campus: ""
      enableUpdate: true
  serverConnector:
    addresses: []
    backupAddresses: []
    protocol: grpc
    connectTimeout: 500ms
    messageTimeout: 1.5s
    watchTimeout: 1m0s
    connectionIdleTimeout: 5s
    requestQueueSize: 1000
    serverSwitchInterval: 10m0s
    reconnectInterval: 500ms
    apiVersion: v2
    joinPoint: ""
    plugin:
      grpc:
        maxCallRecvMsgSize: 52428800
  statReporter:
    enable: true
    chain:
    - stat2Monitor
    - serviceCache
    - rateLimitRecord
    - serviceRoute
    plugin:
      rateLimitRecord:
        reportInterval: 1m0s
      serviceCache:
        reportInterval: 3m0s
      serviceRoute:
        reportInterval: 5m0s
      stat2Monitor:
        metricsReportWindow: 1m0s
        metricsNumBuckets: 12
  authority:
    appId: ""
    appToken: ""
  dataExpiredCheck:
    syncRetryTimes: 5
consumer:
  localCache:
    serviceExpireTime: 24h0m0s
    serviceRefreshInterval: 2s
    persistDir: $HOME/polaris/backup
    enablePersistence: null
    type: inmemory
    persistMaxWriteRetry: 5
    persistMaxReadRetry: 1
    persistRetryInterval: 1s
    persistAvailableInterval: 2m0s
    upgradeWaitTime: 2s
    startUseFileCache: true
    pushEmptyProtection: false
    plugin: {}
  serviceRouter:
    chain:
    - ruleBasedRouter
    - nearbyBasedRouter
    plugin:
      nearbyBasedRouter:
        matchLevel: zone
        maxMatchLevel: ""
        strictNearby: false
        enableDegradeByUnhealthyPercent: true
        unhealthyPercentToDegrade: 100
    percentOfMinInstances: 0
    disableRouteSourceContinue: false
    enableRecoverAll: true
  loadbalancer:
    type: weightedRandom
    plugin:
      hash:
        hashFunction: murmur3
      maglev:
        hashFunction: murmur3
        tableSize: 65537
      ringHash:
        hashFunction: murmur3
        vnodeCount: 10
  circuitBreaker:
    enable: true
    checkPeriod: 2s
    chain:
    - errorCount
    - errorRate
    - errorCheck
    sleepWindow: 30s
    maxSleepWindow: 30s
    expansionFactor: 2
    requestCountAfterHalfOpen: 10
    successCountAfterHalfOpen: 8
    recoverWindow: 1m0s
    recoverNumBuckets: 10
    plugin:
      errorCount:
        continuousErrorThreshold: 10
        metricStatTimeWindow: 1m0s
        metricNumBuckets: 10
      errorRate:
        requestVolumeThreshold: 10
        errorRatePercent: 50
        errorRateThreshold: 0
        metricStatTimeWindow: 1m0s
        metricNumBuckets: 5
  healthCheck:
    interval: 10s
    chain: []
    plugin:
      http:
        timeout: 100ms
        path: ""
      tcp:
        timeout: 100ms
        retry: 0
        send: ""
        receive: ""
      udp:
        timeout: 100ms
        retry: 0
        send: ""
        receive: ""
    when: never
    concurrency: 0
  weightAdjuster:
    chain:
    - slowStart
    plugin: {}
  subscribe:
    type: subscribeLocalChannel
    plugin:
      subscribeLocalChannel:
        channelBufferSize: 30
  servicesSpecific:
  - namespace: Polaris
    service: polaris.discover
    serviceRouter:
      chain:
      - dstMetaRouter
      - nearbyBasedRouter
      plugin:
        nearbyBasedRouter:
          matchLevel: region
          maxMatchLevel: ""
          strictNearby: false
          enableDegradeByUnhealthyPercent: true
          unhealthyPercentToDegrade: 100
      percentOfMinInstances: 0
      disableRouteSourceContinue: false
      enableRecoverAll: true
    circuitBreaker:
      enable: true
      checkPeriod: 2s
      chain:
      - errorCount
      - errorRate
      - errorCheck
      sleepWindow: 30s
      maxSleepWindow: 30s
      expansionFactor: 2
      requestCountAfterHalfOpen: 10
      successCountAfterHalfOpen: 8
      recoverWindow: 1m0s
      recoverNumBuckets: 10
      plugin:
        errorCount:
          continuousErrorThreshold: 1
          metricStatTimeWindow: 1m0s
          metricNumBuckets: 10
        errorRate:
          requestVolumeThreshold: 10
          errorRatePercent: 50
          errorRateThreshold: 0
          metricStatTimeWindow: 1m0s
          metricNumBuckets: 5
    healthCheck:
      interval: 10s
      chain: []
      plugin:
        http:
          timeout: 100ms
          path: ""
        tcp:
          timeout: 100ms
          retry: 0
          send: ""
          receive: ""
        udp:
          timeout: 100ms
          retry: 0
          send: ""
          receive: ""
      when: never
      concurrency: 0
  - namespace: Polaris
    service: polaris.healthcheck
    serviceRouter:
      chain:
      - dstMetaRouter
      - nearbyBasedRouter
      plugin:
        nearbyBasedRouter:
          matchLevel: region
          maxMatchLevel: ""
          strictNearby: false
          enableDegradeByUnhealthyPercent: true
          unhealthyPercentToDegrade: 100
      percentOfMinInstances: 0
      disableRouteSourceContinue: false
      enableRecoverAll: true
    circuitBreaker:
      enable: true
      checkPeriod: 2s
      chain:
      - errorCount
      - errorRate
      - errorCheck
      sleepWindow: 30s
      maxSleepWindow: 30s
      expansionFactor: 2
      requestCountAfterHalfOpen: 10
      successCountAfterHalfOpen: 8
      recoverWindow: 1m0s
      recoverNumBuckets: 10
      plugin:
        errorCount:
          continuousErrorThreshold: 1
          metricStatTimeWindow: 1m0s
          metricNumBuckets: 10
        errorRate:
          requestVolumeThreshold: 10
          errorRatePercent: 50
          errorRateThreshold: 0
          metricStatTimeWindow: 1m0s
          metricNumBuckets: 5
    healthCheck:
      interval: 10s
      chain: []
      plugin:
        http:
          timeout: 100ms
          path: ""
        tcp:
          timeout: 100ms
          retry: 0
          send: ""
          receive: ""
        udp:
          timeout: 100ms
          retry: 0
          send: ""
          receive: ""
      when: never
      concurrency: 0
  - namespace: Polaris
    service: polaris.monitor
    serviceRouter:
      chain:
      - dstMetaRouter
      - nearbyBasedRouter
      plugin:
        nearbyBasedRouter:
          matchLevel: region
          maxMatchLevel: ""
          strictNearby: false
          enableDegradeByUnhealthyPercent: true
          unhealthyPercentToDegrade: 100
      percentOfMinInstances: 0
      disableRouteSourceContinue: false
      enableRecoverAll: true
    circuitBreaker:
      enable: true
      checkPeriod: 2s
      chain:
      - errorCount
      - errorRate
      - errorCheck
      sleepWindow: 30s
      maxSleepWindow: 30s
      expansionFactor: 2
      requestCountAfterHalfOpen: 10
      successCountAfterHalfOpen: 8
      recoverWindow: 1m0s
      recoverNumBuckets: 10
      plugin:
        errorCount:
          continuousErrorThreshold: 1
          metricStatTimeWindow: 1m0s
          metricNumBuckets: 10
        errorRate:
          requestVolumeThreshold: 10
          errorRatePercent: 50
          errorRateThreshold: 0
          metricStatTimeWindow: 1m0s
          metricNumBuckets: 5
    healthCheck:
      interval: 10s
      chain: []
      plugin:
        http:
          timeout: 100ms
          path: ""
        tcp:
          timeout: 100ms
          retry: 0
          send: ""
          receive: ""
        udp:
          timeout: 100ms
          retry: 0
          send: ""
          receive: ""
      when: never
      concurrency: 0
  - namespace: Polaris
    service: polaris.dynamic.weight
    serviceRouter:
      chain:
      - dstMetaRouter
      - nearbyBasedRouter
      plugin:
        nearbyBasedRouter:
          matchLevel: region
          maxMatchLevel: ""
          strictNearby: false
          enableDegradeByUnhealthyPercent: true
          unhealthyPercentToDegrade: 100
      percentOfMinInstances: 0
      disableRouteSourceContinue: false
      enableRecoverAll: true
    circuitBreaker:
      enable: true
      checkPeriod: 2s
      chain:
      - errorCount
      - errorRate
      - errorCheck
      sleepWindow: 30s
      maxSleepWindow: 30s
      expansionFactor: 2
      requestCountAfterHalfOpen: 10
      successCountAfterHalfOpen: 8
      recoverWindow: 1m0s
      recoverNumBuckets: 10
      plugin:
        errorCount:
          continuousErrorThreshold: 1
          metricStatTimeWindow: 1m0s
          metricNumBuckets: 10
        errorRate:
          requestVolumeThreshold: 10
          errorRatePercent: 50
          errorRateThreshold: 0
          metricStatTimeWindow: 1m0s
          metricNumBuckets: 5
    healthCheck:
      interval: 10s
      chain: []
      plugin:
        http:
          timeout: 100ms
          path: ""
        tcp:
          timeout: 100ms
          retry: 0
          send: ""
          receive: ""
        udp:
          timeout: 100ms
          retry: 0
          send: ""
          receive: ""
      when: never
      concurrency: 0
provider:
  rateLimit:
    enable: true
    plugin:
      unirate:
        maxQueuingTime: 1s
    mode: "\x01"
    rateLimitCluster:
      namespace: ""
      service: ""
      refreshInterval: 10m0s
    maxWindowSize: 20000
    purgeInterval: 1m0s
    expireFactor: 10s
    degradeWithTotalToken: false
    timeZone: ""

2026-08-05 10:37:14.327060Z	info	base	api/config.go:353	
-------F01983D7-D52C-4E88-88F9-52F5E1880170, All plugins and engine initialized successfully-------
2026-08-05 10:37:14.327168Z	info	base	common/cache_persist.go:183	Start to load cache from /Users/zhengbangli/polaris/backup/client_info.json
2026-08-05 10:37:14.327212Z	info	base	network/impl.go:373	connectionManager start updateDiscover
2026-08-05 10:37:14.327309Z	error	base	common/cache_persist.go:131	fail to load cache from file svcV2#Polaris#polaris.discover#instance.json, svcKey: {namespace: "Polaris", service: "polaris.discover", event: instance}, error is Fail to Stat the cache file name /Users/zhengbangli/polaris/backup/svcV2#Polaris#polaris.discover#instance.json:  stat /Users/zhengbangli/polaris/backup/svcV2#Polaris#polaris.discover#instance.json: no such file or directory
2026-08-05 10:37:14.327324Z	info	base	common/cache_persist.go:183	Start to load cache from /Users/zhengbangli/polaris/backup/svc#Polaris#polaris.discover#instance.json
2026-08-05 10:37:14.328457Z	info	base	startup/client_report.go:138	current client area info is Host:30.26.152.44-{Region:, Zone:, Campus:}
2026-08-05 10:37:14.328487Z	info	base	schedule/routines.go:229	item clientReportTask in task clientReportTask has added
2026-08-05 10:37:14.328504Z	info	base	schedule/routines.go:116	task clientReportTask started period 5m0s
2026-08-05 10:37:14.328512Z	info	base	schedule/routines.go:280	task clientReportTask has been started
2026-08-05 10:37:14.328516Z	info	base	schedule/routines.go:229	item sdkConfigReportTask in task sdkConfigReportTask has added
2026-08-05 10:37:14.328520Z	info	base	schedule/routines.go:116	task sdkConfigReportTask started period 2m30s
2026-08-05 10:37:14.328526Z	info	base	schedule/routines.go:280	task sdkConfigReportTask has been started
2026-08-05 10:37:14.328530Z	info	base	api/config.go:363	
-------F01983D7-D52C-4E88-88F9-52F5E1880170, All plugins and engine started successfully-------
2026-08-05 10:37:14.328535Z	info	base	api/config.go:371	
-------F01983D7-D52C-4E88-88F9-52F5E1880170, SDKContext init successfully-------
2026-08-05 10:37:14.335259Z	info	base	pb/service.go:201	service Polaris::polaris.discover nearby enabled
2026-08-05 10:37:14.335480Z	warn	base	pb/service.go:235	service Polaris:polaris.discover unmarshal slow start config fail EOF
2026-08-05 10:37:14.335506Z	info	base	inmemory/inmemory.go:1302	load message for {namespace: "Polaris", service: "polaris.discover", event: instance} from file svc#Polaris#polaris.discover#instance.json, cache file modify time: 2026-08-05 10:34:32.530582 +0800 CST, direct available: false 

2026-08-05 10:37:14.335514Z	info	base	inmemory/inmemory.go:612	F01983D7-D52C-4E88-88F9-52F5E1880170, start to register event handler for {namespace: "Polaris", service: "polaris.discover", event: instance}
2026-08-05 10:37:14.335533Z	info	base	common/register.go:53	F01983D7-D52C-4E88-88F9-52F5E1880170, addTask: start to add first task for {namespace: "Polaris", service: "polaris.discover", event: instance, initialized: firstTask}
2026-08-05 10:37:14.335540Z	info	base	common/register.go:66	F01983D7-D52C-4E88-88F9-52F5E1880170, addTask: finish add first task for {namespace: "Polaris", service: "polaris.discover", event: instance, initialized: firstTask}
2026-08-05 10:37:14.335545Z	info	base	inmemory/inmemory.go:614	F01983D7-D52C-4E88-88F9-52F5E1880170, finish register event handler for {namespace: "Polaris", service: "polaris.discover", event: instance}, err <nil>
2026-08-05 10:37:14.335578Z	info	base	serviceinfo/service_info.go:277	service instances of {namespace: "Polaris", service: "polaris.discover"} change, oldRevision , newRevision 00cd6960b47909b72d1c2d5476cef510091cdd37, oldCount 0, newCount 252
2026-08-05 10:37:14.335583Z	info	base	serviceinfo/service_info.go:280	add instance of {namespace: "Polaris", service: "polaris.discover"}: 11.143.46.238:8080, status: healthy:true;isolate:false;weight:100
2026-08-05 10:37:14.335587Z	info	base	serviceinfo/service_info.go:280	add instance of {namespace: "Polaris", service: "polaris.discover"}: 9.141.120.2:8091, status: healthy:true;isolate:false;weight:100
2026-08-05 10:37:14.335590Z	info	base	serviceinfo/service_info.go:280	add instance of {namespace: "Polaris", service: "polaris.discover"}: 30.163.61.135:8080, status: healthy:true;isolate:false;weight:100
2026-08-05 10:37:14.335594Z	info	base	serviceinfo/service_info.go:280	add instance of {namespace: "Polaris", service: "polaris.discover"}: 30.160.241.139:8080, status: healthy:true;isolate:false;weight:100
2026-08-05 10:37:14.335597Z	info	base	serviceinfo/service_info.go:280	add instance of {namespace: "Polaris", service: "polaris.discover"}: 11.143.46.177:8091, status: healthy:true;isolate:false;weight:100
2026-08-05 10:37:14.335600Z	info	base	serviceinfo/service_info.go:280	add instance of {namespace: "Polaris", service: "polaris.discover"}: 9.141.120.169:8091, status: healthy:true;isolate:false;weight:100
2026-08-05 10:37:14.335603Z	info	base	serviceinfo/service_info.go:280	add instance of {namespace: "Polaris", service: "polaris.discover"}: 30.163.241.12:8080, status: healthy:true;isolate:false;weight:100
2026-08-05 10:37:14.335606Z	info	base	serviceinfo/service_info.go:280	add instance of {namespace: "Polaris", service: "polaris.discover"}: 9.141.112.55:8080, status: healthy:true;isolate:false;weight:100
2026-08-05 10:37:14.335609Z	info	base	serviceinfo/service_info.go:280	add instance of {namespace: "Polaris", service: "polaris.discover"}: 11.143.52.61:8081, status: healthy:true;isolate:false;weight:100
2026-08-05 10:37:14.335612Z	info	base	serviceinfo/service_info.go:280	add instance of {namespace: "Polaris", service: "polaris.discover"}: 30.163.241.65:8091, status: healthy:true;isolate:false;weight:100
2026-08-05 10:37:14.335615Z	info	base	serviceinfo/service_info.go:280	add instance of {namespace: "Polaris", service: "polaris.discover"}: 9.141.115.145:8091, status: healthy:true;isolate:false;weight:100
2026-08-05 10:37:14.335618Z	info	base	serviceinfo/service_info.go:280	add instance of {namespace: "Polaris", service: "polaris.discover"}: 11.140.162.11:8081, status: healthy:true;isolate:false;weight:100
2026-08-05 10:37:14.335621Z	info	base	serviceinfo/service_info.go:280	add instance of {namespace: "Polaris", service: "polaris.discover"}: 11.143.52.113:8080, status: healthy:true;isolate:false;weight:100
2026-08-05 10:37:14.335624Z	info	base	serviceinfo/service_info.go:280	add instance of {namespace: "Polaris", service: "polaris.discover"}: 9.141.115.113:8081, status: healthy:true;isolate:false;weight:100
2026-08-05 10:37:14.335627Z	info	base	serviceinfo/service_info.go:280	add instance of {namespace: "Polaris", service: "polaris.discover"}: 30.163.76.175:8080, status: healthy:true;isolate:false;weight:100
2026-08-05 10:37:14.335629Z	info	base	serviceinfo/service_info.go:280	add instance of {namespace: "Polaris", service: "polaris.discover"}: 11.143.46.186:8080, status: healthy:true;isolate:false;weight:100
2026-08-05 10:37:14.335633Z	info	base	serviceinfo/service_info.go:280	add instance of {namespace: "Polaris", service: "polaris.discover"}: 9.141.120.192:8081, status: healthy:true;isolate:false;weight:100
2026-08-05 10:37:14.335636Z	info	base	serviceinfo/service_info.go:280	add instance of {namespace: "Polaris", service: "polaris.discover"}: 30.163.76.200:8091, status: healthy:true;isolate:false;weight:100
2026-08-05 10:37:14.335639Z	info	base	serviceinfo/service_info.go:280	add instance of {namespace: "Polaris", service: "polaris.discover"}: 11.143.46.217:8081, status: healthy:true;isolate:false;weight:100
2026-08-05 10:37:14.335642Z	info	base	serviceinfo/service_info.go:280	add instance of {namespace: "Polaris", service: "polaris.discover"}: 11.140.162.82:8091, status: healthy:true;isolate:false;weight:100
2026-08-05 10:37:14.335644Z	info	base	serviceinfo/service_info.go:280	add instance of {namespace: "Polaris", service: "polaris.discover"}: 30.163.241.36:8081, status: healthy:true;isolate:false;weight:100
2026-08-05 10:37:14.335647Z	info	base	serviceinfo/service_info.go:280	add instance of {namespace: "Polaris", service: "polaris.discover"}: 11.143.46.139:8081, status: healthy:true;isolate:false;weight:100
2026-08-05 10:37:14.335650Z	info	base	serviceinfo/service_info.go:280	add instance of {namespace: "Polaris", service: "polaris.discover"}: 30.163.241.93:8080, status: healthy:true;isolate:false;weight:100
2026-08-05 10:37:14.335653Z	info	base	serviceinfo/service_info.go:280	add instance of {namespace: "Polaris", service: "polaris.discover"}: 11.143.52.33:8080, status: healthy:true;isolate:false;weight:100
2026-08-05 10:37:14.335658Z	info	base	serviceinfo/service_info.go:280	add instance of {namespace: "Polaris", service: "polaris.discover"}: 9.141.112.101:8081, status: healthy:true;isolate:false;weight:100
2026-08-05 10:37:14.335661Z	info	base	serviceinfo/service_info.go:280	add instance of {namespace: "Polaris", service: "polaris.discover"}: 11.143.41.233:8081, status: healthy:true;isolate:false;weight:100
2026-08-05 10:37:14.335664Z	info	base	serviceinfo/service_info.go:280	add instance of {namespace: "Polaris", service: "polaris.discover"}: 11.143.52.137:8081, status: healthy:true;isolate:false;weight:100
2026-08-05 10:37:14.335667Z	info	base	serviceinfo/service_info.go:280	add instance of {namespace: "Polaris", service: "polaris.discover"}: 11.143.52.46:8081, status: healthy:true;isolate:false;weight:100
2026-08-05 10:37:14.335669Z	info	base	serviceinfo/service_info.go:280	add instance of {namespace: "Polaris", service: "polaris.discover"}: 11.143.52.33:8091, status: healthy:true;isolate:false;weight:100
2026-08-05 10:37:14.335672Z	info	base	serviceinfo/service_info.go:280	add instance of {namespace: "Polaris", service: "polaris.discover"}: 11.140.162.241:8091, status: healthy:true;isolate:false;weight:100
2026-08-05 10:37:14.335675Z	info	base	serviceinfo/service_info.go:280	add instance of {namespace: "Polaris", service: "polaris.discover"}: 30.163.241.78:8091, status: healthy:true;isolate:false;weight:100
2026-08-05 10:37:14.335678Z	info	base	serviceinfo/service_info.go:280	add instance of {namespace: "Polaris", service: "polaris.discover"}: 30.163.241.46:8081, status: healthy:true;isolate:false;weight:100
2026-08-05 10:37:14.335680Z	info	base	serviceinfo/service_info.go:280	add instance of {namespace: "Polaris", service: "polaris.discover"}: 11.143.46.237:8081, status: healthy:true;isolate:false;weight:100
2026-08-05 10:37:14.335683Z	info	base	serviceinfo/service_info.go:280	add instance of {namespace: "Polaris", service: "polaris.discover"}: 11.181.42.102:8080, status: healthy:true;isolate:false;weight:100
2026-08-05 10:37:14.335686Z	info	base	serviceinfo/service_info.go:280	add instance of {namespace: "Polaris", service: "polaris.discover"}: 30.163.76.175:8091, status: healthy:true;isolate:false;weight:100
2026-08-05 10:37:14.335689Z	info	base	serviceinfo/service_info.go:280	add instance of {namespace: "Polaris", service: "polaris.discover"}: 9.141.112.228:8081, status: healthy:true;isolate:false;weight:100
2026-08-05 10:37:14.335692Z	info	base	serviceinfo/service_info.go:280	add instance of {namespace: "Polaris", service: "polaris.discover"}: 11.143.46.177:8080, status: healthy:true;isolate:false;weight:100
2026-08-05 10:37:14.335695Z	info	base	serviceinfo/service_info.go:280	add instance of {namespace: "Polaris", service: "polaris.discover"}: 9.141.100.40:8091, status: healthy:true;isolate:false;weight:100
2026-08-05 10:37:14.335700Z	info	base	serviceinfo/service_info.go:280	add instance of {namespace: "Polaris", service: "polaris.discover"}: 11.146.16.15:8091, status: healthy:true;isolate:false;weight:100
2026-08-05 10:37:14.335702Z	info	base	serviceinfo/service_info.go:280	add instance of {namespace: "Polaris", service: "polaris.discover"}: 9.141.112.55:8091, status: healthy:true;isolate:false;weight:100
2026-08-05 10:37:14.335705Z	info	base	serviceinfo/service_info.go:280	add instance of {namespace: "Polaris", service: "polaris.discover"}: 11.146.16.180:8081, status: healthy:true;isolate:false;weight:100
2026-08-05 10:37:14.335708Z	info	base	serviceinfo/service_info.go:280	add instance of {namespace: "Polaris", service: "polaris.discover"}: 30.163.61.135:8081, status: healthy:true;isolate:false;weight:100
2026-08-05 10:37:14.335711Z	info	base	serviceinfo/service_info.go:280	add instance of {namespace: "Polaris", service: "polaris.discover"}: 11.143.46.238:8081, status: healthy:true;isolate:false;weight:100
2026-08-05 10:37:14.335714Z	info	base	serviceinfo/service_info.go:280	add instance of {namespace: "Polaris", service: "polaris.discover"}: 9.141.66.92:8081, status: healthy:true;isolate:false;weight:100
2026-08-05 10:37:14.335717Z	info	base	serviceinfo/service_info.go:280	add instance of {namespace: "Polaris", service: "polaris.discover"}: 11.143.46.235:8081, status: healthy:true;isolate:false;weight:100
2026-08-05 10:37:14.335720Z	info	base	serviceinfo/service_info.go:280	add instance of {namespace: "Polaris", service: "polaris.discover"}: 30.163.241.36:8091, status: healthy:true;isolate:false;weight:100
2026-08-05 10:37:14.335723Z	info	base	serviceinfo/service_info.go:280	add instance of {namespace: "Polaris", service: "polaris.discover"}: 9.141.115.86:8081, status: healthy:true;isolate:false;weight:100
2026-08-05 10:37:14.335726Z	info	base	serviceinfo/service_info.go:280	add instance of {namespace: "Polaris", service: "polaris.discover"}: 30.163.241.139:8091, status: healthy:true;isolate:false;weight:100
2026-08-05 10:37:14.335729Z	info	base	serviceinfo/service_info.go:280	add instance of {namespace: "Polaris", service: "polaris.discover"}: 30.163.241.118:8080, status: healthy:true;isolate:false;weight:100
2026-08-05 10:37:14.335732Z	info	base	serviceinfo/service_info.go:280	add instance of {namespace: "Polaris", service: "polaris.discover"}: 30.163.241.148:8081, status: healthy:true;isolate:false;weight:100
2026-08-05 10:37:14.335734Z	info	base	serviceinfo/service_info.go:280	add instance of {namespace: "Polaris", service: "polaris.discover"}: 11.143.46.235:8080, status: healthy:true;isolate:false;weight:100
2026-08-05 10:37:14.335737Z	info	base	serviceinfo/service_info.go:280	add instance of {namespace: "Polaris", service: "polaris.discover"}: 11.143.46.178:8081, status: healthy:true;isolate:false;weight:100
2026-08-05 10:37:14.335740Z	info	base	serviceinfo/service_info.go:280	add instance of {namespace: "Polaris", service: "polaris.discover"}: 30.163.76.175:8081, status: healthy:true;isolate:false;weight:100
2026-08-05 10:37:14.335743Z	info	base	serviceinfo/service_info.go:280	add instance of {namespace: "Polaris", service: "polaris.discover"}: 30.163.241.119:8091, status: healthy:true;isolate:false;weight:100
2026-08-05 10:37:14.335746Z	info	base	serviceinfo/service_info.go:280	add instance of {namespace: "Polaris", service: "polaris.discover"}: 30.163.241.65:8081, status: healthy:true;isolate:false;weight:100
2026-08-05 10:37:14.335749Z	info	base	serviceinfo/service_info.go:280	add instance of {namespace: "Polaris", service: "polaris.discover"}: 30.163.241.118:8081, status: healthy:true;isolate:false;weight:100
2026-08-05 10:37:14.335751Z	info	base	serviceinfo/service_info.go:280	add instance of {namespace: "Polaris", service: "polaris.discover"}: 30.163.241.147:8081, status: healthy:true;isolate:false;weight:100
2026-08-05 10:37:14.335754Z	info	base	serviceinfo/service_info.go:280	add instance of {namespace: "Polaris", service: "polaris.discover"}: 9.141.112.228:8091, status: healthy:true;isolate:false;weight:100
2026-08-05 10:37:14.335757Z	info	base	serviceinfo/service_info.go:280	add instance of {namespace: "Polaris", service: "polaris.discover"}: 11.140.162.11:8091, status: healthy:true;isolate:false;weight:100
2026-08-05 10:37:14.335760Z	info	base	serviceinfo/service_info.go:280	add instance of {namespace: "Polaris", service: "polaris.discover"}: 9.141.64.229:8080, status: healthy:true;isolate:false;weight:100
2026-08-05 10:37:14.335763Z	info	base	serviceinfo/service_info.go:280	add instance of {namespace: "Polaris", service: "polaris.discover"}: 11.143.52.33:8081, status: healthy:true;isolate:false;weight:100
2026-08-05 10:37:14.335765Z	info	base	serviceinfo/service_info.go:280	add instance of {namespace: "Polaris", service: "polaris.discover"}: 11.143.46.177:8081, status: healthy:true;isolate:false;weight:100
2026-08-05 10:37:14.335768Z	info	base	serviceinfo/service_info.go:280	add instance of {namespace: "Polaris", service: "polaris.discover"}: 30.163.241.119:8081, status: healthy:true;isolate:false;weight:100
2026-08-05 10:37:14.335771Z	info	base	serviceinfo/service_info.go:280	add instance of {namespace: "Polaris", service: "polaris.discover"}: 11.140.162.241:8080, status: healthy:true;isolate:false;weight:100
2026-08-05 10:37:14.335774Z	info	base	serviceinfo/service_info.go:280	add instance of {namespace: "Polaris", service: "polaris.discover"}: 9.141.115.145:8080, status: healthy:true;isolate:false;weight:100
2026-08-05 10:37:14.335777Z	info	base	serviceinfo/service_info.go:280	add instance of {namespace: "Polaris", service: "polaris.discover"}: 9.141.115.86:8080, status: healthy:true;isolate:false;weight:100
2026-08-05 10:37:14.335779Z	info	base	serviceinfo/service_info.go:280	add instance of {namespace: "Polaris", service: "polaris.discover"}: 11.146.16.99:8091, status: healthy:true;isolate:false;weight:100
2026-08-05 10:37:14.335782Z	info	base	serviceinfo/service_info.go:280	add instance of {namespace: "Polaris", service: "polaris.discover"}: 30.160.192.175:8091, status: healthy:true;isolate:false;weight:100
2026-08-05 10:37:14.335785Z	info	base	serviceinfo/service_info.go:280	add instance of {namespace: "Polaris", service: "polaris.discover"}: 30.163.241.238:8091, status: healthy:true;isolate:false;weight:100
2026-08-05 10:37:14.335788Z	info	base	serviceinfo/service_info.go:280	add instance of {namespace: "Polaris", service: "polaris.discover"}: 30.163.241.148:8091, status: healthy:true;isolate:false;weight:100
2026-08-05 10:37:14.335790Z	info	base	serviceinfo/service_info.go:280	add instance of {namespace: "Polaris", service: "polaris.discover"}: 30.163.61.120:8091, status: healthy:true;isolate:false;weight:100
2026-08-05 10:37:14.335793Z	info	base	serviceinfo/service_info.go:280	add instance of {namespace: "Polaris", service: "polaris.discover"}: 11.140.162.82:8081, status: healthy:true;isolate:false;weight:100
2026-08-05 10:37:14.335796Z	info	base	serviceinfo/service_info.go:280	add instance of {namespace: "Polaris", service: "polaris.discover"}: 11.143.52.162:8080, status: healthy:true;isolate:false;weight:100
2026-08-05 10:37:14.335799Z	info	base	serviceinfo/service_info.go:280	add instance of {namespace: "Polaris", service: "polaris.discover"}: 30.160.241.254:8091, status: healthy:true;isolate:false;weight:100
2026-08-05 10:37:14.335802Z	info	base	serviceinfo/service_info.go:280	add instance of {namespace: "Polaris", service: "polaris.discover"}: 30.163.241.139:8080, status: healthy:true;isolate:false;weight:100
2026-08-05 10:37:14.335805Z	info	base	serviceinfo/service_info.go:280	add instance of {namespace: "Polaris", service: "polaris.discover"}: 21.200.76.73:8091, status: healthy:true;isolate:false;weight:100
2026-08-05 10:37:14.335808Z	info	base	serviceinfo/service_info.go:280	add instance of {namespace: "Polaris", service: "polaris.discover"}: 9.141.120.202:8080, status: healthy:true;isolate:false;weight:100
2026-08-05 10:37:14.335823Z	info	base	serviceinfo/service_info.go:280	add instance of {namespace: "Polaris", service: "polaris.discover"}: 11.143.46.139:8091, status: healthy:true;isolate:false;weight:100
2026-08-05 10:37:14.335826Z	info	base	serviceinfo/service_info.go:280	add instance of {namespace: "Polaris", service: "polaris.discover"}: 21.200.76.73:8080, status: healthy:true;isolate:false;weight:100
2026-08-05 10:37:14.335828Z	info	base	serviceinfo/service_info.go:280	add instance of {namespace: "Polaris", service: "polaris.discover"}: 11.143.52.113:8091, status: healthy:true;isolate:false;weight:100
2026-08-05 10:37:14.335830Z	info	base	serviceinfo/service_info.go:280	add instance of {namespace: "Polaris", service: "polaris.discover"}: 9.141.115.86:8091, status: healthy:true;isolate:false;weight:100
2026-08-05 10:37:14.335832Z	info	base	serviceinfo/service_info.go:280	add instance of {namespace: "Polaris", service: "polaris.discover"}: 9.141.115.145:8081, status: healthy:true;isolate:false;weight:100
2026-08-05 10:37:14.335835Z	info	base	serviceinfo/service_info.go:280	add instance of {namespace: "Polaris", service: "polaris.discover"}: 11.143.46.201:8081, status: healthy:true;isolate:false;weight:100
2026-08-05 10:37:14.335837Z	info	base	serviceinfo/service_info.go:280	add instance of {namespace: "Polaris", service: "polaris.discover"}: 30.163.241.65:8080, status: healthy:true;isolate:false;weight:100
2026-08-05 10:37:14.335839Z	info	base	serviceinfo/service_info.go:280	add instance of {namespace: "Polaris", service: "polaris.discover"}: 11.140.162.37:8080, status: healthy:true;isolate:false;weight:100
2026-08-05 10:37:14.335841Z	info	base	serviceinfo/service_info.go:280	add instance of {namespace: "Polaris", service: "polaris.discover"}: 30.163.241.9:8081, status: healthy:true;isolate:false;weight:100
2026-08-05 10:37:14.335844Z	info	base	serviceinfo/service_info.go:280	add instance of {namespace: "Polaris", service: "polaris.discover"}: 11.143.52.9:8091, status: healthy:true;isolate:false;weight:100
2026-08-05 10:37:14.335866Z	info	base	serviceinfo/service_info.go:280	add instance of {namespace: "Polaris", service: "polaris.discover"}: 30.163.241.9:8080, status: healthy:true;isolate:false;weight:100
2026-08-05 10:37:14.335869Z	info	base	serviceinfo/service_info.go:280	add instance of {namespace: "Polaris", service: "polaris.discover"}: 9.141.112.108:8091, status: healthy:true;isolate:false;weight:100
2026-08-05 10:37:14.335872Z	info	base	serviceinfo/service_info.go:280	add instance of {namespace: "Polaris", service: "polaris.discover"}: 9.141.115.148:8080, status: healthy:true;isolate:false;weight:100
2026-08-05 10:37:14.335874Z	info	base	serviceinfo/service_info.go:280	add instance of {namespace: "Polaris", service: "polaris.discover"}: 9.141.120.169:8080, status: healthy:true;isolate:false;weight:100
2026-08-05 10:37:14.335876Z	info	base	serviceinfo/service_info.go:280	add instance of {namespace: "Polaris", service: "polaris.discover"}: 9.141.120.202:8081, status: healthy:true;isolate:false;weight:100
2026-08-05 10:37:14.335878Z	info	base	serviceinfo/service_info.go:280	add instance of {namespace: "Polaris", service: "polaris.discover"}: 9.141.100.83:8091, status: healthy:true;isolate:false;weight:100
2026-08-05 10:37:14.335881Z	info	base	serviceinfo/service_info.go:280	add instance of {namespace: "Polaris", service: "polaris.discover"}: 30.160.192.175:8081, status: healthy:true;isolate:false;weight:100
2026-08-05 10:37:14.335883Z	info	base	serviceinfo/service_info.go:280	add instance of {namespace: "Polaris", service: "polaris.discover"}: 9.141.120.2:8080, status: healthy:true;isolate:false;weight:100
2026-08-05 10:37:14.335885Z	info	base	serviceinfo/service_info.go:280	add instance of {namespace: "Polaris", service: "polaris.discover"}: 9.141.66.92:8091, status: healthy:true;isolate:false;weight:100
2026-08-05 10:37:14.335887Z	info	base	serviceinfo/service_info.go:280	add instance of {namespace: "Polaris", service: "polaris.discover"}: 11.143.52.137:8080, status: healthy:true;isolate:false;weight:100
2026-08-05 10:37:14.335890Z	info	base	serviceinfo/service_info.go:280	add instance of {namespace: "Polaris", service: "polaris.discover"}: 30.163.241.78:8081, status: healthy:true;isolate:false;weight:100
2026-08-05 10:37:14.335892Z	info	base	serviceinfo/service_info.go:280	add instance of {namespace: "Polaris", service: "polaris.discover"}: 21.200.76.73:8081, status: healthy:true;isolate:false;weight:100
2026-08-05 10:37:14.335894Z	info	base	serviceinfo/service_info.go:280	add instance of {namespace: "Polaris", service: "polaris.discover"}: 30.160.193.207:8081, status: healthy:true;isolate:false;weight:100
2026-08-05 10:37:14.335896Z	info	base	serviceinfo/service_info.go:280	add instance of {namespace: "Polaris", service: "polaris.discover"}: 11.140.162.82:8080, status: healthy:true;isolate:false;weight:100
2026-08-05 10:37:14.335899Z	info	base	serviceinfo/service_info.go:280	add instance of {namespace: "Polaris", service: "polaris.discover"}: 30.163.241.93:8081, status: healthy:true;isolate:false;weight:100
2026-08-05 10:37:14.335901Z	info	base	serviceinfo/service_info.go:280	add instance of {namespace: "Polaris", service: "polaris.discover"}: 30.163.241.46:8080, status: healthy:true;isolate:false;weight:100
2026-08-05 10:37:14.335903Z	info	base	serviceinfo/service_info.go:280	add instance of {namespace: "Polaris", service: "polaris.discover"}: 11.143.46.186:8091, status: healthy:true;isolate:false;weight:100
2026-08-05 10:37:14.335905Z	info	base	serviceinfo/service_info.go:280	add instance of {namespace: "Polaris", service: "polaris.discover"}: 21.200.76.141:8081, status: healthy:true;isolate:false;weight:100
2026-08-05 10:37:14.335907Z	info	base	serviceinfo/service_info.go:280	add instance of {namespace: "Polaris", service: "polaris.discover"}: 9.141.100.40:8080, status: healthy:true;isolate:false;weight:100
2026-08-05 10:37:14.335909Z	info	base	serviceinfo/service_info.go:280	add instance of {namespace: "Polaris", service: "polaris.discover"}: 9.141.112.101:8091, status: healthy:true;isolate:false;weight:100
2026-08-05 10:37:14.335912Z	info	base	serviceinfo/service_info.go:280	add instance of {namespace: "Polaris", service: "polaris.discover"}: 21.200.76.141:8091, status: healthy:true;isolate:false;weight:100
2026-08-05 10:37:14.335914Z	info	base	serviceinfo/service_info.go:280	add instance of {namespace: "Polaris", service: "polaris.discover"}: 30.163.241.54:8091, status: healthy:true;isolate:false;weight:100
2026-08-05 10:37:14.335916Z	info	base	serviceinfo/service_info.go:280	add instance of {namespace: "Polaris", service: "polaris.discover"}: 9.141.115.114:8091, status: healthy:true;isolate:false;weight:100
2026-08-05 10:37:14.335919Z	info	base	serviceinfo/service_info.go:280	add instance of {namespace: "Polaris", service: "polaris.discover"}: 30.163.241.31:8081, status: healthy:true;isolate:false;weight:100
2026-08-05 10:37:14.335921Z	info	base	serviceinfo/service_info.go:280	add instance of {namespace: "Polaris", service: "polaris.discover"}: 30.163.241.54:8081, status: healthy:true;isolate:false;weight:100
2026-08-05 10:37:14.335923Z	info	base	serviceinfo/service_info.go:280	add instance of {namespace: "Polaris", service: "polaris.discover"}: 30.160.192.175:8080, status: healthy:true;isolate:false;weight:100
2026-08-05 10:37:14.335925Z	info	base	serviceinfo/service_info.go:280	add instance of {namespace: "Polaris", service: "polaris.discover"}: 30.163.241.110:8081, status: healthy:true;isolate:false;weight:100
2026-08-05 10:37:14.335927Z	info	base	serviceinfo/service_info.go:280	add instance of {namespace: "Polaris", service: "polaris.discover"}: 9.141.64.219:8091, status: healthy:true;isolate:false;weight:100
2026-08-05 10:37:14.335929Z	info	base	serviceinfo/service_info.go:280	add instance of {namespace: "Polaris", service: "polaris.discover"}: 11.143.46.130:8080, status: healthy:true;isolate:false;weight:100
2026-08-05 10:37:14.335932Z	info	base	serviceinfo/service_info.go:280	add instance of {namespace: "Polaris", service: "polaris.discover"}: 9.141.112.229:8091, status: healthy:true;isolate:false;weight:100
2026-08-05 10:37:14.335936Z	info	base	serviceinfo/service_info.go:280	add instance of {namespace: "Polaris", service: "polaris.discover"}: 11.143.52.61:8091, status: healthy:true;isolate:false;weight:100
2026-08-05 10:37:14.335938Z	info	base	serviceinfo/service_info.go:280	add instance of {namespace: "Polaris", service: "polaris.discover"}: 30.163.76.200:8080, status: healthy:true;isolate:false;weight:100
2026-08-05 10:37:14.335940Z	info	base	serviceinfo/service_info.go:280	add instance of {namespace: "Polaris", service: "polaris.discover"}: 30.163.241.36:8080, status: healthy:true;isolate:false;weight:100
2026-08-05 10:37:14.335942Z	info	base	serviceinfo/service_info.go:280	add instance of {namespace: "Polaris", service: "polaris.discover"}: 11.181.40.156:8080, status: healthy:true;isolate:false;weight:100
2026-08-05 10:37:14.335944Z	info	base	serviceinfo/service_info.go:280	add instance of {namespace: "Polaris", service: "polaris.discover"}: 30.163.241.147:8080, status: healthy:true;isolate:false;weight:100
2026-08-05 10:37:14.335947Z	info	base	serviceinfo/service_info.go:280	add instance of {namespace: "Polaris", service: "polaris.discover"}: 11.143.52.162:8091, status: healthy:true;isolate:false;weight:100
2026-08-05 10:37:14.335949Z	info	base	serviceinfo/service_info.go:280	add instance of {namespace: "Polaris", service: "polaris.discover"}: 30.163.241.31:8080, status: healthy:true;isolate:false;weight:100
2026-08-05 10:37:14.335951Z	info	base	serviceinfo/service_info.go:280	add instance of {namespace: "Polaris", service: "polaris.discover"}: 9.141.100.40:8081, status: healthy:true;isolate:false;weight:100
2026-08-05 10:37:14.335953Z	info	base	serviceinfo/service_info.go:280	add instance of {namespace: "Polaris", service: "polaris.discover"}: 30.163.241.55:8080, status: healthy:true;isolate:false;weight:100
2026-08-05 10:37:14.335955Z	info	base	serviceinfo/service_info.go:280	add instance of {namespace: "Polaris", service: "polaris.discover"}: 30.163.87.177:8081, status: healthy:true;isolate:false;weight:100
2026-08-05 10:37:14.335958Z	info	base	serviceinfo/service_info.go:280	add instance of {namespace: "Polaris", service: "polaris.discover"}: 9.141.84.195:8091, status: healthy:true;isolate:false;weight:100
2026-08-05 10:37:14.335960Z	info	base	serviceinfo/service_info.go:280	add instance of {namespace: "Polaris", service: "polaris.discover"}: 9.141.112.101:8080, status: healthy:true;isolate:false;weight:100
2026-08-05 10:37:14.335962Z	info	base	serviceinfo/service_info.go:280	add instance of {namespace: "Polaris", service: "polaris.discover"}: 9.141.112.79:8080, status: healthy:true;isolate:false;weight:100
2026-08-05 10:37:14.335964Z	info	base	serviceinfo/service_info.go:280	add instance of {namespace: "Polaris", service: "polaris.discover"}: 30.163.241.12:8081, status: healthy:true;isolate:false;weight:100
2026-08-05 10:37:14.335966Z	info	base	serviceinfo/service_info.go:280	add instance of {namespace: "Polaris", service: "polaris.discover"}: 9.141.120.169:8081, status: healthy:true;isolate:false;weight:100
2026-08-05 10:37:14.335968Z	info	base	serviceinfo/service_info.go:280	add instance of {namespace: "Polaris", service: "polaris.discover"}: 11.146.16.15:8081, status: healthy:true;isolate:false;weight:100
2026-08-05 10:37:14.335971Z	info	base	serviceinfo/service_info.go:280	add instance of {namespace: "Polaris", service: "polaris.discover"}: 30.160.193.207:8080, status: healthy:true;isolate:false;weight:100
2026-08-05 10:37:14.335973Z	info	base	serviceinfo/service_info.go:280	add instance of {namespace: "Polaris", service: "polaris.discover"}: 9.141.115.113:8080, status: healthy:true;isolate:false;weight:100
2026-08-05 10:37:14.335975Z	info	base	serviceinfo/service_info.go:280	add instance of {namespace: "Polaris", service: "polaris.discover"}: 11.181.40.156:8091, status: healthy:true;isolate:false;weight:100
2026-08-05 10:37:14.335977Z	info	base	serviceinfo/service_info.go:280	add instance of {namespace: "Polaris", service: "polaris.discover"}: 11.143.52.9:8080, status: healthy:true;isolate:false;weight:100
2026-08-05 10:37:14.335979Z	info	base	serviceinfo/service_info.go:280	add instance of {namespace: "Polaris", service: "polaris.discover"}: 30.163.241.238:8081, status: healthy:true;isolate:false;weight:100
2026-08-05 10:37:14.335981Z	info	base	serviceinfo/service_info.go:280	add instance of {namespace: "Polaris", service: "polaris.discover"}: 11.143.46.235:8091, status: healthy:true;isolate:false;weight:100
2026-08-05 10:37:14.335984Z	info	base	serviceinfo/service_info.go:280	add instance of {namespace: "Polaris", service: "polaris.discover"}: 30.163.76.200:8081, status: healthy:true;isolate:false;weight:100
2026-08-05 10:37:14.335986Z	info	base	serviceinfo/service_info.go:280	add instance of {namespace: "Polaris", service: "polaris.discover"}: 9.141.64.219:8081, status: healthy:true;isolate:false;weight:100
2026-08-05 10:37:14.335988Z	info	base	serviceinfo/service_info.go:280	add instance of {namespace: "Polaris", service: "polaris.discover"}: 11.181.42.102:8081, status: healthy:true;isolate:false;weight:100
2026-08-05 10:37:14.335990Z	info	base	serviceinfo/service_info.go:280	add instance of {namespace: "Polaris", service: "polaris.discover"}: 11.143.46.201:8091, status: healthy:true;isolate:false;weight:100
2026-08-05 10:37:14.335993Z	info	base	serviceinfo/service_info.go:280	add instance of {namespace: "Polaris", service: "polaris.discover"}: 9.141.112.229:8080, status: healthy:true;isolate:false;weight:100
2026-08-05 10:37:14.335995Z	info	base	serviceinfo/service_info.go:280	add instance of {namespace: "Polaris", service: "polaris.discover"}: 9.141.100.83:8081, status: healthy:true;isolate:false;weight:100
2026-08-05 10:37:14.335997Z	info	base	serviceinfo/service_info.go:280	add instance of {namespace: "Polaris", service: "polaris.discover"}: 30.163.87.177:8091, status: healthy:true;isolate:false;weight:100
2026-08-05 10:37:14.335999Z	info	base	serviceinfo/service_info.go:280	add instance of {namespace: "Polaris", service: "polaris.discover"}: 30.163.241.93:8091, status: healthy:true;isolate:false;weight:100
2026-08-05 10:37:14.336001Z	info	base	serviceinfo/service_info.go:280	add instance of {namespace: "Polaris", service: "polaris.discover"}: 11.143.46.240:8081, status: healthy:true;isolate:false;weight:100
2026-08-05 10:37:14.336003Z	info	base	serviceinfo/service_info.go:280	add instance of {namespace: "Polaris", service: "polaris.discover"}: 11.143.46.238:8091, status: healthy:true;isolate:false;weight:100
2026-08-05 10:37:14.336006Z	info	base	serviceinfo/service_info.go:280	add instance of {namespace: "Polaris", service: "polaris.discover"}: 11.181.40.156:8081, status: healthy:true;isolate:false;weight:100
2026-08-05 10:37:14.336008Z	info	base	serviceinfo/service_info.go:280	add instance of {namespace: "Polaris", service: "polaris.discover"}: 30.160.241.139:8081, status: healthy:true;isolate:false;weight:100
2026-08-05 10:37:14.336011Z	info	base	serviceinfo/service_info.go:280	add instance of {namespace: "Polaris", service: "polaris.discover"}: 30.163.241.125:8081, status: healthy:true;isolate:false;weight:100
2026-08-05 10:37:14.336013Z	info	base	serviceinfo/service_info.go:280	add instance of {namespace: "Polaris", service: "polaris.discover"}: 30.160.241.139:8091, status: healthy:true;isolate:false;weight:100
2026-08-05 10:37:14.336016Z	info	base	serviceinfo/service_info.go:280	add instance of {namespace: "Polaris", service: "polaris.discover"}: 30.163.61.120:8080, status: healthy:true;isolate:false;weight:100
2026-08-05 10:37:14.336019Z	info	base	serviceinfo/service_info.go:280	add instance of {namespace: "Polaris", service: "polaris.discover"}: 9.141.100.70:8081, status: healthy:true;isolate:false;weight:100
2026-08-05 10:37:14.336021Z	info	base	serviceinfo/service_info.go:280	add instance of {namespace: "Polaris", service: "polaris.discover"}: 11.143.46.240:8080, status: healthy:true;isolate:false;weight:100
2026-08-05 10:37:14.336023Z	info	base	serviceinfo/service_info.go:280	add instance of {namespace: "Polaris", service: "polaris.discover"}: 30.163.241.78:8080, status: healthy:true;isolate:false;weight:100
2026-08-05 10:37:14.336025Z	info	base	serviceinfo/service_info.go:280	add instance of {namespace: "Polaris", service: "polaris.discover"}: 30.163.241.118:8091, status: healthy:true;isolate:false;weight:100
2026-08-05 10:37:14.336027Z	info	base	serviceinfo/service_info.go:280	add instance of {namespace: "Polaris", service: "polaris.discover"}: 11.140.162.37:8091, status: healthy:true;isolate:false;weight:100
2026-08-05 10:37:14.336029Z	info	base	serviceinfo/service_info.go:280	add instance of {namespace: "Polaris", service: "polaris.discover"}: 30.163.241.31:8091, status: healthy:true;isolate:false;weight:100
2026-08-05 10:37:14.336032Z	info	base	serviceinfo/service_info.go:280	add instance of {namespace: "Polaris", service: "polaris.discover"}: 30.163.241.40:8080, status: healthy:true;isolate:false;weight:100
2026-08-05 10:37:14.336034Z	info	base	serviceinfo/service_info.go:280	add instance of {namespace: "Polaris", service: "polaris.discover"}: 30.160.241.254:8080, status: healthy:true;isolate:false;weight:100
2026-08-05 10:37:14.336036Z	info	base	serviceinfo/service_info.go:280	add instance of {namespace: "Polaris", service: "polaris.discover"}: 9.141.115.167:8080, status: healthy:true;isolate:false;weight:100
2026-08-05 10:37:14.336038Z	info	base	serviceinfo/service_info.go:280	add instance of {namespace: "Polaris", service: "polaris.discover"}: 9.141.115.148:8091, status: healthy:true;isolate:false;weight:100
2026-08-05 10:37:14.336040Z	info	base	serviceinfo/service_info.go:280	add instance of {namespace: "Polaris", service: "polaris.discover"}: 9.141.115.114:8081, status: healthy:true;isolate:false;weight:100
2026-08-05 10:37:14.336042Z	info	base	serviceinfo/service_info.go:280	add instance of {namespace: "Polaris", service: "polaris.discover"}: 30.163.241.125:8080, status: healthy:true;isolate:false;weight:100
2026-08-05 10:37:14.336045Z	info	base	serviceinfo/service_info.go:280	add instance of {namespace: "Polaris", service: "polaris.discover"}: 11.143.46.139:8080, status: healthy:true;isolate:false;weight:100
2026-08-05 10:37:14.336047Z	info	base	serviceinfo/service_info.go:280	add instance of {namespace: "Polaris", service: "polaris.discover"}: 11.143.46.201:8080, status: healthy:true;isolate:false;weight:100
2026-08-05 10:37:14.336049Z	info	base	serviceinfo/service_info.go:280	add instance of {namespace: "Polaris", service: "polaris.discover"}: 30.163.241.238:8080, status: healthy:true;isolate:false;weight:100
2026-08-05 10:37:14.336051Z	info	base	serviceinfo/service_info.go:280	add instance of {namespace: "Polaris", service: "polaris.discover"}: 11.143.46.237:8080, status: healthy:true;isolate:false;weight:100
2026-08-05 10:37:14.336053Z	info	base	serviceinfo/service_info.go:280	add instance of {namespace: "Polaris", service: "polaris.discover"}: 9.141.115.114:8080, status: healthy:true;isolate:false;weight:100
2026-08-05 10:37:14.336055Z	info	base	serviceinfo/service_info.go:280	add instance of {namespace: "Polaris", service: "polaris.discover"}: 9.141.115.167:8091, status: healthy:true;isolate:false;weight:100
2026-08-05 10:37:14.336058Z	info	base	serviceinfo/service_info.go:280	add instance of {namespace: "Polaris", service: "polaris.discover"}: 9.141.115.148:8081, status: healthy:true;isolate:false;weight:100
2026-08-05 10:37:14.336060Z	info	base	serviceinfo/service_info.go:280	add instance of {namespace: "Polaris", service: "polaris.discover"}: 11.140.162.37:8081, status: healthy:true;isolate:false;weight:100
2026-08-05 10:37:14.336062Z	info	base	serviceinfo/service_info.go:280	add instance of {namespace: "Polaris", service: "polaris.discover"}: 9.141.112.79:8091, status: healthy:true;isolate:false;weight:100
2026-08-05 10:37:14.336064Z	info	base	serviceinfo/service_info.go:280	add instance of {namespace: "Polaris", service: "polaris.discover"}: 9.141.115.167:8081, status: healthy:true;isolate:false;weight:100
2026-08-05 10:37:14.336067Z	info	base	serviceinfo/service_info.go:280	add instance of {namespace: "Polaris", service: "polaris.discover"}: 9.141.84.195:8081, status: healthy:true;isolate:false;weight:100
2026-08-05 10:37:14.336069Z	info	base	serviceinfo/service_info.go:280	add instance of {namespace: "Polaris", service: "polaris.discover"}: 30.163.241.46:8091, status: healthy:true;isolate:false;weight:100
2026-08-05 10:37:14.336071Z	info	base	serviceinfo/service_info.go:280	add instance of {namespace: "Polaris", service: "polaris.discover"}: 9.141.120.201:8091, status: healthy:true;isolate:false;weight:100
2026-08-05 10:37:14.336073Z	info	base	serviceinfo/service_info.go:280	add instance of {namespace: "Polaris", service: "polaris.discover"}: 30.163.87.177:8080, status: healthy:true;isolate:false;weight:100
2026-08-05 10:37:14.336076Z	info	base	serviceinfo/service_info.go:280	add instance of {namespace: "Polaris", service: "polaris.discover"}: 9.141.100.83:8080, status: healthy:true;isolate:false;weight:100
2026-08-05 10:37:14.336078Z	info	base	serviceinfo/service_info.go:280	add instance of {namespace: "Polaris", service: "polaris.discover"}: 30.160.241.254:8081, status: healthy:true;isolate:false;weight:100
2026-08-05 10:37:14.336080Z	info	base	serviceinfo/service_info.go:280	add instance of {namespace: "Polaris", service: "polaris.discover"}: 11.143.46.186:8081, status: healthy:true;isolate:false;weight:100
2026-08-05 10:37:14.336082Z	info	base	serviceinfo/service_info.go:280	add instance of {namespace: "Polaris", service: "polaris.discover"}: 9.141.120.2:8081, status: healthy:true;isolate:false;weight:100
2026-08-05 10:37:14.336084Z	info	base	serviceinfo/service_info.go:280	add instance of {namespace: "Polaris", service: "polaris.discover"}: 11.146.16.99:8081, status: healthy:true;isolate:false;weight:100
2026-08-05 10:37:14.336086Z	info	base	serviceinfo/service_info.go:280	add instance of {namespace: "Polaris", service: "polaris.discover"}: 9.141.64.229:8081, status: healthy:true;isolate:false;weight:100
2026-08-05 10:37:14.336088Z	info	base	serviceinfo/service_info.go:280	add instance of {namespace: "Polaris", service: "polaris.discover"}: 30.163.241.55:8091, status: healthy:true;isolate:false;weight:100
2026-08-05 10:37:14.336091Z	info	base	serviceinfo/service_info.go:280	add instance of {namespace: "Polaris", service: "polaris.discover"}: 30.163.61.101:8091, status: healthy:true;isolate:false;weight:100
2026-08-05 10:37:14.336093Z	info	base	serviceinfo/service_info.go:280	add instance of {namespace: "Polaris", service: "polaris.discover"}: 9.141.112.108:8080, status: healthy:true;isolate:false;weight:100
2026-08-05 10:37:14.336095Z	info	base	serviceinfo/service_info.go:280	add instance of {namespace: "Polaris", service: "polaris.discover"}: 11.146.16.180:8080, status: healthy:true;isolate:false;weight:100
2026-08-05 10:37:14.336097Z	info	base	serviceinfo/service_info.go:280	add instance of {namespace: "Polaris", service: "polaris.discover"}: 9.141.64.229:8091, status: healthy:true;isolate:false;weight:100
2026-08-05 10:37:14.336099Z	info	base	serviceinfo/service_info.go:280	add instance of {namespace: "Polaris", service: "polaris.discover"}: 11.143.46.240:8091, status: healthy:true;isolate:false;weight:100
2026-08-05 10:37:14.336101Z	info	base	serviceinfo/service_info.go:280	add instance of {namespace: "Polaris", service: "polaris.discover"}: 30.163.241.9:8091, status: healthy:true;isolate:false;weight:100
2026-08-05 10:37:14.336103Z	info	base	serviceinfo/service_info.go:280	add instance of {namespace: "Polaris", service: "polaris.discover"}: 11.143.41.233:8080, status: healthy:true;isolate:false;weight:100
2026-08-05 10:37:14.336106Z	info	base	serviceinfo/service_info.go:280	add instance of {namespace: "Polaris", service: "polaris.discover"}: 9.141.64.219:8080, status: healthy:true;isolate:false;weight:100
2026-08-05 10:37:14.336108Z	info	base	serviceinfo/service_info.go:280	add instance of {namespace: "Polaris", service: "polaris.discover"}: 9.141.84.195:8080, status: healthy:true;isolate:false;weight:100
2026-08-05 10:37:14.336110Z	info	base	serviceinfo/service_info.go:280	add instance of {namespace: "Polaris", service: "polaris.discover"}: 30.163.241.40:8091, status: healthy:true;isolate:false;weight:100
2026-08-05 10:37:14.336114Z	info	base	serviceinfo/service_info.go:280	add instance of {namespace: "Polaris", service: "polaris.discover"}: 11.146.16.15:8080, status: healthy:true;isolate:false;weight:100
2026-08-05 10:37:14.336116Z	info	base	serviceinfo/service_info.go:280	add instance of {namespace: "Polaris", service: "polaris.discover"}: 11.143.46.130:8081, status: healthy:true;isolate:false;weight:100
2026-08-05 10:37:14.336118Z	info	base	serviceinfo/service_info.go:280	add instance of {namespace: "Polaris", service: "polaris.discover"}: 11.146.16.99:8080, status: healthy:true;isolate:false;weight:100
2026-08-05 10:37:14.336120Z	info	base	serviceinfo/service_info.go:280	add instance of {namespace: "Polaris", service: "polaris.discover"}: 30.163.241.110:8080, status: healthy:true;isolate:false;weight:100
2026-08-05 10:37:14.336122Z	info	base	serviceinfo/service_info.go:280	add instance of {namespace: "Polaris", service: "polaris.discover"}: 9.141.112.228:8080, status: healthy:true;isolate:false;weight:100
2026-08-05 10:37:14.336124Z	info	base	serviceinfo/service_info.go:280	add instance of {namespace: "Polaris", service: "polaris.discover"}: 9.141.115.113:8091, status: healthy:true;isolate:false;weight:100
2026-08-05 10:37:14.336127Z	info	base	serviceinfo/service_info.go:280	add instance of {namespace: "Polaris", service: "polaris.discover"}: 11.143.46.217:8091, status: healthy:true;isolate:false;weight:100
2026-08-05 10:37:14.336129Z	info	base	serviceinfo/service_info.go:280	add instance of {namespace: "Polaris", service: "polaris.discover"}: 9.141.112.79:8081, status: healthy:true;isolate:false;weight:100
2026-08-05 10:37:14.336131Z	info	base	serviceinfo/service_info.go:280	add instance of {namespace: "Polaris", service: "polaris.discover"}: 30.160.192.7:8081, status: healthy:true;isolate:false;weight:100
2026-08-05 10:37:14.336133Z	info	base	serviceinfo/service_info.go:280	add instance of {namespace: "Polaris", service: "polaris.discover"}: 30.160.192.7:8080, status: healthy:true;isolate:false;weight:100
2026-08-05 10:37:14.336135Z	info	base	serviceinfo/service_info.go:280	add instance of {namespace: "Polaris", service: "polaris.discover"}: 9.141.120.192:8080, status: healthy:true;isolate:false;weight:100
2026-08-05 10:37:14.336137Z	info	base	serviceinfo/service_info.go:280	add instance of {namespace: "Polaris", service: "polaris.discover"}: 30.163.61.120:8081, status: healthy:true;isolate:false;weight:100
2026-08-05 10:37:14.336140Z	info	base	serviceinfo/service_info.go:280	add instance of {namespace: "Polaris", service: "polaris.discover"}: 11.140.162.241:8081, status: healthy:true;isolate:false;weight:100
2026-08-05 10:37:14.336142Z	info	base	serviceinfo/service_info.go:280	add instance of {namespace: "Polaris", service: "polaris.discover"}: 30.163.241.12:8091, status: healthy:true;isolate:false;weight:100
2026-08-05 10:37:14.336144Z	info	base	serviceinfo/service_info.go:280	add instance of {namespace: "Polaris", service: "polaris.discover"}: 9.141.120.201:8081, status: healthy:true;isolate:false;weight:100
2026-08-05 10:37:14.336146Z	info	base	serviceinfo/service_info.go:280	add instance of {namespace: "Polaris", service: "polaris.discover"}: 11.143.52.46:8091, status: healthy:true;isolate:false;weight:100
2026-08-05 10:37:14.336148Z	info	base	serviceinfo/service_info.go:280	add instance of {namespace: "Polaris", service: "polaris.discover"}: 30.163.241.147:8091, status: healthy:true;isolate:false;weight:100
2026-08-05 10:37:14.336151Z	info	base	serviceinfo/service_info.go:280	add instance of {namespace: "Polaris", service: "polaris.discover"}: 30.163.241.148:8080, status: healthy:true;isolate:false;weight:100
2026-08-05 10:37:14.336153Z	info	base	serviceinfo/service_info.go:280	add instance of {namespace: "Polaris", service: "polaris.discover"}: 9.141.112.108:8081, status: healthy:true;isolate:false;weight:100
2026-08-05 10:37:14.336155Z	info	base	serviceinfo/service_info.go:280	add instance of {namespace: "Polaris", service: "polaris.discover"}: 11.146.16.180:8091, status: healthy:true;isolate:false;weight:100
2026-08-05 10:37:14.336157Z	info	base	serviceinfo/service_info.go:280	add instance of {namespace: "Polaris", service: "polaris.discover"}: 9.141.120.201:8080, status: healthy:true;isolate:false;weight:100
2026-08-05 10:37:14.336160Z	info	base	serviceinfo/service_info.go:280	add instance of {namespace: "Polaris", service: "polaris.discover"}: 11.143.52.113:8081, status: healthy:true;isolate:false;weight:100
2026-08-05 10:37:14.336163Z	info	base	serviceinfo/service_info.go:280	add instance of {namespace: "Polaris", service: "polaris.discover"}: 11.143.46.178:8091, status: healthy:true;isolate:false;weight:100
2026-08-05 10:37:14.336165Z	info	base	serviceinfo/service_info.go:280	add instance of {namespace: "Polaris", service: "polaris.discover"}: 9.141.120.202:8091, status: healthy:true;isolate:false;weight:100
2026-08-05 10:37:14.336168Z	info	base	serviceinfo/service_info.go:280	add instance of {namespace: "Polaris", service: "polaris.discover"}: 30.163.61.135:8091, status: healthy:true;isolate:false;weight:100
2026-08-05 10:37:14.336170Z	info	base	serviceinfo/service_info.go:280	add instance of {namespace: "Polaris", service: "polaris.discover"}: 9.141.100.70:8080, status: healthy:true;isolate:false;weight:100
2026-08-05 10:37:14.336176Z	info	base	serviceinfo/service_info.go:280	add instance of {namespace: "Polaris", service: "polaris.discover"}: 9.141.112.55:8081, status: healthy:true;isolate:false;weight:100
2026-08-05 10:37:14.336179Z	info	base	serviceinfo/service_info.go:280	add instance of {namespace: "Polaris", service: "polaris.discover"}: 11.143.52.162:8081, status: healthy:true;isolate:false;weight:100
2026-08-05 10:37:14.336182Z	info	base	serviceinfo/service_info.go:280	add instance of {namespace: "Polaris", service: "polaris.discover"}: 11.143.52.137:8091, status: healthy:true;isolate:false;weight:100
2026-08-05 10:37:14.336185Z	info	base	serviceinfo/service_info.go:280	add instance of {namespace: "Polaris", service: "polaris.discover"}: 9.141.112.229:8081, status: healthy:true;isolate:false;weight:100
2026-08-05 10:37:14.336187Z	info	base	serviceinfo/service_info.go:280	add instance of {namespace: "Polaris", service: "polaris.discover"}: 9.141.66.92:8080, status: healthy:true;isolate:false;weight:100
2026-08-05 10:37:14.336190Z	info	base	serviceinfo/service_info.go:280	add instance of {namespace: "Polaris", service: "polaris.discover"}: 9.141.120.192:8091, status: healthy:true;isolate:false;weight:100
2026-08-05 10:37:14.336192Z	info	base	serviceinfo/service_info.go:280	add instance of {namespace: "Polaris", service: "polaris.discover"}: 30.163.241.125:8091, status: healthy:true;isolate:false;weight:100
2026-08-05 10:37:14.336195Z	info	base	serviceinfo/service_info.go:280	add instance of {namespace: "Polaris", service: "polaris.discover"}: 30.163.241.139:8081, status: healthy:true;isolate:false;weight:100
2026-08-05 10:37:14.336198Z	info	base	serviceinfo/service_info.go:280	add instance of {namespace: "Polaris", service: "polaris.discover"}: 21.200.76.141:8080, status: healthy:true;isolate:false;weight:100
2026-08-05 10:37:14.336200Z	info	base	serviceinfo/service_info.go:280	add instance of {namespace: "Polaris", service: "polaris.discover"}: 30.163.241.54:8080, status: healthy:true;isolate:false;weight:100
2026-08-05 10:37:14.336202Z	info	base	serviceinfo/service_info.go:280	add instance of {namespace: "Polaris", service: "polaris.discover"}: 30.163.241.55:8081, status: healthy:true;isolate:false;weight:100
2026-08-05 10:37:14.336204Z	info	base	serviceinfo/service_info.go:280	add instance of {namespace: "Polaris", service: "polaris.discover"}: 30.160.192.7:8091, status: healthy:true;isolate:false;weight:100
2026-08-05 10:37:14.336206Z	info	base	serviceinfo/service_info.go:280	add instance of {namespace: "Polaris", service: "polaris.discover"}: 11.143.46.130:8091, status: healthy:true;isolate:false;weight:100
2026-08-05 10:37:14.336208Z	info	base	serviceinfo/service_info.go:280	add instance of {namespace: "Polaris", service: "polaris.discover"}: 11.143.52.46:8080, status: healthy:true;isolate:false;weight:100
2026-08-05 10:37:14.336210Z	info	base	serviceinfo/service_info.go:280	add instance of {namespace: "Polaris", service: "polaris.discover"}: 11.143.52.9:8081, status: healthy:true;isolate:false;weight:100
2026-08-05 10:37:14.336213Z	info	base	serviceinfo/service_info.go:280	add instance of {namespace: "Polaris", service: "polaris.discover"}: 9.141.100.70:8091, status: healthy:true;isolate:false;weight:100
2026-08-05 10:37:14.336215Z	info	base	serviceinfo/service_info.go:280	add instance of {namespace: "Polaris", service: "polaris.discover"}: 30.163.61.101:8081, status: healthy:true;isolate:false;weight:100
2026-08-05 10:37:14.336217Z	info	base	serviceinfo/service_info.go:280	add instance of {namespace: "Polaris", service: "polaris.discover"}: 11.143.46.237:8091, status: healthy:true;isolate:false;weight:100
2026-08-05 10:37:14.336219Z	info	base	serviceinfo/service_info.go:280	add instance of {namespace: "Polaris", service: "polaris.discover"}: 11.143.46.217:8080, status: healthy:true;isolate:false;weight:100
2026-08-05 10:37:14.336221Z	info	base	serviceinfo/service_info.go:280	add instance of {namespace: "Polaris", service: "polaris.discover"}: 11.143.52.61:8080, status: healthy:true;isolate:false;weight:100
2026-08-05 10:37:14.336223Z	info	base	serviceinfo/service_info.go:280	add instance of {namespace: "Polaris", service: "polaris.discover"}: 30.163.241.119:8080, status: healthy:true;isolate:false;weight:100
2026-08-05 10:37:14.336225Z	info	base	serviceinfo/service_info.go:280	add instance of {namespace: "Polaris", service: "polaris.discover"}: 30.163.241.110:8091, status: healthy:true;isolate:false;weight:100
2026-08-05 10:37:14.336228Z	info	base	serviceinfo/service_info.go:280	add instance of {namespace: "Polaris", service: "polaris.discover"}: 30.163.241.40:8081, status: healthy:true;isolate:false;weight:100
2026-08-05 10:37:14.336230Z	info	base	serviceinfo/service_info.go:280	add instance of {namespace: "Polaris", service: "polaris.discover"}: 11.143.46.178:8080, status: healthy:true;isolate:false;weight:100
2026-08-05 10:37:14.336244Z	info	base	serviceinfo/service_info.go:280	add instance of {namespace: "Polaris", service: "polaris.discover"}: 11.143.41.233:8091, status: healthy:true;isolate:false;weight:100
2026-08-05 10:37:14.336251Z	info	base	serviceinfo/service_info.go:280	add instance of {namespace: "Polaris", service: "polaris.discover"}: 11.181.42.102:8091, status: healthy:true;isolate:false;weight:100
2026-08-05 10:37:14.336254Z	info	base	serviceinfo/service_info.go:280	add instance of {namespace: "Polaris", service: "polaris.discover"}: 30.163.61.101:8080, status: healthy:true;isolate:false;weight:100
2026-08-05 10:37:14.336258Z	info	base	serviceinfo/service_info.go:280	add instance of {namespace: "Polaris", service: "polaris.discover"}: 30.160.193.207:8091, status: healthy:true;isolate:false;weight:100
2026-08-05 10:37:14.336260Z	info	base	serviceinfo/service_info.go:280	add instance of {namespace: "Polaris", service: "polaris.discover"}: 11.140.162.11:8080, status: healthy:true;isolate:false;weight:100
2026-08-05 10:37:14.336267Z	info	base	schedule/routines.go:229	item {namespace: "Polaris", service: "polaris.discover"} in task circuitBreakTask has added
2026-08-05 10:37:14.336272Z	info	base	schedule/routines.go:113	task circuitBreakTask started priority
2026-08-05 10:37:14.336292Z	error	base	common/cache_persist.go:131	fail to load cache from file svcV2#Polaris#polaris.discover#routing.json, svcKey: {namespace: "Polaris", service: "polaris.discover", event: routing}, error is Fail to Stat the cache file name /Users/zhengbangli/polaris/backup/svcV2#Polaris#polaris.discover#routing.json:  stat /Users/zhengbangli/polaris/backup/svcV2#Polaris#polaris.discover#routing.json: no such file or directory
2026-08-05 10:37:14.336304Z	info	base	common/cache_persist.go:183	Start to load cache from /Users/zhengbangli/polaris/backup/svc#Polaris#polaris.discover#routing.json
2026-08-05 10:37:14.336750Z	info	base	inmemory/inmemory.go:1302	load message for {namespace: "Polaris", service: "polaris.discover", event: routing} from file svc#Polaris#polaris.discover#routing.json, cache file modify time: 2026-08-05 10:34:32.730487 +0800 CST, direct available: false 

2026-08-05 10:37:14.336756Z	info	base	inmemory/inmemory.go:612	F01983D7-D52C-4E88-88F9-52F5E1880170, start to register event handler for {namespace: "Polaris", service: "polaris.discover", event: routing}
2026-08-05 10:37:14.336760Z	info	base	common/register.go:53	F01983D7-D52C-4E88-88F9-52F5E1880170, addTask: start to add first task for {namespace: "Polaris", service: "polaris.discover", event: routing, initialized: firstTask}
2026-08-05 10:37:14.336766Z	info	base	common/register.go:66	F01983D7-D52C-4E88-88F9-52F5E1880170, addTask: finish add first task for {namespace: "Polaris", service: "polaris.discover", event: routing, initialized: firstTask}
2026-08-05 10:37:14.336769Z	info	base	inmemory/inmemory.go:614	F01983D7-D52C-4E88-88F9-52F5E1880170, finish register event handler for {namespace: "Polaris", service: "polaris.discover", event: routing}, err <nil>
2026-08-05 10:37:14.336773Z	info	base	network/impl.go:413	get connection of builtin for System
2026-08-05 10:37:14.338068Z	info	base	grpc/creator.go:101	localAddress from connection is 30.26.152.44:54963, IP is 30.26.152.44, hashValue is 9814335246260940990
2026-08-05 10:37:14.578682Z	info	base	inmemory/model.go:503	F01983D7-D52C-4E88-88F9-52F5E1880170, OnServiceUpdate: {namespace: "Polaris", service: "polaris.discover", event: instance}, status: CacheNotChanged, set cacheLoaded to false, oldRevision: 00cd6960b47909b72d1c2d5476cef510091cdd37, newRevision: 00cd6960b47909b72d1c2d5476cef510091cdd37
2026-08-05 10:37:14.578758Z	info	base	network/impl.go:587	discover server updated to ready 1, event is {namespace: "Polaris", service: "polaris.discover", event: instance}
2026-08-05 10:37:14.578813Z	info	base	network/conn.go:116	release connection: {ID:1348269690,Address:9.146.200.61:8081,Service:{ServiceKey: {namespace: "Polaris", service: "polaris-default"}, ClusterType: builtin}}
2026-08-05 10:37:14.578957Z	info	base	network/impl.go:413	get connection of builtin for System
2026-08-05 10:37:14.598301Z	info	base	inmemory/model.go:503	F01983D7-D52C-4E88-88F9-52F5E1880170, OnServiceUpdate: {namespace: "Polaris", service: "polaris.discover", event: routing}, status: CacheNotChanged, set cacheLoaded to false, oldRevision: 6f20d31f220046ccb69f43f51fcabfc3, newRevision: 6f20d31f220046ccb69f43f51fcabfc3
2026-08-05 10:37:14.598330Z	info	base	network/impl.go:587	discover server updated to ready 2, event is {namespace: "Polaris", service: "polaris.discover", event: routing}
2026-08-05 10:37:14.598364Z	info	base	network/conn.go:116	release connection: {ID:1348269690,Address:9.146.200.61:8081,Service:{ServiceKey: {namespace: "Polaris", service: "polaris-default"}, ClusterType: builtin}}
2026-08-05 10:37:14.598385Z	warn	base	flow/sync_flow.go:181	retryTimes 0 equals maxRetryTimes 0, get {namespace: "Polaris", service: "polaris.discover"} from cache
2026-08-05 10:37:14.599118Z	info	base	grpc/operation_sync.go:181	F01983D7-D52C-4E88-88F9-52F5E1880170, waitDiscover: discover service is ready
2026-08-05 10:37:14.599152Z	info	base	network/impl.go:413	get connection of discover for ReportClient
2026-08-05 10:37:14.818375Z	info	base	network/conn.go:116	release connection: {ID:545542989,Address:30.163.241.65:8081,Service:{ServiceKey: {namespace: "Polaris", service: "polaris.discover"}, ClusterType: discover}}
2026-08-05 10:37:14.818432Z	info	base	startup/client_report.go:138	current client area info is Host:30.26.152.44-{Region:, Zone:, Campus:}
2026-08-05 10:37:14.827367Z	info	base	common/cache_persist.go:256	Start to save cache to file /Users/zhengbangli/polaris/backup/client_info.json
2026-08-05 10:37:14.832815Z	info	base	common/cache_persist.go:270	Success to write cache file /Users/zhengbangli/polaris/backup/client_info.json
2026-08-05 10:37:15.328959Z	info	base	network/impl.go:413	get connection of monitor for ReportStat
2026-08-05 10:37:15.329245Z	info	base	common/cache_persist.go:183	Start to load cache from /Users/zhengbangli/polaris/backup/svcV2#Polaris#polaris.monitor#instance.json
2026-08-05 10:37:15.346419Z	info	base	pb/service.go:201	service Polaris::polaris.monitor nearby enabled
2026-08-05 10:37:15.347652Z	warn	base	pb/service.go:235	service Polaris:polaris.monitor unmarshal slow start config fail EOF
2026-08-05 10:37:15.347795Z	info	base	inmemory/inmemory.go:1302	load message for {namespace: "Polaris", service: "polaris.monitor", event: instance} from file svcV2#Polaris#polaris.monitor#instance.json, cache file modify time: 2026-08-05 10:34:32.930666 +0800 CST, direct available: false 

2026-08-05 10:37:15.347894Z	info	base	inmemory/inmemory.go:612	F01983D7-D52C-4E88-88F9-52F5E1880170, start to register event handler for {namespace: "Polaris", service: "polaris.monitor", event: instance}
2026-08-05 10:37:15.347944Z	info	base	common/register.go:53	F01983D7-D52C-4E88-88F9-52F5E1880170, addTask: start to add first task for {namespace: "Polaris", service: "polaris.monitor", event: instance, initialized: firstTask}
2026-08-05 10:37:15.348003Z	info	base	common/discover.go:182	receive init task: {namespace: "Polaris", service: "polaris.monitor", event: instance, initialized: firstTask}
2026-08-05 10:37:15.348041Z	info	base	network/impl.go:413	get connection of discover for Discover
2026-08-05 10:37:15.348180Z	info	base	common/register.go:66	F01983D7-D52C-4E88-88F9-52F5E1880170, addTask: finish add first task for {namespace: "Polaris", service: "polaris.monitor", event: instance, initialized: firstTask}
2026-08-05 10:37:15.348209Z	info	base	inmemory/inmemory.go:614	F01983D7-D52C-4E88-88F9-52F5E1880170, finish register event handler for {namespace: "Polaris", service: "polaris.monitor", event: instance}, err <nil>
2026-08-05 10:37:15.348301Z	info	base	serviceinfo/service_info.go:277	service instances of {namespace: "Polaris", service: "polaris.monitor"} change, oldRevision , newRevision ea1cf66673b51382afa91b11f3568d001cd1ae9a, oldCount 0, newCount 404
2026-08-05 10:37:15.348313Z	info	base	serviceinfo/service_info.go:280	add instance of {namespace: "Polaris", service: "polaris.monitor"}: 9.136.55.192:8081, status: healthy:true;isolate:false;weight:100
2026-08-05 10:37:15.348322Z	info	base	serviceinfo/service_info.go:280	add instance of {namespace: "Polaris", service: "polaris.monitor"}: 21.106.233.85:8081, status: healthy:true;isolate:false;weight:100
2026-08-05 10:37:15.348328Z	info	base	serviceinfo/service_info.go:280	add instance of {namespace: "Polaris", service: "polaris.monitor"}: 11.142.156.190:8081, status: healthy:true;isolate:false;weight:100
2026-08-05 10:37:15.348333Z	info	base	serviceinfo/service_info.go:280	add instance of {namespace: "Polaris", service: "polaris.monitor"}: 11.142.156.188:8081, status: healthy:true;isolate:false;weight:100
2026-08-05 10:37:15.348338Z	info	base	serviceinfo/service_info.go:280	add instance of {namespace: "Polaris", service: "polaris.monitor"}: 9.141.115.23:8081, status: healthy:true;isolate:false;weight:100
2026-08-05 10:37:15.348343Z	info	base	serviceinfo/service_info.go:280	add instance of {namespace: "Polaris", service: "polaris.monitor"}: 21.21.137.248:8081, status: healthy:true;isolate:false;weight:100
2026-08-05 10:37:15.348347Z	info	base	serviceinfo/service_info.go:280	add instance of {namespace: "Polaris", service: "polaris.monitor"}: 9.136.29.175:8081, status: healthy:true;isolate:false;weight:100
2026-08-05 10:37:15.348352Z	info	base	serviceinfo/service_info.go:280	add instance of {namespace: "Polaris", service: "polaris.monitor"}: 9.141.113.199:8081, status: healthy:true;isolate:false;weight:100
2026-08-05 10:37:15.348358Z	info	base	serviceinfo/service_info.go:280	add instance of {namespace: "Polaris", service: "polaris.monitor"}: 9.141.65.30:8081, status: healthy:true;isolate:false;weight:100
2026-08-05 10:37:15.348364Z	info	base	serviceinfo/service_info.go:280	add instance of {namespace: "Polaris", service: "polaris.monitor"}: 11.135.192.210:8081, status: healthy:true;isolate:false;weight:100
2026-08-05 10:37:15.348368Z	info	base	serviceinfo/service_info.go:280	add instance of {namespace: "Polaris", service: "polaris.monitor"}: 21.21.137.216:8081, status: healthy:true;isolate:false;weight:100
2026-08-05 10:37:15.348373Z	info	base	serviceinfo/service_info.go:280	add instance of {namespace: "Polaris", service: "polaris.monitor"}: 30.160.241.61:8081, status: healthy:true;isolate:false;weight:100
2026-08-05 10:37:15.348377Z	info	base	serviceinfo/service_info.go:280	add instance of {namespace: "Polaris", service: "polaris.monitor"}: 11.59.215.162:8081, status: healthy:true;isolate:false;weight:100
2026-08-05 10:37:15.348381Z	info	base	serviceinfo/service_info.go:280	add instance of {namespace: "Polaris", service: "polaris.monitor"}: 9.141.115.124:8081, status: healthy:true;isolate:false;weight:100
2026-08-05 10:37:15.348386Z	info	base	serviceinfo/service_info.go:280	add instance of {namespace: "Polaris", service: "polaris.monitor"}: 9.141.115.30:8081, status: healthy:true;isolate:false;weight:100
2026-08-05 10:37:15.348390Z	info	base	serviceinfo/service_info.go:280	add instance of {namespace: "Polaris", service: "polaris.monitor"}: 9.136.29.167:8081, status: healthy:true;isolate:false;weight:100
2026-08-05 10:37:15.348394Z	info	base	serviceinfo/service_info.go:280	add instance of {namespace: "Polaris", service: "polaris.monitor"}: 9.141.71.100:8081, status: healthy:true;isolate:false;weight:100
2026-08-05 10:37:15.348398Z	info	base	serviceinfo/service_info.go:280	add instance of {namespace: "Polaris", service: "polaris.monitor"}: 11.135.192.96:8081, status: healthy:true;isolate:false;weight:100
2026-08-05 10:37:15.348403Z	info	base	serviceinfo/service_info.go:280	add instance of {namespace: "Polaris", service: "polaris.monitor"}: 11.140.166.179:8081, status: healthy:true;isolate:false;weight:100
2026-08-05 10:37:15.348407Z	info	base	serviceinfo/service_info.go:280	add instance of {namespace: "Polaris", service: "polaris.monitor"}: 21.21.137.213:8081, status: healthy:true;isolate:false;weight:100
2026-08-05 10:37:15.348411Z	info	base	serviceinfo/service_info.go:280	add instance of {namespace: "Polaris", service: "polaris.monitor"}: 30.160.241.99:8081, status: healthy:true;isolate:false;weight:100
2026-08-05 10:37:15.348415Z	info	base	serviceinfo/service_info.go:280	add instance of {namespace: "Polaris", service: "polaris.monitor"}: 9.141.67.85:8081, status: healthy:true;isolate:false;weight:100
2026-08-05 10:37:15.348419Z	info	base	serviceinfo/service_info.go:280	add instance of {namespace: "Polaris", service: "polaris.monitor"}: 21.21.137.215:8081, status: healthy:true;isolate:false;weight:100
2026-08-05 10:37:15.348423Z	info	base	serviceinfo/service_info.go:280	add instance of {namespace: "Polaris", service: "polaris.monitor"}: 11.142.156.122:8081, status: healthy:true;isolate:false;weight:100
2026-08-05 10:37:15.348427Z	info	base	serviceinfo/service_info.go:280	add instance of {namespace: "Polaris", service: "polaris.monitor"}: 9.136.82.25:8081, status: healthy:true;isolate:false;weight:100
2026-08-05 10:37:15.348432Z	info	base	serviceinfo/service_info.go:280	add instance of {namespace: "Polaris", service: "polaris.monitor"}: 11.140.162.40:8081, status: healthy:true;isolate:false;weight:100
2026-08-05 10:37:15.348436Z	info	base	serviceinfo/service_info.go:280	add instance of {namespace: "Polaris", service: "polaris.monitor"}: 30.160.241.104:8081, status: healthy:true;isolate:false;weight:100
2026-08-05 10:37:15.348440Z	info	base	serviceinfo/service_info.go:280	add instance of {namespace: "Polaris", service: "polaris.monitor"}: 30.175.164.147:8081, status: healthy:true;isolate:false;weight:100
2026-08-05 10:37:15.348444Z	info	base	serviceinfo/service_info.go:280	add instance of {namespace: "Polaris", service: "polaris.monitor"}: 9.141.115.90:8081, status: healthy:true;isolate:false;weight:100
2026-08-05 10:37:15.348448Z	info	base	serviceinfo/service_info.go:280	add instance of {namespace: "Polaris", service: "polaris.monitor"}: 21.106.233.108:8081, status: healthy:true;isolate:false;weight:100
2026-08-05 10:37:15.348452Z	info	base	serviceinfo/service_info.go:280	add instance of {namespace: "Polaris", service: "polaris.monitor"}: 9.136.54.123:8081, status: healthy:true;isolate:false;weight:100
2026-08-05 10:37:15.348456Z	info	base	serviceinfo/service_info.go:280	add instance of {namespace: "Polaris", service: "polaris.monitor"}: 11.150.115.12:8081, status: healthy:true;isolate:false;weight:100
2026-08-05 10:37:15.348460Z	info	base	serviceinfo/service_info.go:280	add instance of {namespace: "Polaris", service: "polaris.monitor"}: 9.141.71.73:8081, status: healthy:true;isolate:false;weight:100
2026-08-05 10:37:15.348464Z	info	base	serviceinfo/service_info.go:280	add instance of {namespace: "Polaris", service: "polaris.monitor"}: 21.21.137.210:8081, status: healthy:true;isolate:false;weight:100
2026-08-05 10:37:15.348468Z	info	base	serviceinfo/service_info.go:280	add instance of {namespace: "Polaris", service: "polaris.monitor"}: 11.140.163.138:8081, status: healthy:true;isolate:false;weight:100
2026-08-05 10:37:15.348472Z	info	base	serviceinfo/service_info.go:280	add instance of {namespace: "Polaris", service: "polaris.monitor"}: 9.141.110.52:8081, status: healthy:true;isolate:false;weight:100
2026-08-05 10:37:15.348476Z	info	base	serviceinfo/service_info.go:280	add instance of {namespace: "Polaris", service: "polaris.monitor"}: 21.21.137.243:8081, status: healthy:true;isolate:false;weight:100
2026-08-05 10:37:15.348479Z	info	base	serviceinfo/service_info.go:280	add instance of {namespace: "Polaris", service: "polaris.monitor"}: 11.135.192.212:8081, status: healthy:true;isolate:false;weight:100
2026-08-05 10:37:15.348484Z	info	base	serviceinfo/service_info.go:280	add instance of {namespace: "Polaris", service: "polaris.monitor"}: 21.21.137.254:8081, status: healthy:true;isolate:false;weight:100
2026-08-05 10:37:15.348488Z	info	base	serviceinfo/service_info.go:280	add instance of {namespace: "Polaris", service: "polaris.monitor"}: 21.106.233.63:8081, status: healthy:true;isolate:false;weight:100
2026-08-05 10:37:15.348492Z	info	base	serviceinfo/service_info.go:280	add instance of {namespace: "Polaris", service: "polaris.monitor"}: 11.135.192.158:8081, status: healthy:true;isolate:false;weight:100
2026-08-05 10:37:15.348496Z	info	base	serviceinfo/service_info.go:280	add instance of {namespace: "Polaris", service: "polaris.monitor"}: 9.136.82.116:8081, status: healthy:true;isolate:false;weight:100
2026-08-05 10:37:15.348500Z	info	base	serviceinfo/service_info.go:280	add instance of {namespace: "Polaris", service: "polaris.monitor"}: 11.142.130.90:8081, status: healthy:true;isolate:false;weight:100
2026-08-05 10:37:15.348504Z	info	base	serviceinfo/service_info.go:280	add instance of {namespace: "Polaris", service: "polaris.monitor"}: 9.141.115.183:8081, status: healthy:true;isolate:false;weight:100
2026-08-05 10:37:15.348508Z	info	base	serviceinfo/service_info.go:280	add instance of {namespace: "Polaris", service: "polaris.monitor"}: 21.21.137.226:8081, status: healthy:true;isolate:false;weight:100
2026-08-05 10:37:15.348512Z	info	base	serviceinfo/service_info.go:280	add instance of {namespace: "Polaris", service: "polaris.monitor"}: 30.160.241.115:8081, status: healthy:true;isolate:false;weight:100
2026-08-05 10:37:15.348516Z	info	base	serviceinfo/service_info.go:280	add instance of {namespace: "Polaris", service: "polaris.monitor"}: 11.135.192.176:8081, status: healthy:true;isolate:false;weight:100
2026-08-05 10:37:15.348520Z	info	base	serviceinfo/service_info.go:280	add instance of {namespace: "Polaris", service: "polaris.monitor"}: 11.140.166.113:8081, status: healthy:true;isolate:false;weight:100
2026-08-05 10:37:15.348523Z	info	base	serviceinfo/service_info.go:280	add instance of {namespace: "Polaris", service: "polaris.monitor"}: 9.136.29.80:8081, status: healthy:true;isolate:false;weight:100
2026-08-05 10:37:15.348527Z	info	base	serviceinfo/service_info.go:280	add instance of {namespace: "Polaris", service: "polaris.monitor"}: 21.106.233.54:8081, status: healthy:true;isolate:false;weight:100
2026-08-05 10:37:15.348531Z	info	base	serviceinfo/service_info.go:280	add instance of {namespace: "Polaris", service: "polaris.monitor"}: 9.141.66.65:8081, status: healthy:true;isolate:false;weight:100
2026-08-05 10:37:15.348535Z	info	base	serviceinfo/service_info.go:280	add instance of {namespace: "Polaris", service: "polaris.monitor"}: 9.141.113.31:8081, status: healthy:true;isolate:false;weight:100
2026-08-05 10:37:15.348539Z	info	base	serviceinfo/service_info.go:280	add instance of {namespace: "Polaris", service: "polaris.monitor"}: 9.141.100.249:8081, status: healthy:true;isolate:false;weight:100
2026-08-05 10:37:15.348543Z	info	base	serviceinfo/service_info.go:280	add instance of {namespace: "Polaris", service: "polaris.monitor"}: 30.160.241.57:8081, status: healthy:true;isolate:false;weight:100
2026-08-05 10:37:15.348547Z	info	base	serviceinfo/service_info.go:280	add instance of {namespace: "Polaris", service: "polaris.monitor"}: 9.141.115.25:8081, status: healthy:true;isolate:false;weight:100
2026-08-05 10:37:15.348551Z	info	base	serviceinfo/service_info.go:280	add instance of {namespace: "Polaris", service: "polaris.monitor"}: 9.141.104.197:8081, status: healthy:true;isolate:false;weight:100
2026-08-05 10:37:15.348560Z	info	base	serviceinfo/service_info.go:280	add instance of {namespace: "Polaris", service: "polaris.monitor"}: 9.141.115.27:8081, status: healthy:true;isolate:false;weight:100
2026-08-05 10:37:15.348565Z	info	base	serviceinfo/service_info.go:280	add instance of {namespace: "Polaris", service: "polaris.monitor"}: 21.21.137.200:8081, status: healthy:true;isolate:false;weight:100
2026-08-05 10:37:15.348571Z	info	base	serviceinfo/service_info.go:280	add instance of {namespace: "Polaris", service: "polaris.monitor"}: 30.160.241.98:8081, status: healthy:true;isolate:false;weight:100
2026-08-05 10:37:15.348575Z	info	base	serviceinfo/service_info.go:280	add instance of {namespace: "Polaris", service: "polaris.monitor"}: 9.141.115.35:8081, status: healthy:true;isolate:false;weight:100
2026-08-05 10:37:15.348579Z	info	base	serviceinfo/service_info.go:280	add instance of {namespace: "Polaris", service: "polaris.monitor"}: 9.141.122.97:8081, status: healthy:true;isolate:false;weight:100
2026-08-05 10:37:15.348583Z	info	base	serviceinfo/service_info.go:280	add instance of {namespace: "Polaris", service: "polaris.monitor"}: 11.142.156.70:8081, status: healthy:true;isolate:false;weight:100
2026-08-05 10:37:15.348587Z	info	base	serviceinfo/service_info.go:280	add instance of {namespace: "Polaris", service: "polaris.monitor"}: 21.106.233.114:8081, status: healthy:true;isolate:false;weight:100
2026-08-05 10:37:15.348591Z	info	base	serviceinfo/service_info.go:280	add instance of {namespace: "Polaris", service: "polaris.monitor"}: 11.142.156.59:8081, status: healthy:true;isolate:false;weight:100
2026-08-05 10:37:15.348595Z	info	base	serviceinfo/service_info.go:280	add instance of {namespace: "Polaris", service: "polaris.monitor"}: 11.142.130.113:8081, status: healthy:true;isolate:false;weight:100
2026-08-05 10:37:15.348599Z	info	base	serviceinfo/service_info.go:280	add instance of {namespace: "Polaris", service: "polaris.monitor"}: 21.21.137.249:8081, status: healthy:true;isolate:false;weight:100
2026-08-05 10:37:15.348602Z	info	base	serviceinfo/service_info.go:280	add instance of {namespace: "Polaris", service: "polaris.monitor"}: 9.141.115.76:8081, status: healthy:true;isolate:false;weight:100
2026-08-05 10:37:15.348606Z	info	base	serviceinfo/service_info.go:280	add instance of {namespace: "Polaris", service: "polaris.monitor"}: 21.106.233.92:8081, status: healthy:true;isolate:false;weight:100
2026-08-05 10:37:15.348610Z	info	base	serviceinfo/service_info.go:280	add instance of {namespace: "Polaris", service: "polaris.monitor"}: 11.142.130.85:8081, status: healthy:true;isolate:false;weight:100
2026-08-05 10:37:15.348614Z	info	base	serviceinfo/service_info.go:280	add instance of {namespace: "Polaris", service: "polaris.monitor"}: 11.135.192.62:8081, status: healthy:true;isolate:false;weight:100
2026-08-05 10:37:15.348618Z	info	base	serviceinfo/service_info.go:280	add instance of {namespace: "Polaris", service: "polaris.monitor"}: 11.150.115.109:8081, status: healthy:true;isolate:false;weight:100
2026-08-05 10:37:15.348625Z	info	base	serviceinfo/service_info.go:280	add instance of {namespace: "Polaris", service: "polaris.monitor"}: 30.160.241.112:8081, status: healthy:true;isolate:false;weight:100
2026-08-05 10:37:15.348629Z	info	base	serviceinfo/service_info.go:280	add instance of {namespace: "Polaris", service: "polaris.monitor"}: 21.106.233.103:8081, status: healthy:true;isolate:false;weight:100
2026-08-05 10:37:15.348632Z	info	base	serviceinfo/service_info.go:280	add instance of {namespace: "Polaris", service: "polaris.monitor"}: 21.106.233.95:8081, status: healthy:true;isolate:false;weight:100
2026-08-05 10:37:15.348636Z	info	base	serviceinfo/service_info.go:280	add instance of {namespace: "Polaris", service: "polaris.monitor"}: 11.135.192.230:8081, status: healthy:true;isolate:false;weight:100
2026-08-05 10:37:15.348640Z	info	base	serviceinfo/service_info.go:280	add instance of {namespace: "Polaris", service: "polaris.monitor"}: 11.150.115.78:8081, status: healthy:true;isolate:false;weight:100
2026-08-05 10:37:15.348644Z	info	base	serviceinfo/service_info.go:280	add instance of {namespace: "Polaris", service: "polaris.monitor"}: 9.141.115.57:8081, status: healthy:true;isolate:false;weight:100
2026-08-05 10:37:15.348648Z	info	base	serviceinfo/service_info.go:280	add instance of {namespace: "Polaris", service: "polaris.monitor"}: 11.135.192.129:8081, status: healthy:true;isolate:false;weight:100
2026-08-05 10:37:15.348652Z	info	base	serviceinfo/service_info.go:280	add instance of {namespace: "Polaris", service: "polaris.monitor"}: 9.141.122.148:8081, status: healthy:true;isolate:false;weight:100
2026-08-05 10:37:15.348656Z	info	base	serviceinfo/service_info.go:280	add instance of {namespace: "Polaris", service: "polaris.monitor"}: 9.141.120.90:8081, status: healthy:true;isolate:false;weight:100
2026-08-05 10:37:15.348660Z	info	base	serviceinfo/service_info.go:280	add instance of {namespace: "Polaris", service: "polaris.monitor"}: 21.21.137.238:8081, status: healthy:true;isolate:false;weight:100
2026-08-05 10:37:15.348664Z	info	base	serviceinfo/service_info.go:280	add instance of {namespace: "Polaris", service: "polaris.monitor"}: 9.141.122.202:8081, status: healthy:true;isolate:false;weight:100
2026-08-05 10:37:15.348667Z	info	base	serviceinfo/service_info.go:280	add instance of {namespace: "Polaris", service: "polaris.monitor"}: 11.135.192.32:8081, status: healthy:true;isolate:false;weight:100
2026-08-05 10:37:15.348671Z	info	base	serviceinfo/service_info.go:280	add instance of {namespace: "Polaris", service: "polaris.monitor"}: 9.141.122.82:8081, status: healthy:true;isolate:false;weight:100
2026-08-05 10:37:15.348675Z	info	base	serviceinfo/service_info.go:280	add instance of {namespace: "Polaris", service: "polaris.monitor"}: 30.160.241.113:8081, status: healthy:true;isolate:false;weight:100
2026-08-05 10:37:15.348679Z	info	base	serviceinfo/service_info.go:280	add instance of {namespace: "Polaris", service: "polaris.monitor"}: 11.59.215.178:8081, status: healthy:true;isolate:false;weight:100
2026-08-05 10:37:15.348682Z	info	base	serviceinfo/service_info.go:280	add instance of {namespace: "Polaris", service: "polaris.monitor"}: 9.141.120.23:8081, status: healthy:true;isolate:false;weight:100
2026-08-05 10:37:15.348686Z	info	base	serviceinfo/service_info.go:280	add instance of {namespace: "Polaris", service: "polaris.monitor"}: 21.21.137.214:8081, status: healthy:true;isolate:false;weight:100
2026-08-05 10:37:15.348690Z	info	base	serviceinfo/service_info.go:280	add instance of {namespace: "Polaris", service: "polaris.monitor"}: 30.160.241.76:8081, status: healthy:true;isolate:false;weight:100
2026-08-05 10:37:15.348694Z	info	base	serviceinfo/service_info.go:280	add instance of {namespace: "Polaris", service: "polaris.monitor"}: 21.21.137.195:8081, status: healthy:true;isolate:false;weight:100
2026-08-05 10:37:15.348697Z	info	base	serviceinfo/service_info.go:280	add instance of {namespace: "Polaris", service: "polaris.monitor"}: 9.141.120.56:8081, status: healthy:true;isolate:false;weight:100
2026-08-05 10:37:15.348702Z	info	base	serviceinfo/service_info.go:280	add instance of {namespace: "Polaris", service: "polaris.monitor"}: 11.142.156.222:8081, status: healthy:true;isolate:false;weight:100
2026-08-05 10:37:15.348706Z	info	base	serviceinfo/service_info.go:280	add instance of {namespace: "Polaris", service: "polaris.monitor"}: 11.150.115.191:8081, status: healthy:true;isolate:false;weight:100
2026-08-05 10:37:15.348709Z	info	base	serviceinfo/service_info.go:280	add instance of {namespace: "Polaris", service: "polaris.monitor"}: 9.141.96.196:8081, status: healthy:true;isolate:false;weight:100
2026-08-05 10:37:15.348713Z	info	base	serviceinfo/service_info.go:280	add instance of {namespace: "Polaris", service: "polaris.monitor"}: 9.141.100.250:8081, status: healthy:true;isolate:false;weight:100
2026-08-05 10:37:15.348717Z	info	base	serviceinfo/service_info.go:280	add instance of {namespace: "Polaris", service: "polaris.monitor"}: 11.150.115.41:8081, status: healthy:true;isolate:false;weight:100
2026-08-05 10:37:15.348721Z	info	base	serviceinfo/service_info.go:280	add instance of {namespace: "Polaris", service: "polaris.monitor"}: 9.141.115.38:8081, status: healthy:true;isolate:false;weight:100
2026-08-05 10:37:15.348725Z	info	base	serviceinfo/service_info.go:280	add instance of {namespace: "Polaris", service: "polaris.monitor"}: 9.136.2.35:8081, status: healthy:true;isolate:false;weight:100
2026-08-05 10:37:15.348729Z	info	base	serviceinfo/service_info.go:280	add instance of {namespace: "Polaris", service: "polaris.monitor"}: 11.135.192.224:8081, status: healthy:true;isolate:false;weight:100
2026-08-05 10:37:15.348733Z	info	base	serviceinfo/service_info.go:280	add instance of {namespace: "Polaris", service: "polaris.monitor"}: 11.135.214.137:8081, status: healthy:true;isolate:false;weight:100
2026-08-05 10:37:15.348737Z	info	base	serviceinfo/service_info.go:280	add instance of {namespace: "Polaris", service: "polaris.monitor"}: 11.135.192.58:8081, status: healthy:true;isolate:false;weight:100
2026-08-05 10:37:15.348741Z	info	base	serviceinfo/service_info.go:280	add instance of {namespace: "Polaris", service: "polaris.monitor"}: 11.135.192.240:8081, status: healthy:true;isolate:false;weight:100
2026-08-05 10:37:15.348745Z	info	base	serviceinfo/service_info.go:280	add instance of {namespace: "Polaris", service: "polaris.monitor"}: 11.140.163.15:8081, status: healthy:true;isolate:false;weight:100
2026-08-05 10:37:15.348749Z	info	base	serviceinfo/service_info.go:280	add instance of {namespace: "Polaris", service: "polaris.monitor"}: 9.141.71.53:8081, status: healthy:true;isolate:false;weight:100
2026-08-05 10:37:15.348752Z	info	base	serviceinfo/service_info.go:280	add instance of {namespace: "Polaris", service: "polaris.monitor"}: 11.135.192.243:8081, status: healthy:true;isolate:false;weight:100
2026-08-05 10:37:15.348756Z	info	base	serviceinfo/service_info.go:280	add instance of {namespace: "Polaris", service: "polaris.monitor"}: 11.140.166.159:8081, status: healthy:true;isolate:false;weight:100
2026-08-05 10:37:15.348760Z	info	base	serviceinfo/service_info.go:280	add instance of {namespace: "Polaris", service: "polaris.monitor"}: 11.135.192.53:8081, status: healthy:true;isolate:false;weight:100
2026-08-05 10:37:15.348764Z	info	base	serviceinfo/service_info.go:280	add instance of {namespace: "Polaris", service: "polaris.monitor"}: 30.160.241.150:8081, status: healthy:true;isolate:false;weight:100
2026-08-05 10:37:15.348768Z	info	base	serviceinfo/service_info.go:280	add instance of {namespace: "Polaris", service: "polaris.monitor"}: 21.21.137.237:8081, status: healthy:true;isolate:false;weight:100
2026-08-05 10:37:15.348772Z	info	base	serviceinfo/service_info.go:280	add instance of {namespace: "Polaris", service: "polaris.monitor"}: 9.141.100.224:8081, status: healthy:true;isolate:false;weight:100
2026-08-05 10:37:15.348776Z	info	base	serviceinfo/service_info.go:280	add instance of {namespace: "Polaris", service: "polaris.monitor"}: 9.136.28.5:8081, status: healthy:true;isolate:false;weight:100
2026-08-05 10:37:15.348799Z	info	base	serviceinfo/service_info.go:280	add instance of {namespace: "Polaris", service: "polaris.monitor"}: 11.140.163.116:8081, status: healthy:true;isolate:false;weight:100
2026-08-05 10:37:15.348807Z	info	base	serviceinfo/service_info.go:280	add instance of {namespace: "Polaris", service: "polaris.monitor"}: 30.160.241.253:8081, status: healthy:true;isolate:false;weight:100
2026-08-05 10:37:15.348811Z	info	base	serviceinfo/service_info.go:280	add instance of {namespace: "Polaris", service: "polaris.monitor"}: 11.142.132.255:8081, status: healthy:true;isolate:false;weight:100
2026-08-05 10:37:15.348816Z	info	base	serviceinfo/service_info.go:280	add instance of {namespace: "Polaris", service: "polaris.monitor"}: 21.21.137.224:8081, status: healthy:true;isolate:false;weight:100
2026-08-05 10:37:15.348820Z	info	base	serviceinfo/service_info.go:280	add instance of {namespace: "Polaris", service: "polaris.monitor"}: 11.135.192.179:8081, status: healthy:true;isolate:false;weight:100
2026-08-05 10:37:15.348823Z	info	base	serviceinfo/service_info.go:280	add instance of {namespace: "Polaris", service: "polaris.monitor"}: 11.142.156.149:8081, status: healthy:true;isolate:false;weight:100
2026-08-05 10:37:15.348827Z	info	base	serviceinfo/service_info.go:280	add instance of {namespace: "Polaris", service: "polaris.monitor"}: 11.135.192.75:8081, status: healthy:true;isolate:false;weight:100
2026-08-05 10:37:15.348831Z	info	base	serviceinfo/service_info.go:280	add instance of {namespace: "Polaris", service: "polaris.monitor"}: 30.47.130.117:8081, status: healthy:true;isolate:false;weight:100
2026-08-05 10:37:15.348835Z	info	base	serviceinfo/service_info.go:280	add instance of {namespace: "Polaris", service: "polaris.monitor"}: 30.160.241.86:8081, status: healthy:true;isolate:false;weight:100
2026-08-05 10:37:15.348840Z	info	base	serviceinfo/service_info.go:280	add instance of {namespace: "Polaris", service: "polaris.monitor"}: 21.21.137.196:8081, status: healthy:true;isolate:false;weight:100
2026-08-05 10:37:15.348843Z	info	base	serviceinfo/service_info.go:280	add instance of {namespace: "Polaris", service: "polaris.monitor"}: 11.135.192.141:8081, status: healthy:true;isolate:false;weight:100
2026-08-05 10:37:15.348848Z	info	base	serviceinfo/service_info.go:280	add instance of {namespace: "Polaris", service: "polaris.monitor"}: 11.135.192.221:8081, status: healthy:true;isolate:false;weight:100
2026-08-05 10:37:15.348852Z	info	base	serviceinfo/service_info.go:280	add instance of {namespace: "Polaris", service: "polaris.monitor"}: 21.106.233.74:8081, status: healthy:true;isolate:false;weight:100
2026-08-05 10:37:15.348856Z	info	base	serviceinfo/service_info.go:280	add instance of {namespace: "Polaris", service: "polaris.monitor"}: 11.135.192.188:8081, status: healthy:true;isolate:false;weight:100
2026-08-05 10:37:15.348860Z	info	base	serviceinfo/service_info.go:280	add instance of {namespace: "Polaris", service: "polaris.monitor"}: 30.160.192.151:8081, status: healthy:true;isolate:false;weight:100
2026-08-05 10:37:15.348863Z	info	base	serviceinfo/service_info.go:280	add instance of {namespace: "Polaris", service: "polaris.monitor"}: 9.141.120.57:8081, status: healthy:true;isolate:false;weight:100
2026-08-05 10:37:15.348867Z	info	base	serviceinfo/service_info.go:280	add instance of {namespace: "Polaris", service: "polaris.monitor"}: 11.142.156.226:8081, status: healthy:true;isolate:false;weight:100
2026-08-05 10:37:15.348871Z	info	base	serviceinfo/service_info.go:280	add instance of {namespace: "Polaris", service: "polaris.monitor"}: 11.142.156.205:8081, status: healthy:true;isolate:false;weight:100
2026-08-05 10:37:15.348875Z	info	base	serviceinfo/service_info.go:280	add instance of {namespace: "Polaris", service: "polaris.monitor"}: 11.140.162.119:8081, status: healthy:true;isolate:false;weight:100
2026-08-05 10:37:15.348879Z	info	base	serviceinfo/service_info.go:280	add instance of {namespace: "Polaris", service: "polaris.monitor"}: 9.141.110.16:8081, status: healthy:true;isolate:false;weight:100
2026-08-05 10:37:15.348882Z	info	base	serviceinfo/service_info.go:280	add instance of {namespace: "Polaris", service: "polaris.monitor"}: 11.142.132.116:8081, status: healthy:true;isolate:false;weight:100
2026-08-05 10:37:15.348886Z	info	base	serviceinfo/service_info.go:280	add instance of {namespace: "Polaris", service: "polaris.monitor"}: 11.135.192.137:8081, status: healthy:true;isolate:false;weight:100
2026-08-05 10:37:15.348890Z	info	base	serviceinfo/service_info.go:280	add instance of {namespace: "Polaris", service: "polaris.monitor"}: 30.175.164.199:8081, status: healthy:true;isolate:false;weight:100
2026-08-05 10:37:15.348894Z	info	base	serviceinfo/service_info.go:280	add instance of {namespace: "Polaris", service: "polaris.monitor"}: 9.141.115.46:8081, status: healthy:true;isolate:false;weight:100
2026-08-05 10:37:15.348898Z	info	base	serviceinfo/service_info.go:280	add instance of {namespace: "Polaris", service: "polaris.monitor"}: 11.135.192.149:8081, status: healthy:true;isolate:false;weight:100
2026-08-05 10:37:15.348901Z	info	base	serviceinfo/service_info.go:280	add instance of {namespace: "Polaris", service: "polaris.monitor"}: 11.135.192.117:8081, status: healthy:true;isolate:false;weight:100
2026-08-05 10:37:15.348905Z	info	base	serviceinfo/service_info.go:280	add instance of {namespace: "Polaris", service: "polaris.monitor"}: 11.135.192.103:8081, status: healthy:true;isolate:false;weight:100
2026-08-05 10:37:15.348909Z	info	base	serviceinfo/service_info.go:280	add instance of {namespace: "Polaris", service: "polaris.monitor"}: 21.21.137.199:8081, status: healthy:true;isolate:false;weight:100
2026-08-05 10:37:15.348913Z	info	base	serviceinfo/service_info.go:280	add instance of {namespace: "Polaris", service: "polaris.monitor"}: 9.141.100.212:8081, status: healthy:true;isolate:false;weight:100
2026-08-05 10:37:15.348916Z	info	base	serviceinfo/service_info.go:280	add instance of {namespace: "Polaris", service: "polaris.monitor"}: 9.136.103.190:8081, status: healthy:true;isolate:false;weight:100
2026-08-05 10:37:15.348920Z	info	base	serviceinfo/service_info.go:280	add instance of {namespace: "Polaris", service: "polaris.monitor"}: 9.141.122.78:8081, status: healthy:true;isolate:false;weight:100
2026-08-05 10:37:15.348924Z	info	base	serviceinfo/service_info.go:280	add instance of {namespace: "Polaris", service: "polaris.monitor"}: 9.141.100.90:8081, status: healthy:true;isolate:false;weight:100
2026-08-05 10:37:15.348928Z	info	base	serviceinfo/service_info.go:280	add instance of {namespace: "Polaris", service: "polaris.monitor"}: 11.135.192.80:8081, status: healthy:true;isolate:false;weight:100
2026-08-05 10:37:15.348932Z	info	base	serviceinfo/service_info.go:280	add instance of {namespace: "Polaris", service: "polaris.monitor"}: 9.141.66.58:8081, status: healthy:true;isolate:false;weight:100
2026-08-05 10:37:15.348936Z	info	base	serviceinfo/service_info.go:280	add instance of {namespace: "Polaris", service: "polaris.monitor"}: 9.141.110.22:8081, status: healthy:true;isolate:false;weight:80
2026-08-05 10:37:15.348940Z	info	base	serviceinfo/service_info.go:280	add instance of {namespace: "Polaris", service: "polaris.monitor"}: 21.106.233.68:8081, status: healthy:true;isolate:false;weight:100
2026-08-05 10:37:15.348944Z	info	base	serviceinfo/service_info.go:280	add instance of {namespace: "Polaris", service: "polaris.monitor"}: 11.135.192.249:8081, status: healthy:true;isolate:false;weight:100
2026-08-05 10:37:15.348947Z	info	base	serviceinfo/service_info.go:280	add instance of {namespace: "Polaris", service: "polaris.monitor"}: 11.135.192.25:8081, status: healthy:true;isolate:false;weight:100
2026-08-05 10:37:15.348951Z	info	base	serviceinfo/service_info.go:280	add instance of {namespace: "Polaris", service: "polaris.monitor"}: 9.136.69.28:8081, status: healthy:true;isolate:false;weight:100
2026-08-05 10:37:15.348955Z	info	base	serviceinfo/service_info.go:280	add instance of {namespace: "Polaris", service: "polaris.monitor"}: 11.135.192.112:8081, status: healthy:true;isolate:false;weight:100
2026-08-05 10:37:15.348959Z	info	base	serviceinfo/service_info.go:280	add instance of {namespace: "Polaris", service: "polaris.monitor"}: 11.140.163.184:8081, status: healthy:true;isolate:false;weight:100
2026-08-05 10:37:15.348966Z	info	base	serviceinfo/service_info.go:280	add instance of {namespace: "Polaris", service: "polaris.monitor"}: 11.135.192.100:8081, status: healthy:true;isolate:false;weight:100
2026-08-05 10:37:15.348971Z	info	base	serviceinfo/service_info.go:280	add instance of {namespace: "Polaris", service: "polaris.monitor"}: 9.141.67.87:8081, status: healthy:true;isolate:false;weight:100
2026-08-05 10:37:15.348975Z	info	base	serviceinfo/service_info.go:280	add instance of {namespace: "Polaris", service: "polaris.monitor"}: 9.141.122.139:8081, status: healthy:true;isolate:false;weight:100
2026-08-05 10:37:15.348979Z	info	base	serviceinfo/service_info.go:280	add instance of {namespace: "Polaris", service: "polaris.monitor"}: 30.160.241.109:8081, status: healthy:true;isolate:false;weight:100
2026-08-05 10:37:15.348982Z	info	base	serviceinfo/service_info.go:280	add instance of {namespace: "Polaris", service: "polaris.monitor"}: 11.135.192.198:8081, status: healthy:true;isolate:false;weight:100
2026-08-05 10:37:15.348987Z	info	base	serviceinfo/service_info.go:280	add instance of {namespace: "Polaris", service: "polaris.monitor"}: 9.141.113.247:8081, status: healthy:true;isolate:false;weight:100
2026-08-05 10:37:15.348991Z	info	base	serviceinfo/service_info.go:280	add instance of {namespace: "Polaris", service: "polaris.monitor"}: 11.135.192.153:8081, status: healthy:true;isolate:false;weight:100
2026-08-05 10:37:15.348995Z	info	base	serviceinfo/service_info.go:280	add instance of {namespace: "Polaris", service: "polaris.monitor"}: 11.135.192.244:8081, status: healthy:true;isolate:false;weight:100
2026-08-05 10:37:15.348998Z	info	base	serviceinfo/service_info.go:280	add instance of {namespace: "Polaris", service: "polaris.monitor"}: 9.141.120.43:8081, status: healthy:true;isolate:false;weight:100
2026-08-05 10:37:15.349003Z	info	base	serviceinfo/service_info.go:280	add instance of {namespace: "Polaris", service: "polaris.monitor"}: 9.141.122.191:8081, status: healthy:true;isolate:false;weight:100
2026-08-05 10:37:15.349006Z	info	base	serviceinfo/service_info.go:280	add instance of {namespace: "Polaris", service: "polaris.monitor"}: 9.141.122.86:8081, status: healthy:true;isolate:false;weight:100
2026-08-05 10:37:15.349010Z	info	base	serviceinfo/service_info.go:280	add instance of {namespace: "Polaris", service: "polaris.monitor"}: 11.140.162.109:8081, status: healthy:true;isolate:false;weight:100
2026-08-05 10:37:15.349014Z	info	base	serviceinfo/service_info.go:280	add instance of {namespace: "Polaris", service: "polaris.monitor"}: 21.21.137.209:8081, status: healthy:true;isolate:false;weight:100
2026-08-05 10:37:15.349018Z	info	base	serviceinfo/service_info.go:280	add instance of {namespace: "Polaris", service: "polaris.monitor"}: 11.135.192.253:8081, status: healthy:true;isolate:false;weight:100
2026-08-05 10:37:15.349022Z	info	base	serviceinfo/service_info.go:280	add instance of {namespace: "Polaris", service: "polaris.monitor"}: 21.21.137.240:8081, status: healthy:true;isolate:false;weight:100
2026-08-05 10:37:15.349025Z	info	base	serviceinfo/service_info.go:280	add instance of {namespace: "Polaris", service: "polaris.monitor"}: 9.141.66.111:8081, status: healthy:true;isolate:false;weight:100
2026-08-05 10:37:15.349030Z	info	base	serviceinfo/service_info.go:280	add instance of {namespace: "Polaris", service: "polaris.monitor"}: 11.142.156.152:8081, status: healthy:true;isolate:false;weight:100
2026-08-05 10:37:15.349033Z	info	base	serviceinfo/service_info.go:280	add instance of {namespace: "Polaris", service: "polaris.monitor"}: 9.141.115.15:8081, status: healthy:true;isolate:false;weight:100
2026-08-05 10:37:15.349037Z	info	base	serviceinfo/service_info.go:280	add instance of {namespace: "Polaris", service: "polaris.monitor"}: 21.106.233.101:8081, status: healthy:true;isolate:false;weight:100
2026-08-05 10:37:15.349041Z	info	base	serviceinfo/service_info.go:280	add instance of {namespace: "Polaris", service: "polaris.monitor"}: 21.21.137.228:8081, status: healthy:true;isolate:false;weight:100
2026-08-05 10:37:15.349045Z	info	base	serviceinfo/service_info.go:280	add instance of {namespace: "Polaris", service: "polaris.monitor"}: 11.135.192.216:8081, status: healthy:true;isolate:false;weight:100
2026-08-05 10:37:15.349049Z	info	base	serviceinfo/service_info.go:280	add instance of {namespace: "Polaris", service: "polaris.monitor"}: 9.136.103.248:8081, status: healthy:true;isolate:false;weight:100
2026-08-05 10:37:15.349052Z	info	base	serviceinfo/service_info.go:280	add instance of {namespace: "Polaris", service: "polaris.monitor"}: 11.140.163.170:8081, status: healthy:true;isolate:false;weight:100
2026-08-05 10:37:15.349056Z	info	base	serviceinfo/service_info.go:280	add instance of {namespace: "Polaris", service: "polaris.monitor"}: 11.135.192.127:8081, status: healthy:true;isolate:false;weight:100
2026-08-05 10:37:15.349060Z	info	base	serviceinfo/service_info.go:280	add instance of {namespace: "Polaris", service: "polaris.monitor"}: 11.140.163.111:8081, status: healthy:true;isolate:false;weight:100
2026-08-05 10:37:15.349064Z	info	base	serviceinfo/service_info.go:280	add instance of {namespace: "Polaris", service: "polaris.monitor"}: 9.136.55.105:8081, status: healthy:true;isolate:false;weight:100
2026-08-05 10:37:15.349068Z	info	base	serviceinfo/service_info.go:280	add instance of {namespace: "Polaris", service: "polaris.monitor"}: 11.135.192.151:8081, status: healthy:true;isolate:false;weight:100
2026-08-05 10:37:15.349072Z	info	base	serviceinfo/service_info.go:280	add instance of {namespace: "Polaris", service: "polaris.monitor"}: 21.21.137.247:8081, status: healthy:true;isolate:false;weight:100
2026-08-05 10:37:15.349076Z	info	base	serviceinfo/service_info.go:280	add instance of {namespace: "Polaris", service: "polaris.monitor"}: 21.21.137.225:8081, status: healthy:true;isolate:false;weight:100
2026-08-05 10:37:15.349080Z	info	base	serviceinfo/service_info.go:280	add instance of {namespace: "Polaris", service: "polaris.monitor"}: 9.141.122.157:8081, status: healthy:true;isolate:false;weight:100
2026-08-05 10:37:15.349083Z	info	base	serviceinfo/service_info.go:280	add instance of {namespace: "Polaris", service: "polaris.monitor"}: 11.140.162.152:8081, status: healthy:true;isolate:false;weight:100
2026-08-05 10:37:15.349087Z	info	base	serviceinfo/service_info.go:280	add instance of {namespace: "Polaris", service: "polaris.monitor"}: 9.141.122.163:8081, status: healthy:true;isolate:false;weight:100
2026-08-05 10:37:15.349091Z	info	base	serviceinfo/service_info.go:280	add instance of {namespace: "Polaris", service: "polaris.monitor"}: 11.135.192.3:8081, status: healthy:true;isolate:false;weight:100
2026-08-05 10:37:15.349095Z	info	base	serviceinfo/service_info.go:280	add instance of {namespace: "Polaris", service: "polaris.monitor"}: 21.21.137.230:8081, status: healthy:true;isolate:false;weight:100
2026-08-05 10:37:15.349098Z	info	base	serviceinfo/service_info.go:280	add instance of {namespace: "Polaris", service: "polaris.monitor"}: 9.141.113.25:8081, status: healthy:true;isolate:false;weight:100
2026-08-05 10:37:15.349102Z	info	base	serviceinfo/service_info.go:280	add instance of {namespace: "Polaris", service: "polaris.monitor"}: 9.136.31.223:8081, status: healthy:true;isolate:false;weight:100
2026-08-05 10:37:15.349106Z	info	base	serviceinfo/service_info.go:280	add instance of {namespace: "Polaris", service: "polaris.monitor"}: 11.135.192.250:8081, status: healthy:true;isolate:false;weight:100
2026-08-05 10:37:15.349110Z	info	base	serviceinfo/service_info.go:280	add instance of {namespace: "Polaris", service: "polaris.monitor"}: 9.141.115.37:8081, status: healthy:true;isolate:false;weight:100
2026-08-05 10:37:15.349114Z	info	base	serviceinfo/service_info.go:280	add instance of {namespace: "Polaris", service: "polaris.monitor"}: 9.141.120.253:8081, status: healthy:true;isolate:false;weight:100
2026-08-05 10:37:15.349118Z	info	base	serviceinfo/service_info.go:280	add instance of {namespace: "Polaris", service: "polaris.monitor"}: 11.135.192.2:8081, status: healthy:true;isolate:false;weight:100
2026-08-05 10:37:15.349121Z	info	base	serviceinfo/service_info.go:280	add instance of {namespace: "Polaris", service: "polaris.monitor"}: 11.135.192.46:8081, status: healthy:true;isolate:false;weight:100
2026-08-05 10:37:15.349125Z	info	base	serviceinfo/service_info.go:280	add instance of {namespace: "Polaris", service: "polaris.monitor"}: 21.21.137.208:8081, status: healthy:true;isolate:false;weight:100
2026-08-05 10:37:15.349129Z	info	base	serviceinfo/service_info.go:280	add instance of {namespace: "Polaris", service: "polaris.monitor"}: 21.21.137.231:8081, status: healthy:true;isolate:false;weight:100
2026-08-05 10:37:15.349132Z	info	base	serviceinfo/service_info.go:280	add instance of {namespace: "Polaris", service: "polaris.monitor"}: 9.141.66.69:8081, status: healthy:true;isolate:false;weight:100
2026-08-05 10:37:15.349136Z	info	base	serviceinfo/service_info.go:280	add instance of {namespace: "Polaris", service: "polaris.monitor"}: 30.160.192.13:8081, status: healthy:true;isolate:false;weight:100
2026-08-05 10:37:15.349140Z	info	base	serviceinfo/service_info.go:280	add instance of {namespace: "Polaris", service: "polaris.monitor"}: 11.140.162.155:8081, status: healthy:true;isolate:false;weight:100
2026-08-05 10:37:15.349144Z	info	base	serviceinfo/service_info.go:280	add instance of {namespace: "Polaris", service: "polaris.monitor"}: 21.106.233.79:8081, status: healthy:true;isolate:false;weight:100
2026-08-05 10:37:15.349148Z	info	base	serviceinfo/service_info.go:280	add instance of {namespace: "Polaris", service: "polaris.monitor"}: 11.135.192.218:8081, status: healthy:true;isolate:false;weight:100
2026-08-05 10:37:15.349151Z	info	base	serviceinfo/service_info.go:280	add instance of {namespace: "Polaris", service: "polaris.monitor"}: 11.142.130.77:8081, status: healthy:true;isolate:false;weight:100
2026-08-05 10:37:15.349155Z	info	base	serviceinfo/service_info.go:280	add instance of {namespace: "Polaris", service: "polaris.monitor"}: 30.160.241.60:8081, status: healthy:true;isolate:false;weight:100
2026-08-05 10:37:15.349159Z	info	base	serviceinfo/service_info.go:280	add instance of {namespace: "Polaris", service: "polaris.monitor"}: 9.141.122.125:8081, status: healthy:true;isolate:false;weight:100
2026-08-05 10:37:15.349163Z	info	base	serviceinfo/service_info.go:280	add instance of {namespace: "Polaris", service: "polaris.monitor"}: 11.135.192.54:8081, status: healthy:true;isolate:false;weight:100
2026-08-05 10:37:15.349166Z	info	base	serviceinfo/service_info.go:280	add instance of {namespace: "Polaris", service: "polaris.monitor"}: 9.141.100.221:8081, status: healthy:true;isolate:false;weight:100
2026-08-05 10:37:15.349170Z	info	base	serviceinfo/service_info.go:280	add instance of {namespace: "Polaris", service: "polaris.monitor"}: 30.160.241.156:8081, status: healthy:true;isolate:false;weight:100
2026-08-05 10:37:15.349174Z	info	base	serviceinfo/service_info.go:280	add instance of {namespace: "Polaris", service: "polaris.monitor"}: 21.106.233.65:8081, status: healthy:true;isolate:false;weight:100
2026-08-05 10:37:15.349178Z	info	base	serviceinfo/service_info.go:280	add instance of {namespace: "Polaris", service: "polaris.monitor"}: 30.175.164.150:8081, status: healthy:true;isolate:false;weight:100
2026-08-05 10:37:15.349182Z	info	base	serviceinfo/service_info.go:280	add instance of {namespace: "Polaris", service: "polaris.monitor"}: 11.150.115.149:8081, status: healthy:true;isolate:false;weight:100
2026-08-05 10:37:15.349185Z	info	base	serviceinfo/service_info.go:280	add instance of {namespace: "Polaris", service: "polaris.monitor"}: 9.136.77.197:8081, status: healthy:true;isolate:false;weight:100
2026-08-05 10:37:15.349189Z	info	base	serviceinfo/service_info.go:280	add instance of {namespace: "Polaris", service: "polaris.monitor"}: 21.21.137.244:8081, status: healthy:true;isolate:false;weight:100
2026-08-05 10:37:15.349193Z	info	base	serviceinfo/service_info.go:280	add instance of {namespace: "Polaris", service: "polaris.monitor"}: 9.141.104.199:8081, status: healthy:true;isolate:false;weight:100
2026-08-05 10:37:15.349197Z	info	base	serviceinfo/service_info.go:280	add instance of {namespace: "Polaris", service: "polaris.monitor"}: 11.135.192.200:8081, status: healthy:true;isolate:false;weight:100
2026-08-05 10:37:15.349201Z	info	base	serviceinfo/service_info.go:280	add instance of {namespace: "Polaris", service: "polaris.monitor"}: 11.135.192.77:8081, status: healthy:true;isolate:false;weight:100
2026-08-05 10:37:15.349204Z	info	base	serviceinfo/service_info.go:280	add instance of {namespace: "Polaris", service: "polaris.monitor"}: 11.142.135.1:8081, status: healthy:true;isolate:false;weight:100
2026-08-05 10:37:15.349208Z	info	base	serviceinfo/service_info.go:280	add instance of {namespace: "Polaris", service: "polaris.monitor"}: 21.21.137.202:8081, status: healthy:true;isolate:false;weight:100
2026-08-05 10:37:15.349212Z	info	base	serviceinfo/service_info.go:280	add instance of {namespace: "Polaris", service: "polaris.monitor"}: 11.135.192.108:8081, status: healthy:true;isolate:false;weight:100
2026-08-05 10:37:15.349216Z	info	base	serviceinfo/service_info.go:280	add instance of {namespace: "Polaris", service: "polaris.monitor"}: 21.106.233.120:8081, status: healthy:true;isolate:false;weight:100
2026-08-05 10:37:15.349220Z	info	base	serviceinfo/service_info.go:280	add instance of {namespace: "Polaris", service: "polaris.monitor"}: 11.135.192.73:8081, status: healthy:true;isolate:false;weight:100
2026-08-05 10:37:15.349224Z	info	base	serviceinfo/service_info.go:280	add instance of {namespace: "Polaris", service: "polaris.monitor"}: 9.141.115.33:8081, status: healthy:true;isolate:false;weight:100
2026-08-05 10:37:15.349227Z	info	base	serviceinfo/service_info.go:280	add instance of {namespace: "Polaris", service: "polaris.monitor"}: 11.135.192.121:8081, status: healthy:true;isolate:false;weight:100
2026-08-05 10:37:15.349231Z	info	base	serviceinfo/service_info.go:280	add instance of {namespace: "Polaris", service: "polaris.monitor"}: 21.21.137.207:8081, status: healthy:true;isolate:false;weight:100
2026-08-05 10:37:15.349235Z	info	base	serviceinfo/service_info.go:280	add instance of {namespace: "Polaris", service: "polaris.monitor"}: 21.21.137.204:8081, status: healthy:true;isolate:false;weight:100
2026-08-05 10:37:15.349239Z	info	base	serviceinfo/service_info.go:280	add instance of {namespace: "Polaris", service: "polaris.monitor"}: 11.142.132.99:8081, status: healthy:true;isolate:false;weight:100
2026-08-05 10:37:15.349243Z	info	base	serviceinfo/service_info.go:280	add instance of {namespace: "Polaris", service: "polaris.monitor"}: 21.21.137.198:8081, status: healthy:true;isolate:false;weight:100
2026-08-05 10:37:15.349247Z	info	base	serviceinfo/service_info.go:280	add instance of {namespace: "Polaris", service: "polaris.monitor"}: 9.141.115.36:8081, status: healthy:true;isolate:false;weight:100
2026-08-05 10:37:15.349251Z	info	base	serviceinfo/service_info.go:280	add instance of {namespace: "Polaris", service: "polaris.monitor"}: 11.140.162.110:8081, status: healthy:true;isolate:false;weight:100
2026-08-05 10:37:15.349255Z	info	base	serviceinfo/service_info.go:280	add instance of {namespace: "Polaris", service: "polaris.monitor"}: 30.160.241.137:8081, status: healthy:true;isolate:false;weight:100
2026-08-05 10:37:15.349259Z	info	base	serviceinfo/service_info.go:280	add instance of {namespace: "Polaris", service: "polaris.monitor"}: 9.141.115.6:8081, status: healthy:true;isolate:false;weight:100
2026-08-05 10:37:15.349262Z	info	base	serviceinfo/service_info.go:280	add instance of {namespace: "Polaris", service: "polaris.monitor"}: 9.141.113.113:8081, status: healthy:true;isolate:false;weight:100
2026-08-05 10:37:15.349266Z	info	base	serviceinfo/service_info.go:280	add instance of {namespace: "Polaris", service: "polaris.monitor"}: 21.21.137.241:8081, status: healthy:true;isolate:false;weight:100
2026-08-05 10:37:15.349270Z	info	base	serviceinfo/service_info.go:280	add instance of {namespace: "Polaris", service: "polaris.monitor"}: 11.140.163.46:8081, status: healthy:true;isolate:false;weight:100
2026-08-05 10:37:15.349275Z	info	base	serviceinfo/service_info.go:280	add instance of {namespace: "Polaris", service: "polaris.monitor"}: 11.140.166.207:8081, status: healthy:true;isolate:false;weight:100
2026-08-05 10:37:15.349279Z	info	base	serviceinfo/service_info.go:280	add instance of {namespace: "Polaris", service: "polaris.monitor"}: 11.135.192.85:8081, status: healthy:true;isolate:false;weight:100
2026-08-05 10:37:15.349283Z	info	base	serviceinfo/service_info.go:280	add instance of {namespace: "Polaris", service: "polaris.monitor"}: 9.136.54.43:8081, status: healthy:true;isolate:false;weight:100
2026-08-05 10:37:15.349287Z	info	base	serviceinfo/service_info.go:280	add instance of {namespace: "Polaris", service: "polaris.monitor"}: 9.141.66.89:8081, status: healthy:true;isolate:false;weight:100
2026-08-05 10:37:15.349291Z	info	base	serviceinfo/service_info.go:280	add instance of {namespace: "Polaris", service: "polaris.monitor"}: 9.136.31.182:8081, status: healthy:true;isolate:false;weight:100
2026-08-05 10:37:15.349294Z	info	base	serviceinfo/service_info.go:280	add instance of {namespace: "Polaris", service: "polaris.monitor"}: 9.141.115.184:8081, status: healthy:true;isolate:false;weight:100
2026-08-05 10:37:15.349298Z	info	base	serviceinfo/service_info.go:280	add instance of {namespace: "Polaris", service: "polaris.monitor"}: 9.141.64.235:8081, status: healthy:true;isolate:false;weight:100
2026-08-05 10:37:15.349302Z	info	base	serviceinfo/service_info.go:280	add instance of {namespace: "Polaris", service: "polaris.monitor"}: 9.141.113.190:8081, status: healthy:true;isolate:false;weight:100
2026-08-05 10:37:15.349306Z	info	base	serviceinfo/service_info.go:280	add instance of {namespace: "Polaris", service: "polaris.monitor"}: 9.141.115.69:8081, status: healthy:true;isolate:false;weight:100
2026-08-05 10:37:15.349309Z	info	base	serviceinfo/service_info.go:280	add instance of {namespace: "Polaris", service: "polaris.monitor"}: 9.136.82.84:8081, status: healthy:true;isolate:false;weight:100
2026-08-05 10:37:15.349313Z	info	base	serviceinfo/service_info.go:280	add instance of {namespace: "Polaris", service: "polaris.monitor"}: 30.160.192.130:8081, status: healthy:true;isolate:false;weight:100
2026-08-05 10:37:15.349317Z	info	base	serviceinfo/service_info.go:280	add instance of {namespace: "Polaris", service: "polaris.monitor"}: 21.21.137.217:8081, status: healthy:true;isolate:false;weight:100
2026-08-05 10:37:15.349321Z	info	base	serviceinfo/service_info.go:280	add instance of {namespace: "Polaris", service: "polaris.monitor"}: 9.141.104.208:8081, status: healthy:true;isolate:false;weight:100
2026-08-05 10:37:15.349325Z	info	base	serviceinfo/service_info.go:280	add instance of {namespace: "Polaris", service: "polaris.monitor"}: 9.136.82.204:8081, status: healthy:true;isolate:false;weight:100
2026-08-05 10:37:15.349329Z	info	base	serviceinfo/service_info.go:280	add instance of {namespace: "Polaris", service: "polaris.monitor"}: 9.141.65.3:8081, status: healthy:true;isolate:false;weight:100
2026-08-05 10:37:15.349332Z	info	base	serviceinfo/service_info.go:280	add instance of {namespace: "Polaris", service: "polaris.monitor"}: 21.21.137.220:8081, status: healthy:true;isolate:false;weight:100
2026-08-05 10:37:15.349336Z	info	base	serviceinfo/service_info.go:280	add instance of {namespace: "Polaris", service: "polaris.monitor"}: 11.135.192.122:8081, status: healthy:true;isolate:false;weight:100
2026-08-05 10:37:15.349340Z	info	base	serviceinfo/service_info.go:280	add instance of {namespace: "Polaris", service: "polaris.monitor"}: 9.141.110.90:8081, status: healthy:true;isolate:false;weight:100
2026-08-05 10:37:15.349344Z	info	base	serviceinfo/service_info.go:280	add instance of {namespace: "Polaris", service: "polaris.monitor"}: 9.141.113.130:8081, status: healthy:true;isolate:false;weight:100
2026-08-05 10:37:15.349348Z	info	base	serviceinfo/service_info.go:280	add instance of {namespace: "Polaris", service: "polaris.monitor"}: 21.106.233.81:8081, status: healthy:true;isolate:false;weight:100
2026-08-05 10:37:15.349352Z	info	base	serviceinfo/service_info.go:280	add instance of {namespace: "Polaris", service: "polaris.monitor"}: 9.141.71.113:8081, status: healthy:true;isolate:false;weight:100
2026-08-05 10:37:15.349355Z	info	base	serviceinfo/service_info.go:280	add instance of {namespace: "Polaris", service: "polaris.monitor"}: 11.140.162.50:8081, status: healthy:true;isolate:false;weight:100
2026-08-05 10:37:15.349359Z	info	base	serviceinfo/service_info.go:280	add instance of {namespace: "Polaris", service: "polaris.monitor"}: 9.141.100.246:8081, status: healthy:true;isolate:false;weight:100
2026-08-05 10:37:15.349363Z	info	base	serviceinfo/service_info.go:280	add instance of {namespace: "Polaris", service: "polaris.monitor"}: 9.141.100.87:8081, status: healthy:true;isolate:false;weight:100
2026-08-05 10:37:15.349367Z	info	base	serviceinfo/service_info.go:280	add instance of {namespace: "Polaris", service: "polaris.monitor"}: 9.141.110.111:8081, status: healthy:true;isolate:false;weight:100
2026-08-05 10:37:15.349371Z	info	base	serviceinfo/service_info.go:280	add instance of {namespace: "Polaris", service: "polaris.monitor"}: 11.140.163.44:8081, status: healthy:true;isolate:false;weight:100
2026-08-05 10:37:15.349375Z	info	base	serviceinfo/service_info.go:280	add instance of {namespace: "Polaris", service: "polaris.monitor"}: 21.106.233.118:8081, status: healthy:true;isolate:false;weight:100
2026-08-05 10:37:15.349379Z	info	base	serviceinfo/service_info.go:280	add instance of {namespace: "Polaris", service: "polaris.monitor"}: 9.141.66.15:8081, status: healthy:true;isolate:false;weight:100
2026-08-05 10:37:15.349382Z	info	base	serviceinfo/service_info.go:280	add instance of {namespace: "Polaris", service: "polaris.monitor"}: 21.21.137.201:8081, status: healthy:true;isolate:false;weight:100
2026-08-05 10:37:15.349386Z	info	base	serviceinfo/service_info.go:280	add instance of {namespace: "Polaris", service: "polaris.monitor"}: 9.136.53.240:8081, status: healthy:true;isolate:false;weight:100
2026-08-05 10:37:15.349390Z	info	base	serviceinfo/service_info.go:280	add instance of {namespace: "Polaris", service: "polaris.monitor"}: 9.141.104.192:8081, status: healthy:true;isolate:false;weight:100
2026-08-05 10:37:15.349394Z	info	base	serviceinfo/service_info.go:280	add instance of {namespace: "Polaris", service: "polaris.monitor"}: 9.141.115.70:8081, status: healthy:true;isolate:false;weight:100
2026-08-05 10:37:15.349398Z	info	base	serviceinfo/service_info.go:280	add instance of {namespace: "Polaris", service: "polaris.monitor"}: 11.140.162.189:8081, status: healthy:true;isolate:false;weight:100
2026-08-05 10:37:15.349401Z	info	base	serviceinfo/service_info.go:280	add instance of {namespace: "Polaris", service: "polaris.monitor"}: 9.141.104.162:8081, status: healthy:true;isolate:false;weight:100
2026-08-05 10:37:15.349405Z	info	base	serviceinfo/service_info.go:280	add instance of {namespace: "Polaris", service: "polaris.monitor"}: 11.150.115.69:8081, status: healthy:true;isolate:false;weight:100
2026-08-05 10:37:15.349409Z	info	base	serviceinfo/service_info.go:280	add instance of {namespace: "Polaris", service: "polaris.monitor"}: 9.141.100.46:8081, status: healthy:true;isolate:false;weight:100
2026-08-05 10:37:15.349413Z	info	base	serviceinfo/service_info.go:280	add instance of {namespace: "Polaris", service: "polaris.monitor"}: 9.141.115.129:8081, status: healthy:true;isolate:false;weight:100
2026-08-05 10:37:15.349417Z	info	base	serviceinfo/service_info.go:280	add instance of {namespace: "Polaris", service: "polaris.monitor"}: 21.21.137.211:8081, status: healthy:true;isolate:false;weight:100
2026-08-05 10:37:15.349420Z	info	base	serviceinfo/service_info.go:280	add instance of {namespace: "Polaris", service: "polaris.monitor"}: 21.21.137.194:8081, status: healthy:true;isolate:false;weight:100
2026-08-05 10:37:15.349424Z	info	base	serviceinfo/service_info.go:280	add instance of {namespace: "Polaris", service: "polaris.monitor"}: 9.136.102.110:8081, status: healthy:true;isolate:false;weight:100
2026-08-05 10:37:15.349428Z	info	base	serviceinfo/service_info.go:280	add instance of {namespace: "Polaris", service: "polaris.monitor"}: 9.141.115.42:8081, status: healthy:true;isolate:false;weight:100
2026-08-05 10:37:15.349431Z	info	base	serviceinfo/service_info.go:280	add instance of {namespace: "Polaris", service: "polaris.monitor"}: 11.135.192.99:8081, status: healthy:true;isolate:false;weight:100
2026-08-05 10:37:15.349435Z	info	base	serviceinfo/service_info.go:280	add instance of {namespace: "Polaris", service: "polaris.monitor"}: 9.141.115.142:8081, status: healthy:true;isolate:false;weight:100
2026-08-05 10:37:15.349439Z	info	base	serviceinfo/service_info.go:280	add instance of {namespace: "Polaris", service: "polaris.monitor"}: 11.135.192.173:8081, status: healthy:true;isolate:false;weight:100
2026-08-05 10:37:15.349443Z	info	base	serviceinfo/service_info.go:280	add instance of {namespace: "Polaris", service: "polaris.monitor"}: 11.140.166.19:8081, status: healthy:true;isolate:false;weight:100
2026-08-05 10:37:15.349447Z	info	base	serviceinfo/service_info.go:280	add instance of {namespace: "Polaris", service: "polaris.monitor"}: 9.141.122.230:8081, status: healthy:true;isolate:false;weight:100
2026-08-05 10:37:15.349451Z	info	base	serviceinfo/service_info.go:280	add instance of {namespace: "Polaris", service: "polaris.monitor"}: 9.141.113.136:8081, status: healthy:true;isolate:false;weight:100
2026-08-05 10:37:15.349455Z	info	base	serviceinfo/service_info.go:280	add instance of {namespace: "Polaris", service: "polaris.monitor"}: 9.136.78.14:8081, status: healthy:true;isolate:false;weight:100
2026-08-05 10:37:15.349459Z	info	base	serviceinfo/service_info.go:280	add instance of {namespace: "Polaris", service: "polaris.monitor"}: 11.135.192.251:8081, status: healthy:true;isolate:false;weight:100
2026-08-05 10:37:15.349463Z	info	base	serviceinfo/service_info.go:280	add instance of {namespace: "Polaris", service: "polaris.monitor"}: 11.135.192.48:8081, status: healthy:true;isolate:false;weight:100
2026-08-05 10:37:15.349467Z	info	base	serviceinfo/service_info.go:280	add instance of {namespace: "Polaris", service: "polaris.monitor"}: 11.135.192.63:8081, status: healthy:true;isolate:false;weight:100
2026-08-05 10:37:15.349471Z	info	base	serviceinfo/service_info.go:280	add instance of {namespace: "Polaris", service: "polaris.monitor"}: 30.175.164.146:8081, status: healthy:true;isolate:false;weight:100
2026-08-05 10:37:15.349475Z	info	base	serviceinfo/service_info.go:280	add instance of {namespace: "Polaris", service: "polaris.monitor"}: 11.135.192.105:8081, status: healthy:true;isolate:false;weight:100
2026-08-05 10:37:15.349479Z	info	base	serviceinfo/service_info.go:280	add instance of {namespace: "Polaris", service: "polaris.monitor"}: 11.140.163.199:8081, status: healthy:true;isolate:false;weight:100
2026-08-05 10:37:15.349482Z	info	base	serviceinfo/service_info.go:280	add instance of {namespace: "Polaris", service: "polaris.monitor"}: 9.136.31.230:8081, status: healthy:true;isolate:false;weight:100
2026-08-05 10:37:15.349486Z	info	base	serviceinfo/service_info.go:280	add instance of {namespace: "Polaris", service: "polaris.monitor"}: 11.142.130.64:8081, status: healthy:true;isolate:false;weight:100
2026-08-05 10:37:15.349490Z	info	base	serviceinfo/service_info.go:280	add instance of {namespace: "Polaris", service: "polaris.monitor"}: 9.141.120.39:8081, status: healthy:true;isolate:false;weight:100
2026-08-05 10:37:15.349494Z	info	base	serviceinfo/service_info.go:280	add instance of {namespace: "Polaris", service: "polaris.monitor"}: 9.141.115.31:8081, status: healthy:true;isolate:false;weight:100
2026-08-05 10:37:15.349498Z	info	base	serviceinfo/service_info.go:280	add instance of {namespace: "Polaris", service: "polaris.monitor"}: 11.135.192.217:8081, status: healthy:true;isolate:false;weight:100
2026-08-05 10:37:15.349502Z	info	base	serviceinfo/service_info.go:280	add instance of {namespace: "Polaris", service: "polaris.monitor"}: 11.135.192.140:8081, status: healthy:true;isolate:false;weight:100
2026-08-05 10:37:15.349506Z	info	base	serviceinfo/service_info.go:280	add instance of {namespace: "Polaris", service: "polaris.monitor"}: 11.140.163.251:8081, status: healthy:true;isolate:false;weight:100
2026-08-05 10:37:15.349510Z	info	base	serviceinfo/service_info.go:280	add instance of {namespace: "Polaris", service: "polaris.monitor"}: 11.135.192.133:8081, status: healthy:true;isolate:false;weight:100
2026-08-05 10:37:15.349513Z	info	base	serviceinfo/service_info.go:280	add instance of {namespace: "Polaris", service: "polaris.monitor"}: 11.135.192.106:8081, status: healthy:true;isolate:false;weight:100
2026-08-05 10:37:15.349517Z	info	base	serviceinfo/service_info.go:280	add instance of {namespace: "Polaris", service: "polaris.monitor"}: 9.141.115.201:8081, status: healthy:true;isolate:false;weight:100
2026-08-05 10:37:15.349521Z	info	base	serviceinfo/service_info.go:280	add instance of {namespace: "Polaris", service: "polaris.monitor"}: 11.140.163.160:8081, status: healthy:true;isolate:false;weight:100
2026-08-05 10:37:15.349525Z	info	base	serviceinfo/service_info.go:280	add instance of {namespace: "Polaris", service: "polaris.monitor"}: 9.141.120.34:8081, status: healthy:true;isolate:false;weight:100
2026-08-05 10:37:15.349529Z	info	base	serviceinfo/service_info.go:280	add instance of {namespace: "Polaris", service: "polaris.monitor"}: 30.160.241.131:8081, status: healthy:true;isolate:false;weight:100
2026-08-05 10:37:15.349532Z	info	base	serviceinfo/service_info.go:280	add instance of {namespace: "Polaris", service: "polaris.monitor"}: 9.141.110.41:8081, status: healthy:true;isolate:false;weight:100
2026-08-05 10:37:15.349536Z	info	base	serviceinfo/service_info.go:280	add instance of {namespace: "Polaris", service: "polaris.monitor"}: 11.135.192.215:8081, status: healthy:true;isolate:false;weight:100
2026-08-05 10:37:15.349540Z	info	base	serviceinfo/service_info.go:280	add instance of {namespace: "Polaris", service: "polaris.monitor"}: 30.160.241.142:8081, status: healthy:true;isolate:false;weight:100
2026-08-05 10:37:15.349544Z	info	base	serviceinfo/service_info.go:280	add instance of {namespace: "Polaris", service: "polaris.monitor"}: 9.141.122.221:8081, status: healthy:true;isolate:false;weight:100
2026-08-05 10:37:15.349548Z	info	base	serviceinfo/service_info.go:280	add instance of {namespace: "Polaris", service: "polaris.monitor"}: 21.21.137.242:8081, status: healthy:true;isolate:false;weight:100
2026-08-05 10:37:15.349551Z	info	base	serviceinfo/service_info.go:280	add instance of {namespace: "Polaris", service: "polaris.monitor"}: 11.142.134.99:8081, status: healthy:true;isolate:false;weight:100
2026-08-05 10:37:15.349555Z	info	base	serviceinfo/service_info.go:280	add instance of {namespace: "Polaris", service: "polaris.monitor"}: 9.141.110.31:8081, status: healthy:true;isolate:false;weight:100
2026-08-05 10:37:15.349559Z	info	base	serviceinfo/service_info.go:280	add instance of {namespace: "Polaris", service: "polaris.monitor"}: 21.21.137.227:8081, status: healthy:true;isolate:false;weight:100
2026-08-05 10:37:15.349563Z	info	base	serviceinfo/service_info.go:280	add instance of {namespace: "Polaris", service: "polaris.monitor"}: 9.141.113.29:8081, status: healthy:true;isolate:false;weight:100
2026-08-05 10:37:15.349567Z	info	base	serviceinfo/service_info.go:280	add instance of {namespace: "Polaris", service: "polaris.monitor"}: 21.106.233.80:8081, status: healthy:true;isolate:false;weight:100
2026-08-05 10:37:15.349571Z	info	base	serviceinfo/service_info.go:280	add instance of {namespace: "Polaris", service: "polaris.monitor"}: 11.142.132.163:8081, status: healthy:true;isolate:false;weight:100
2026-08-05 10:37:15.349584Z	info	base	serviceinfo/service_info.go:280	add instance of {namespace: "Polaris", service: "polaris.monitor"}: 9.141.115.173:8081, status: healthy:true;isolate:false;weight:100
2026-08-05 10:37:15.349589Z	info	base	serviceinfo/service_info.go:280	add instance of {namespace: "Polaris", service: "polaris.monitor"}: 11.135.192.186:8081, status: healthy:true;isolate:false;weight:100
2026-08-05 10:37:15.349595Z	info	base	serviceinfo/service_info.go:280	add instance of {namespace: "Polaris", service: "polaris.monitor"}: 11.135.192.191:8081, status: healthy:true;isolate:false;weight:100
2026-08-05 10:37:15.349599Z	info	base	serviceinfo/service_info.go:280	add instance of {namespace: "Polaris", service: "polaris.monitor"}: 9.136.15.144:8081, status: healthy:true;isolate:false;weight:100
2026-08-05 10:37:15.349603Z	info	base	serviceinfo/service_info.go:280	add instance of {namespace: "Polaris", service: "polaris.monitor"}: 30.160.241.219:8081, status: healthy:true;isolate:false;weight:100
2026-08-05 10:37:15.349607Z	info	base	serviceinfo/service_info.go:280	add instance of {namespace: "Polaris", service: "polaris.monitor"}: 11.135.192.233:8081, status: healthy:true;isolate:false;weight:100
2026-08-05 10:37:15.349611Z	info	base	serviceinfo/service_info.go:280	add instance of {namespace: "Polaris", service: "polaris.monitor"}: 11.135.192.245:8081, status: healthy:true;isolate:false;weight:100
2026-08-05 10:37:15.349615Z	info	base	serviceinfo/service_info.go:280	add instance of {namespace: "Polaris", service: "polaris.monitor"}: 9.141.110.19:8081, status: healthy:true;isolate:false;weight:100
2026-08-05 10:37:15.349619Z	info	base	serviceinfo/service_info.go:280	add instance of {namespace: "Polaris", service: "polaris.monitor"}: 9.141.120.58:8081, status: healthy:true;isolate:false;weight:100
2026-08-05 10:37:15.349622Z	info	base	serviceinfo/service_info.go:280	add instance of {namespace: "Polaris", service: "polaris.monitor"}: 9.141.120.25:8081, status: healthy:true;isolate:false;weight:100
2026-08-05 10:37:15.349626Z	info	base	serviceinfo/service_info.go:280	add instance of {namespace: "Polaris", service: "polaris.monitor"}: 21.21.137.197:8081, status: healthy:true;isolate:false;weight:100
2026-08-05 10:37:15.349630Z	info	base	serviceinfo/service_info.go:280	add instance of {namespace: "Polaris", service: "polaris.monitor"}: 9.141.113.140:8081, status: healthy:true;isolate:false;weight:100
2026-08-05 10:37:15.349634Z	info	base	serviceinfo/service_info.go:280	add instance of {namespace: "Polaris", service: "polaris.monitor"}: 11.140.163.213:8081, status: healthy:true;isolate:false;weight:100
2026-08-05 10:37:15.349638Z	info	base	serviceinfo/service_info.go:280	add instance of {namespace: "Polaris", service: "polaris.monitor"}: 11.135.192.235:8081, status: healthy:true;isolate:false;weight:100
2026-08-05 10:37:15.349642Z	info	base	serviceinfo/service_info.go:280	add instance of {namespace: "Polaris", service: "polaris.monitor"}: 9.141.115.5:8081, status: healthy:true;isolate:false;weight:100
2026-08-05 10:37:15.349646Z	info	base	serviceinfo/service_info.go:280	add instance of {namespace: "Polaris", service: "polaris.monitor"}: 9.141.115.63:8081, status: healthy:true;isolate:false;weight:100
2026-08-05 10:37:15.349650Z	info	base	serviceinfo/service_info.go:280	add instance of {namespace: "Polaris", service: "polaris.monitor"}: 9.141.115.72:8081, status: healthy:true;isolate:false;weight:100
2026-08-05 10:37:15.349654Z	info	base	serviceinfo/service_info.go:280	add instance of {namespace: "Polaris", service: "polaris.monitor"}: 9.141.96.247:8081, status: healthy:true;isolate:false;weight:100
2026-08-05 10:37:15.349657Z	info	base	serviceinfo/service_info.go:280	add instance of {namespace: "Polaris", service: "polaris.monitor"}: 21.21.137.222:8081, status: healthy:true;isolate:false;weight:100
2026-08-05 10:37:15.349661Z	info	base	serviceinfo/service_info.go:280	add instance of {namespace: "Polaris", service: "polaris.monitor"}: 30.160.241.87:8081, status: healthy:true;isolate:false;weight:100
2026-08-05 10:37:15.349665Z	info	base	serviceinfo/service_info.go:280	add instance of {namespace: "Polaris", service: "polaris.monitor"}: 9.141.122.12:8081, status: healthy:true;isolate:false;weight:100
2026-08-05 10:37:15.349669Z	info	base	serviceinfo/service_info.go:280	add instance of {namespace: "Polaris", service: "polaris.monitor"}: 21.106.233.70:8081, status: healthy:true;isolate:false;weight:100
2026-08-05 10:37:15.349673Z	info	base	serviceinfo/service_info.go:280	add instance of {namespace: "Polaris", service: "polaris.monitor"}: 21.21.137.235:8081, status: healthy:true;isolate:false;weight:100
2026-08-05 10:37:15.349677Z	info	base	serviceinfo/service_info.go:280	add instance of {namespace: "Polaris", service: "polaris.monitor"}: 9.141.66.96:8081, status: healthy:true;isolate:false;weight:100
2026-08-05 10:37:15.349681Z	info	base	serviceinfo/service_info.go:280	add instance of {namespace: "Polaris", service: "polaris.monitor"}: 9.141.115.10:8081, status: healthy:true;isolate:false;weight:100
2026-08-05 10:37:15.349685Z	info	base	serviceinfo/service_info.go:280	add instance of {namespace: "Polaris", service: "polaris.monitor"}: 11.135.192.130:8081, status: healthy:true;isolate:false;weight:100
2026-08-05 10:37:15.349689Z	info	base	serviceinfo/service_info.go:280	add instance of {namespace: "Polaris", service: "polaris.monitor"}: 9.141.113.119:8081, status: healthy:true;isolate:false;weight:100
2026-08-05 10:37:15.349693Z	info	base	serviceinfo/service_info.go:280	add instance of {namespace: "Polaris", service: "polaris.monitor"}: 21.21.137.218:8081, status: healthy:true;isolate:false;weight:100
2026-08-05 10:37:15.349697Z	info	base	serviceinfo/service_info.go:280	add instance of {namespace: "Polaris", service: "polaris.monitor"}: 11.150.115.185:8081, status: healthy:true;isolate:false;weight:100
2026-08-05 10:37:15.349701Z	info	base	serviceinfo/service_info.go:280	add instance of {namespace: "Polaris", service: "polaris.monitor"}: 11.135.192.185:8081, status: healthy:true;isolate:false;weight:100
2026-08-05 10:37:15.349705Z	info	base	serviceinfo/service_info.go:280	add instance of {namespace: "Polaris", service: "polaris.monitor"}: 21.106.233.55:8081, status: healthy:true;isolate:false;weight:100
2026-08-05 10:37:15.349708Z	info	base	serviceinfo/service_info.go:280	add instance of {namespace: "Polaris", service: "polaris.monitor"}: 9.141.120.40:8081, status: healthy:true;isolate:false;weight:100
2026-08-05 10:37:15.349712Z	info	base	serviceinfo/service_info.go:280	add instance of {namespace: "Polaris", service: "polaris.monitor"}: 11.135.192.146:8081, status: healthy:true;isolate:false;weight:100
2026-08-05 10:37:15.349716Z	info	base	serviceinfo/service_info.go:280	add instance of {namespace: "Polaris", service: "polaris.monitor"}: 21.106.233.106:8081, status: healthy:true;isolate:false;weight:100
2026-08-05 10:37:15.349720Z	info	base	serviceinfo/service_info.go:280	add instance of {namespace: "Polaris", service: "polaris.monitor"}: 9.136.104.103:8081, status: healthy:true;isolate:false;weight:100
2026-08-05 10:37:15.349724Z	info	base	serviceinfo/service_info.go:280	add instance of {namespace: "Polaris", service: "polaris.monitor"}: 9.141.115.20:8081, status: healthy:true;isolate:false;weight:100
2026-08-05 10:37:15.349728Z	info	base	serviceinfo/service_info.go:280	add instance of {namespace: "Polaris", service: "polaris.monitor"}: 9.141.120.236:8081, status: healthy:true;isolate:false;weight:100
2026-08-05 10:37:15.349731Z	info	base	serviceinfo/service_info.go:280	add instance of {namespace: "Polaris", service: "polaris.monitor"}: 11.135.192.183:8081, status: healthy:true;isolate:false;weight:100
2026-08-05 10:37:15.349735Z	info	base	serviceinfo/service_info.go:280	add instance of {namespace: "Polaris", service: "polaris.monitor"}: 9.141.100.35:8081, status: healthy:true;isolate:false;weight:100
2026-08-05 10:37:15.349739Z	info	base	serviceinfo/service_info.go:280	add instance of {namespace: "Polaris", service: "polaris.monitor"}: 11.140.162.28:8081, status: healthy:true;isolate:false;weight:100
2026-08-05 10:37:15.349743Z	info	base	serviceinfo/service_info.go:280	add instance of {namespace: "Polaris", service: "polaris.monitor"}: 30.160.241.93:8081, status: healthy:true;isolate:false;weight:100
2026-08-05 10:37:15.349747Z	info	base	serviceinfo/service_info.go:280	add instance of {namespace: "Polaris", service: "polaris.monitor"}: 21.21.137.251:8081, status: healthy:true;isolate:false;weight:100
2026-08-05 10:37:15.349751Z	info	base	serviceinfo/service_info.go:280	add instance of {namespace: "Polaris", service: "polaris.monitor"}: 21.21.137.221:8081, status: healthy:true;isolate:false;weight:100
2026-08-05 10:37:15.349755Z	info	base	serviceinfo/service_info.go:280	add instance of {namespace: "Polaris", service: "polaris.monitor"}: 9.141.115.126:8081, status: healthy:true;isolate:false;weight:100
2026-08-05 10:37:15.349759Z	info	base	serviceinfo/service_info.go:280	add instance of {namespace: "Polaris", service: "polaris.monitor"}: 30.175.164.155:8081, status: healthy:true;isolate:false;weight:100
2026-08-05 10:37:15.349763Z	info	base	serviceinfo/service_info.go:280	add instance of {namespace: "Polaris", service: "polaris.monitor"}: 21.21.137.203:8081, status: healthy:true;isolate:false;weight:100
2026-08-05 10:37:15.349767Z	info	base	serviceinfo/service_info.go:280	add instance of {namespace: "Polaris", service: "polaris.monitor"}: 11.135.192.90:8081, status: healthy:true;isolate:false;weight:100
2026-08-05 10:37:15.349770Z	info	base	serviceinfo/service_info.go:280	add instance of {namespace: "Polaris", service: "polaris.monitor"}: 11.142.156.139:8081, status: healthy:true;isolate:false;weight:100
2026-08-05 10:37:15.349774Z	info	base	serviceinfo/service_info.go:280	add instance of {namespace: "Polaris", service: "polaris.monitor"}: 11.140.166.215:8081, status: healthy:true;isolate:false;weight:100
2026-08-05 10:37:15.349778Z	info	base	serviceinfo/service_info.go:280	add instance of {namespace: "Polaris", service: "polaris.monitor"}: 21.21.137.250:8081, status: healthy:true;isolate:false;weight:100
2026-08-05 10:37:15.349782Z	info	base	serviceinfo/service_info.go:280	add instance of {namespace: "Polaris", service: "polaris.monitor"}: 11.142.156.160:8081, status: healthy:true;isolate:false;weight:100
2026-08-05 10:37:15.349785Z	info	base	serviceinfo/service_info.go:280	add instance of {namespace: "Polaris", service: "polaris.monitor"}: 21.21.137.223:8081, status: healthy:true;isolate:false;weight:100
2026-08-05 10:37:15.349789Z	info	base	serviceinfo/service_info.go:280	add instance of {namespace: "Polaris", service: "polaris.monitor"}: 9.141.113.131:8081, status: healthy:true;isolate:false;weight:100
2026-08-05 10:37:15.349793Z	info	base	serviceinfo/service_info.go:280	add instance of {namespace: "Polaris", service: "polaris.monitor"}: 9.141.122.116:8081, status: healthy:true;isolate:false;weight:100
2026-08-05 10:37:15.349797Z	info	base	serviceinfo/service_info.go:280	add instance of {namespace: "Polaris", service: "polaris.monitor"}: 9.141.104.250:8081, status: healthy:true;isolate:false;weight:100
2026-08-05 10:37:15.349801Z	info	base	serviceinfo/service_info.go:280	add instance of {namespace: "Polaris", service: "polaris.monitor"}: 11.135.192.119:8081, status: healthy:true;isolate:false;weight:100
2026-08-05 10:37:15.349804Z	info	base	serviceinfo/service_info.go:280	add instance of {namespace: "Polaris", service: "polaris.monitor"}: 9.141.115.48:8081, status: healthy:true;isolate:false;weight:100
2026-08-05 10:37:15.349808Z	info	base	serviceinfo/service_info.go:280	add instance of {namespace: "Polaris", service: "polaris.monitor"}: 11.135.192.47:8081, status: healthy:true;isolate:false;weight:100
2026-08-05 10:37:15.349812Z	info	base	serviceinfo/service_info.go:280	add instance of {namespace: "Polaris", service: "polaris.monitor"}: 9.141.120.50:8081, status: healthy:true;isolate:false;weight:100
2026-08-05 10:37:15.349816Z	info	base	serviceinfo/service_info.go:280	add instance of {namespace: "Polaris", service: "polaris.monitor"}: 21.21.137.246:8081, status: healthy:true;isolate:false;weight:100
2026-08-05 10:37:15.349820Z	info	base	serviceinfo/service_info.go:280	add instance of {namespace: "Polaris", service: "polaris.monitor"}: 9.141.115.127:8081, status: healthy:true;isolate:false;weight:100
2026-08-05 10:37:15.349824Z	info	base	serviceinfo/service_info.go:280	add instance of {namespace: "Polaris", service: "polaris.monitor"}: 9.136.69.245:8081, status: healthy:true;isolate:false;weight:100
2026-08-05 10:37:15.349827Z	info	base	serviceinfo/service_info.go:280	add instance of {namespace: "Polaris", service: "polaris.monitor"}: 11.135.192.61:8081, status: healthy:true;isolate:false;weight:100
2026-08-05 10:37:15.349831Z	info	base	serviceinfo/service_info.go:280	add instance of {namespace: "Polaris", service: "polaris.monitor"}: 11.142.156.231:8081, status: healthy:true;isolate:false;weight:100
2026-08-05 10:37:15.349835Z	info	base	serviceinfo/service_info.go:280	add instance of {namespace: "Polaris", service: "polaris.monitor"}: 11.142.156.167:8081, status: healthy:true;isolate:false;weight:100
2026-08-05 10:37:15.349839Z	info	base	serviceinfo/service_info.go:280	add instance of {namespace: "Polaris", service: "polaris.monitor"}: 9.141.113.252:8081, status: healthy:true;isolate:false;weight:100
2026-08-05 10:37:15.349843Z	info	base	serviceinfo/service_info.go:280	add instance of {namespace: "Polaris", service: "polaris.monitor"}: 11.135.192.229:8081, status: healthy:true;isolate:false;weight:100
2026-08-05 10:37:15.349846Z	info	base	serviceinfo/service_info.go:280	add instance of {namespace: "Polaris", service: "polaris.monitor"}: 21.21.137.205:8081, status: healthy:true;isolate:false;weight:100
2026-08-05 10:37:15.349850Z	info	base	serviceinfo/service_info.go:280	add instance of {namespace: "Polaris", service: "polaris.monitor"}: 11.142.156.228:8081, status: healthy:true;isolate:false;weight:100
2026-08-05 10:37:15.349854Z	info	base	serviceinfo/service_info.go:280	add instance of {namespace: "Polaris", service: "polaris.monitor"}: 11.142.156.175:8081, status: healthy:true;isolate:false;weight:100
2026-08-05 10:37:15.349858Z	info	base	serviceinfo/service_info.go:280	add instance of {namespace: "Polaris", service: "polaris.monitor"}: 21.106.233.111:8081, status: healthy:true;isolate:false;weight:100
2026-08-05 10:37:15.349862Z	info	base	serviceinfo/service_info.go:280	add instance of {namespace: "Polaris", service: "polaris.monitor"}: 21.21.137.234:8081, status: healthy:true;isolate:false;weight:100
2026-08-05 10:37:15.349865Z	info	base	serviceinfo/service_info.go:280	add instance of {namespace: "Polaris", service: "polaris.monitor"}: 9.141.120.37:8081, status: healthy:true;isolate:false;weight:100
2026-08-05 10:37:15.349869Z	info	base	serviceinfo/service_info.go:280	add instance of {namespace: "Polaris", service: "polaris.monitor"}: 11.140.163.242:8081, status: healthy:true;isolate:false;weight:100
2026-08-05 10:37:15.349873Z	info	base	serviceinfo/service_info.go:280	add instance of {namespace: "Polaris", service: "polaris.monitor"}: 9.141.113.203:8081, status: healthy:true;isolate:false;weight:100
2026-08-05 10:37:15.349877Z	info	base	serviceinfo/service_info.go:280	add instance of {namespace: "Polaris", service: "polaris.monitor"}: 9.141.113.100:8081, status: healthy:true;isolate:false;weight:100
2026-08-05 10:37:15.349881Z	info	base	serviceinfo/service_info.go:280	add instance of {namespace: "Polaris", service: "polaris.monitor"}: 11.140.163.106:8081, status: healthy:true;isolate:false;weight:100
2026-08-05 10:37:15.349885Z	info	base	serviceinfo/service_info.go:280	add instance of {namespace: "Polaris", service: "polaris.monitor"}: 21.21.137.239:8081, status: healthy:true;isolate:false;weight:100
2026-08-05 10:37:15.349890Z	info	base	serviceinfo/service_info.go:280	add instance of {namespace: "Polaris", service: "polaris.monitor"}: 21.21.137.236:8081, status: healthy:true;isolate:false;weight:100
2026-08-05 10:37:15.349893Z	info	base	serviceinfo/service_info.go:280	add instance of {namespace: "Polaris", service: "polaris.monitor"}: 30.160.241.158:8081, status: healthy:true;isolate:false;weight:100
2026-08-05 10:37:15.349897Z	info	base	serviceinfo/service_info.go:280	add instance of {namespace: "Polaris", service: "polaris.monitor"}: 11.135.192.60:8081, status: healthy:true;isolate:false;weight:100
2026-08-05 10:37:15.349901Z	info	base	serviceinfo/service_info.go:280	add instance of {namespace: "Polaris", service: "polaris.monitor"}: 9.141.71.77:8081, status: healthy:true;isolate:false;weight:100
2026-08-05 10:37:15.349907Z	info	base	serviceinfo/service_info.go:280	add instance of {namespace: "Polaris", service: "polaris.monitor"}: 21.21.137.206:8081, status: healthy:true;isolate:false;weight:100
2026-08-05 10:37:15.349911Z	info	base	serviceinfo/service_info.go:280	add instance of {namespace: "Polaris", service: "polaris.monitor"}: 11.135.192.150:8081, status: healthy:true;isolate:false;weight:100
2026-08-05 10:37:15.349914Z	info	base	serviceinfo/service_info.go:280	add instance of {namespace: "Polaris", service: "polaris.monitor"}: 21.21.137.253:8081, status: healthy:true;isolate:false;weight:100
2026-08-05 10:37:15.349918Z	info	base	serviceinfo/service_info.go:280	add instance of {namespace: "Polaris", service: "polaris.monitor"}: 30.160.241.63:8081, status: healthy:true;isolate:false;weight:100
2026-08-05 10:37:15.349922Z	info	base	serviceinfo/service_info.go:280	add instance of {namespace: "Polaris", service: "polaris.monitor"}: 21.21.137.245:8081, status: healthy:true;isolate:false;weight:100
2026-08-05 10:37:15.349926Z	info	base	serviceinfo/service_info.go:280	add instance of {namespace: "Polaris", service: "polaris.monitor"}: 9.141.113.103:8081, status: healthy:true;isolate:false;weight:100
2026-08-05 10:37:15.349930Z	info	base	serviceinfo/service_info.go:280	add instance of {namespace: "Polaris", service: "polaris.monitor"}: 11.140.162.202:8081, status: healthy:true;isolate:false;weight:100
2026-08-05 10:37:15.349934Z	info	base	serviceinfo/service_info.go:280	add instance of {namespace: "Polaris", service: "polaris.monitor"}: 21.21.137.229:8081, status: healthy:true;isolate:false;weight:100
2026-08-05 10:37:15.349938Z	info	base	serviceinfo/service_info.go:280	add instance of {namespace: "Polaris", service: "polaris.monitor"}: 9.141.110.23:8081, status: healthy:true;isolate:false;weight:100
2026-08-05 10:37:15.349942Z	info	base	serviceinfo/service_info.go:280	add instance of {namespace: "Polaris", service: "polaris.monitor"}: 11.135.192.83:8081, status: healthy:true;isolate:false;weight:100
2026-08-05 10:37:15.349945Z	info	base	serviceinfo/service_info.go:280	add instance of {namespace: "Polaris", service: "polaris.monitor"}: 9.141.115.188:8081, status: healthy:true;isolate:false;weight:100
2026-08-05 10:37:15.349949Z	info	base	serviceinfo/service_info.go:280	add instance of {namespace: "Polaris", service: "polaris.monitor"}: 11.135.192.102:8081, status: healthy:true;isolate:false;weight:100
2026-08-05 10:37:15.349962Z	info	base	schedule/routines.go:229	item {namespace: "Polaris", service: "polaris.monitor"} in task circuitBreakTask has added
2026-08-05 10:37:15.350003Z	info	base	common/cache_persist.go:183	Start to load cache from /Users/zhengbangli/polaris/backup/svcV2#Polaris#polaris.monitor#routing.json
2026-08-05 10:37:15.350610Z	info	base	inmemory/inmemory.go:1302	load message for {namespace: "Polaris", service: "polaris.monitor", event: routing} from file svcV2#Polaris#polaris.monitor#routing.json, cache file modify time: 2026-08-05 10:34:32.930576 +0800 CST, direct available: false 

2026-08-05 10:37:15.350622Z	info	base	inmemory/inmemory.go:612	F01983D7-D52C-4E88-88F9-52F5E1880170, start to register event handler for {namespace: "Polaris", service: "polaris.monitor", event: routing}
2026-08-05 10:37:15.350630Z	info	base	common/register.go:53	F01983D7-D52C-4E88-88F9-52F5E1880170, addTask: start to add first task for {namespace: "Polaris", service: "polaris.monitor", event: routing, initialized: firstTask}
2026-08-05 10:37:15.350639Z	info	base	common/register.go:66	F01983D7-D52C-4E88-88F9-52F5E1880170, addTask: finish add first task for {namespace: "Polaris", service: "polaris.monitor", event: routing, initialized: firstTask}
2026-08-05 10:37:15.350647Z	info	base	inmemory/inmemory.go:614	F01983D7-D52C-4E88-88F9-52F5E1880170, finish register event handler for {namespace: "Polaris", service: "polaris.monitor", event: routing}, err <nil>
2026-08-05 10:37:15.350657Z	info	base	common/discover.go:182	receive init task: {namespace: "Polaris", service: "polaris.monitor", event: routing, initialized: firstTask}
2026-08-05 10:37:15.368218Z	info	base	inmemory/model.go:503	F01983D7-D52C-4E88-88F9-52F5E1880170, OnServiceUpdate: {namespace: "Polaris", service: "polaris.monitor", event: instance}, status: CacheNotChanged, set cacheLoaded to false, oldRevision: ea1cf66673b51382afa91b11f3568d001cd1ae9a, newRevision: ea1cf66673b51382afa91b11f3568d001cd1ae9a
2026-08-05 10:37:15.369036Z	info	base	inmemory/model.go:503	F01983D7-D52C-4E88-88F9-52F5E1880170, OnServiceUpdate: {namespace: "Polaris", service: "polaris.monitor", event: routing}, status: CacheNotChanged, set cacheLoaded to false, oldRevision: 3a00e45a08dc4b45b5b3dd83110835e9, newRevision: 3a00e45a08dc4b45b5b3dd83110835e9
2026-08-05 10:37:15.369088Z	warn	base	flow/sync_flow.go:181	retryTimes 0 equals maxRetryTimes 0, get {namespace: "Polaris", service: "polaris.monitor"} from cache
2026-08-05 10:37:15.703718Z	info	base	network/conn.go:116	release connection: {ID:3355546349,Address:9.141.115.90:8081,Service:{ServiceKey: {namespace: "Polaris", service: "polaris.monitor"}, ClusterType: monitor}}
2026-08-05 10:37:19.328900Z	info	base	common/cache_persist.go:183	Start to load cache from /Users/zhengbangli/polaris/backup/svcV2#Test#lzb_filter_only_router#instance.json
2026-08-05 10:37:19.331219Z	warn	base	pb/service.go:235	service Test:lzb_filter_only_router unmarshal slow start config fail EOF
2026-08-05 10:37:19.331321Z	info	base	inmemory/inmemory.go:1302	load message for {namespace: "Test", service: "lzb_filter_only_router", event: instance} from file svcV2#Test#lzb_filter_only_router#instance.json, cache file modify time: 2026-08-03 20:12:16.67407841 +0800 CST, direct available: false 

2026-08-05 10:37:19.331363Z	info	base	inmemory/inmemory.go:612	F01983D7-D52C-4E88-88F9-52F5E1880170, start to register event handler for {namespace: "Test", service: "lzb_filter_only_router", event: instance}
2026-08-05 10:37:19.331400Z	info	base	common/register.go:53	F01983D7-D52C-4E88-88F9-52F5E1880170, addTask: start to add first task for {namespace: "Test", service: "lzb_filter_only_router", event: instance, initialized: firstTask}
2026-08-05 10:37:19.331436Z	info	base	common/register.go:66	F01983D7-D52C-4E88-88F9-52F5E1880170, addTask: finish add first task for {namespace: "Test", service: "lzb_filter_only_router", event: instance, initialized: firstTask}
2026-08-05 10:37:19.331459Z	info	base	inmemory/inmemory.go:614	F01983D7-D52C-4E88-88F9-52F5E1880170, finish register event handler for {namespace: "Test", service: "lzb_filter_only_router", event: instance}, err <nil>
2026-08-05 10:37:19.331486Z	info	base	common/discover.go:182	receive init task: {namespace: "Test", service: "lzb_filter_only_router", event: instance, initialized: firstTask}
2026-08-05 10:37:19.331493Z	info	base	serviceinfo/service_info.go:277	service instances of {namespace: "Test", service: "lzb_filter_only_router"} change, oldRevision , newRevision f2f0d4736a9987c416d10a0ab3442a012def26db, oldCount 0, newCount 3
2026-08-05 10:37:19.331612Z	info	base	serviceinfo/service_info.go:280	add instance of {namespace: "Test", service: "lzb_filter_only_router"}: 1.1.1.2:8080, status: healthy:false;isolate:false;weight:100
2026-08-05 10:37:19.331640Z	info	base	serviceinfo/service_info.go:280	add instance of {namespace: "Test", service: "lzb_filter_only_router"}: 1.1.1.3:8080, status: healthy:false;isolate:false;weight:100
2026-08-05 10:37:19.331664Z	info	base	serviceinfo/service_info.go:280	add instance of {namespace: "Test", service: "lzb_filter_only_router"}: 1.1.1.1:8080, status: healthy:false;isolate:false;weight:100
2026-08-05 10:37:19.331704Z	info	base	schedule/routines.go:229	item {namespace: "Test", service: "lzb_filter_only_router"} in task circuitBreakTask has added
2026-08-05 10:37:19.331788Z	info	base	common/cache_persist.go:183	Start to load cache from /Users/zhengbangli/polaris/backup/svcV2#Test#lzb_filter_only_router#routing.json
2026-08-05 10:37:19.332667Z	info	base	inmemory/inmemory.go:1302	load message for {namespace: "Test", service: "lzb_filter_only_router", event: routing} from file svcV2#Test#lzb_filter_only_router#routing.json, cache file modify time: 2026-08-03 20:12:16.673646 +0800 CST, direct available: false 

2026-08-05 10:37:19.332754Z	info	base	inmemory/inmemory.go:612	F01983D7-D52C-4E88-88F9-52F5E1880170, start to register event handler for {namespace: "Test", service: "lzb_filter_only_router", event: routing}
2026-08-05 10:37:19.332787Z	info	base	common/register.go:53	F01983D7-D52C-4E88-88F9-52F5E1880170, addTask: start to add first task for {namespace: "Test", service: "lzb_filter_only_router", event: routing, initialized: firstTask}
2026-08-05 10:37:19.332818Z	info	base	common/register.go:66	F01983D7-D52C-4E88-88F9-52F5E1880170, addTask: finish add first task for {namespace: "Test", service: "lzb_filter_only_router", event: routing, initialized: firstTask}
2026-08-05 10:37:19.332838Z	info	base	common/discover.go:182	receive init task: {namespace: "Test", service: "lzb_filter_only_router", event: routing, initialized: firstTask}
2026-08-05 10:37:19.332890Z	info	base	inmemory/inmemory.go:614	F01983D7-D52C-4E88-88F9-52F5E1880170, finish register event handler for {namespace: "Test", service: "lzb_filter_only_router", event: routing}, err <nil>
2026-08-05 10:37:19.393221Z	info	base	inmemory/model.go:465	F01983D7-D52C-4E88-88F9-52F5E1880170, OnServiceUpdate: {namespace: "Test", service: "lzb_filter_only_router", event: instance}, status: CacheChanged, pending to update, oldRevision: f2f0d4736a9987c416d10a0ab3442a012def26db, newRevision: 1f2f1fa989a4ec6bb011a5074d852f8dfb095b1c
2026-08-05 10:37:19.393331Z	warn	base	pb/service.go:235	service Test:lzb_filter_only_router unmarshal slow start config fail EOF
2026-08-05 10:37:19.393354Z	info	base	inmemory/model.go:696	CacheObject: value for {namespace: "Test", service: "lzb_filter_only_router", event: instance} is updated, revision 1f2f1fa989a4ec6bb011a5074d852f8dfb095b1c
2026-08-05 10:37:19.393381Z	info	base	serviceinfo/service_info.go:277	service instances of {namespace: "Test", service: "lzb_filter_only_router"} change, oldRevision f2f0d4736a9987c416d10a0ab3442a012def26db, newRevision 1f2f1fa989a4ec6bb011a5074d852f8dfb095b1c, oldCount 3, newCount 3
2026-08-05 10:37:19.393395Z	info	base	serviceinfo/service_info.go:284	modify instance of {namespace: "Test", service: "lzb_filter_only_router"}: 1.1.1.1:8080, status: healthy:false to true;isolate:false;weight:100
2026-08-05 10:37:19.396609Z	info	base	inmemory/model.go:503	F01983D7-D52C-4E88-88F9-52F5E1880170, OnServiceUpdate: {namespace: "Test", service: "lzb_filter_only_router", event: routing}, status: CacheNotChanged, set cacheLoaded to false, oldRevision: , newRevision: 
2026-08-05 10:37:19.396844Z	info	base	schedule/routines.go:84	task quota-metric has been destroy
2026-08-05 10:37:19.396872Z	info	base	schedule/routines.go:84	task circuitBreakTask has been destroy
2026-08-05 10:37:19.396888Z	info	base	schedule/routines.go:84	task clientReportTask has been destroy
2026-08-05 10:37:19.396898Z	info	base	schedule/routines.go:84	task sdkConfigReportTask has been destroy
2026-08-05 10:37:19.396904Z	info	base	schedule/routines.go:143	task circuitBreakTask has done
2026-08-05 10:37:19.396936Z	info	base	schedule/routines.go:196	task sdkConfigReportTask has done
2026-08-05 10:37:19.396913Z	info	base	schedule/routines.go:196	task clientReportTask has done
2026-08-05 10:37:19.396923Z	info	base	ratelimit/ratelimit.go:201	uploadRateLimitRecord of rateLimitRecord stat_monitor has been terminated
2026-08-05 10:37:19.396966Z	info	base	grpc/operation_rlimit_async.go:854	[RateLimit] stop clear task
2026-08-05 10:37:38.452821Z	warn	base	config/default.go:413	no IP or interface name configured
2026-08-05 10:37:38.453905Z	info	base	api/config.go:293	global clock started
2026-08-05 10:37:38.454006Z	warn	base	config/default.go:413	no IP or interface name configured
2026-08-05 10:37:38.454025Z	info	base	api/config.go:321	
-------Start to init SDKContext of version 2.6.10, IP: , PID: 77371, UID: 37E505AC-1E9B-47CB-BF17-24E5883A828F, CONTAINER: , HOSTNAME:-------
2026-08-05 10:37:38.454124Z	info	base	grpc/operation_async.go:100	set grpc plugin as connectionCreator
2026-08-05 10:37:38.454192Z	info	base	plugin/manage.go:241	Initialized plugin type serverConnector, name grpc, id 30
2026-08-05 10:37:38.454218Z	info	base	plugin/manage.go:241	Initialized plugin type serviceRouter, name dstMetaRouter, id 7
2026-08-05 10:37:38.454222Z	info	base	plugin/manage.go:241	Initialized plugin type serviceRouter, name filterOnlyRouter, id 8
2026-08-05 10:37:38.454328Z	info	base	plugin/manage.go:241	Initialized plugin type serviceRouter, name nearbyBasedRouter, id 9
2026-08-05 10:37:38.454431Z	info	base	plugin/manage.go:241	Initialized plugin type serviceRouter, name ruleBasedRouter, id 10
2026-08-05 10:37:38.454434Z	info	base	plugin/manage.go:241	Initialized plugin type serviceRouter, name setDivisionRouter, id 11
2026-08-05 10:37:38.454438Z	info	base	plugin/manage.go:241	Initialized plugin type serviceRouter, name canaryRouter, id 6
2026-08-05 10:37:38.454618Z	info	base	plugin/manage.go:241	Initialized plugin type loadBalancer, name dynamicWeightedRandom, id 15
2026-08-05 10:37:38.454625Z	info	base	plugin/manage.go:241	Initialized plugin type loadBalancer, name hash, id 16
2026-08-05 10:37:38.454629Z	info	base	plugin/manage.go:241	Initialized plugin type loadBalancer, name maglev, id 17
2026-08-05 10:37:38.454633Z	info	base	plugin/manage.go:241	Initialized plugin type loadBalancer, name cMurmurHash, id 18
2026-08-05 10:37:38.454637Z	info	base	plugin/manage.go:241	Initialized plugin type loadBalancer, name l5cst, id 19
2026-08-05 10:37:38.454641Z	info	base	plugin/manage.go:241	Initialized plugin type loadBalancer, name ringHash, id 20
2026-08-05 10:37:38.454872Z	info	base	plugin/manage.go:241	Initialized plugin type loadBalancer, name weightedRandom, id 21
2026-08-05 10:37:38.454879Z	info	base	plugin/manage.go:241	Initialized plugin type outlierDetector, name http, id 2
2026-08-05 10:37:38.454884Z	info	base	plugin/manage.go:241	Initialized plugin type outlierDetector, name tcp, id 3
2026-08-05 10:37:38.454888Z	info	base	plugin/manage.go:241	Initialized plugin type outlierDetector, name udp, id 4
2026-08-05 10:37:38.454892Z	info	base	plugin/manage.go:241	Initialized plugin type circuitBreaker, name errorCheck, id 12
2026-08-05 10:37:38.454898Z	info	base	plugin/manage.go:241	Initialized plugin type circuitBreaker, name errorCount, id 13
2026-08-05 10:37:38.454903Z	info	base	plugin/manage.go:241	Initialized plugin type circuitBreaker, name errorRate, id 14
2026-08-05 10:37:38.454909Z	info	base	plugin/manage.go:241	Initialized plugin type weightAdjuster, name slowStart, id 24
2026-08-05 10:37:38.454915Z	info	base	plugin/manage.go:241	Initialized plugin type statReporter, name serviceRoute, id 28
2026-08-05 10:37:38.456113Z	info	base	plugin/manage.go:241	Initialized plugin type statReporter, name stat2Monitor, id 25
2026-08-05 10:37:38.456126Z	info	base	plugin/manage.go:241	Initialized plugin type statReporter, name rateLimitRecord, id 26
2026-08-05 10:37:38.456136Z	info	base	plugin/manage.go:241	Initialized plugin type statReporter, name serviceCache, id 27
2026-08-05 10:37:38.456142Z	info	base	plugin/manage.go:241	Initialized plugin type alarmReporter, name alarm2file, id 1
2026-08-05 10:37:38.456148Z	info	base	inmemory/inmemory.go:191	LocalCache Real persistDir:/Users/zhengbangli/polaris/backup
2026-08-05 10:37:38.456191Z	info	base	plugin/manage.go:241	Initialized plugin type localRegistry, name inmemory, id 29
2026-08-05 10:37:38.456198Z	info	base	plugin/manage.go:241	Initialized plugin type rateLimiter, name reject, id 5
2026-08-05 10:37:38.456204Z	info	base	plugin/manage.go:241	Initialized plugin type rateLimiter, name unirate, id 22
2026-08-05 10:37:38.456208Z	info	base	plugin/manage.go:241	Initialized plugin type subScribe, name subscribeLocalChannel, id 23
2026-08-05 10:37:38.457341Z	info	base	api/config.go:348	
37E505AC-1E9B-47CB-BF17-24E5883A828F, -------Configuration with default value-------
global:
  system:
    mode: 0
    discoverCluster:
      namespace: Polaris
      service: polaris.discover
      refreshInterval: 10m0s
    healthCheckCluster:
      namespace: Polaris
      service: polaris.healthcheck
      refreshInterval: 10m0s
    monitorCluster:
      namespace: Polaris
      service: polaris.monitor
      refreshInterval: 10m0s
    rateLimitCluster: null
    metricCluster: null
    dynamicWeightCluster:
      namespace: Polaris
      service: polaris.dynamic.weight
      refreshInterval: 10m0s
    variables: {}
    apiVersion: v2
  api:
    timeout: 1s
    bindIf: ""
    bindIP: ""
    reportInterval: 10m0s
    maxRetryTimes: 1
    retryInterval: 1s
    location:
      region: ""
      zone: ""
      campus: ""
      enableUpdate: true
  serverConnector:
    addresses: []
    backupAddresses: []
    protocol: grpc
    connectTimeout: 500ms
    messageTimeout: 1.5s
    watchTimeout: 1m0s
    connectionIdleTimeout: 5s
    requestQueueSize: 1000
    serverSwitchInterval: 10m0s
    reconnectInterval: 500ms
    apiVersion: v2
    joinPoint: ""
    plugin:
      grpc:
        maxCallRecvMsgSize: 52428800
  statReporter:
    enable: true
    chain:
    - stat2Monitor
    - serviceCache
    - rateLimitRecord
    - serviceRoute
    plugin:
      rateLimitRecord:
        reportInterval: 1m0s
      serviceCache:
        reportInterval: 3m0s
      serviceRoute:
        reportInterval: 5m0s
      stat2Monitor:
        metricsReportWindow: 1m0s
        metricsNumBuckets: 12
  authority:
    appId: ""
    appToken: ""
  dataExpiredCheck:
    syncRetryTimes: 5
consumer:
  localCache:
    serviceExpireTime: 24h0m0s
    serviceRefreshInterval: 2s
    persistDir: $HOME/polaris/backup
    enablePersistence: null
    type: inmemory
    persistMaxWriteRetry: 5
    persistMaxReadRetry: 1
    persistRetryInterval: 1s
    persistAvailableInterval: 2m0s
    upgradeWaitTime: 2s
    startUseFileCache: true
    pushEmptyProtection: false
    plugin: {}
  serviceRouter:
    chain:
    - ruleBasedRouter
    - nearbyBasedRouter
    plugin:
      nearbyBasedRouter:
        matchLevel: zone
        maxMatchLevel: ""
        strictNearby: false
        enableDegradeByUnhealthyPercent: true
        unhealthyPercentToDegrade: 100
    percentOfMinInstances: 0
    disableRouteSourceContinue: false
    enableRecoverAll: true
  loadbalancer:
    type: weightedRandom
    plugin:
      hash:
        hashFunction: murmur3
      maglev:
        hashFunction: murmur3
        tableSize: 65537
      ringHash:
        hashFunction: murmur3
        vnodeCount: 10
  circuitBreaker:
    enable: true
    checkPeriod: 2s
    chain:
    - errorCount
    - errorRate
    - errorCheck
    sleepWindow: 30s
    maxSleepWindow: 30s
    expansionFactor: 2
    requestCountAfterHalfOpen: 10
    successCountAfterHalfOpen: 8
    recoverWindow: 1m0s
    recoverNumBuckets: 10
    plugin:
      errorCount:
        continuousErrorThreshold: 10
        metricStatTimeWindow: 1m0s
        metricNumBuckets: 10
      errorRate:
        requestVolumeThreshold: 10
        errorRatePercent: 50
        errorRateThreshold: 0
        metricStatTimeWindow: 1m0s
        metricNumBuckets: 5
  healthCheck:
    interval: 10s
    chain: []
    plugin:
      http:
        timeout: 100ms
        path: ""
      tcp:
        timeout: 100ms
        retry: 0
        send: ""
        receive: ""
      udp:
        timeout: 100ms
        retry: 0
        send: ""
        receive: ""
    when: never
    concurrency: 0
  weightAdjuster:
    chain:
    - slowStart
    plugin: {}
  subscribe:
    type: subscribeLocalChannel
    plugin:
      subscribeLocalChannel:
        channelBufferSize: 30
  servicesSpecific:
  - namespace: Polaris
    service: polaris.discover
    serviceRouter:
      chain:
      - dstMetaRouter
      - nearbyBasedRouter
      plugin:
        nearbyBasedRouter:
          matchLevel: region
          maxMatchLevel: ""
          strictNearby: false
          enableDegradeByUnhealthyPercent: true
          unhealthyPercentToDegrade: 100
      percentOfMinInstances: 0
      disableRouteSourceContinue: false
      enableRecoverAll: true
    circuitBreaker:
      enable: true
      checkPeriod: 2s
      chain:
      - errorCount
      - errorRate
      - errorCheck
      sleepWindow: 30s
      maxSleepWindow: 30s
      expansionFactor: 2
      requestCountAfterHalfOpen: 10
      successCountAfterHalfOpen: 8
      recoverWindow: 1m0s
      recoverNumBuckets: 10
      plugin:
        errorCount:
          continuousErrorThreshold: 1
          metricStatTimeWindow: 1m0s
          metricNumBuckets: 10
        errorRate:
          requestVolumeThreshold: 10
          errorRatePercent: 50
          errorRateThreshold: 0
          metricStatTimeWindow: 1m0s
          metricNumBuckets: 5
    healthCheck:
      interval: 10s
      chain: []
      plugin:
        http:
          timeout: 100ms
          path: ""
        tcp:
          timeout: 100ms
          retry: 0
          send: ""
          receive: ""
        udp:
          timeout: 100ms
          retry: 0
          send: ""
          receive: ""
      when: never
      concurrency: 0
  - namespace: Polaris
    service: polaris.healthcheck
    serviceRouter:
      chain:
      - dstMetaRouter
      - nearbyBasedRouter
      plugin:
        nearbyBasedRouter:
          matchLevel: region
          maxMatchLevel: ""
          strictNearby: false
          enableDegradeByUnhealthyPercent: true
          unhealthyPercentToDegrade: 100
      percentOfMinInstances: 0
      disableRouteSourceContinue: false
      enableRecoverAll: true
    circuitBreaker:
      enable: true
      checkPeriod: 2s
      chain:
      - errorCount
      - errorRate
      - errorCheck
      sleepWindow: 30s
      maxSleepWindow: 30s
      expansionFactor: 2
      requestCountAfterHalfOpen: 10
      successCountAfterHalfOpen: 8
      recoverWindow: 1m0s
      recoverNumBuckets: 10
      plugin:
        errorCount:
          continuousErrorThreshold: 1
          metricStatTimeWindow: 1m0s
          metricNumBuckets: 10
        errorRate:
          requestVolumeThreshold: 10
          errorRatePercent: 50
          errorRateThreshold: 0
          metricStatTimeWindow: 1m0s
          metricNumBuckets: 5
    healthCheck:
      interval: 10s
      chain: []
      plugin:
        http:
          timeout: 100ms
          path: ""
        tcp:
          timeout: 100ms
          retry: 0
          send: ""
          receive: ""
        udp:
          timeout: 100ms
          retry: 0
          send: ""
          receive: ""
      when: never
      concurrency: 0
  - namespace: Polaris
    service: polaris.monitor
    serviceRouter:
      chain:
      - dstMetaRouter
      - nearbyBasedRouter
      plugin:
        nearbyBasedRouter:
          matchLevel: region
          maxMatchLevel: ""
          strictNearby: false
          enableDegradeByUnhealthyPercent: true
          unhealthyPercentToDegrade: 100
      percentOfMinInstances: 0
      disableRouteSourceContinue: false
      enableRecoverAll: true
    circuitBreaker:
      enable: true
      checkPeriod: 2s
      chain:
      - errorCount
      - errorRate
      - errorCheck
      sleepWindow: 30s
      maxSleepWindow: 30s
      expansionFactor: 2
      requestCountAfterHalfOpen: 10
      successCountAfterHalfOpen: 8
      recoverWindow: 1m0s
      recoverNumBuckets: 10
      plugin:
        errorCount:
          continuousErrorThreshold: 1
          metricStatTimeWindow: 1m0s
          metricNumBuckets: 10
        errorRate:
          requestVolumeThreshold: 10
          errorRatePercent: 50
          errorRateThreshold: 0
          metricStatTimeWindow: 1m0s
          metricNumBuckets: 5
    healthCheck:
      interval: 10s
      chain: []
      plugin:
        http:
          timeout: 100ms
          path: ""
        tcp:
          timeout: 100ms
          retry: 0
          send: ""
          receive: ""
        udp:
          timeout: 100ms
          retry: 0
          send: ""
          receive: ""
      when: never
      concurrency: 0
  - namespace: Polaris
    service: polaris.dynamic.weight
    serviceRouter:
      chain:
      - dstMetaRouter
      - nearbyBasedRouter
      plugin:
        nearbyBasedRouter:
          matchLevel: region
          maxMatchLevel: ""
          strictNearby: false
          enableDegradeByUnhealthyPercent: true
          unhealthyPercentToDegrade: 100
      percentOfMinInstances: 0
      disableRouteSourceContinue: false
      enableRecoverAll: true
    circuitBreaker:
      enable: true
      checkPeriod: 2s
      chain:
      - errorCount
      - errorRate
      - errorCheck
      sleepWindow: 30s
      maxSleepWindow: 30s
      expansionFactor: 2
      requestCountAfterHalfOpen: 10
      successCountAfterHalfOpen: 8
      recoverWindow: 1m0s
      recoverNumBuckets: 10
      plugin:
        errorCount:
          continuousErrorThreshold: 1
          metricStatTimeWindow: 1m0s
          metricNumBuckets: 10
        errorRate:
          requestVolumeThreshold: 10
          errorRatePercent: 50
          errorRateThreshold: 0
          metricStatTimeWindow: 1m0s
          metricNumBuckets: 5
    healthCheck:
      interval: 10s
      chain: []
      plugin:
        http:
          timeout: 100ms
          path: ""
        tcp:
          timeout: 100ms
          retry: 0
          send: ""
          receive: ""
        udp:
          timeout: 100ms
          retry: 0
          send: ""
          receive: ""
      when: never
      concurrency: 0
provider:
  rateLimit:
    enable: true
    plugin:
      unirate:
        maxQueuingTime: 1s
    mode: "\x01"
    rateLimitCluster:
      namespace: ""
      service: ""
      refreshInterval: 10m0s
    maxWindowSize: 20000
    purgeInterval: 1m0s
    expireFactor: 10s
    degradeWithTotalToken: false
    timeZone: ""

2026-08-05 10:37:38.457362Z	info	base	api/config.go:353	
-------37E505AC-1E9B-47CB-BF17-24E5883A828F, All plugins and engine initialized successfully-------
2026-08-05 10:37:38.457504Z	info	base	common/cache_persist.go:183	Start to load cache from /Users/zhengbangli/polaris/backup/client_info.json
2026-08-05 10:37:38.457575Z	info	base	network/impl.go:373	connectionManager start updateDiscover
2026-08-05 10:37:38.457910Z	error	base	common/cache_persist.go:131	fail to load cache from file svcV2#Polaris#polaris.discover#instance.json, svcKey: {namespace: "Polaris", service: "polaris.discover", event: instance}, error is Fail to Stat the cache file name /Users/zhengbangli/polaris/backup/svcV2#Polaris#polaris.discover#instance.json:  stat /Users/zhengbangli/polaris/backup/svcV2#Polaris#polaris.discover#instance.json: no such file or directory
2026-08-05 10:37:38.457989Z	info	base	common/cache_persist.go:183	Start to load cache from /Users/zhengbangli/polaris/backup/svc#Polaris#polaris.discover#instance.json
2026-08-05 10:37:38.458436Z	info	base	startup/client_report.go:138	current client area info is Host:30.26.152.44-{Region:, Zone:, Campus:}
2026-08-05 10:37:38.458456Z	info	base	schedule/routines.go:229	item clientReportTask in task clientReportTask has added
2026-08-05 10:37:38.458471Z	info	base	schedule/routines.go:116	task clientReportTask started period 5m0s
2026-08-05 10:37:38.458478Z	info	base	schedule/routines.go:280	task clientReportTask has been started
2026-08-05 10:37:38.458482Z	info	base	schedule/routines.go:229	item sdkConfigReportTask in task sdkConfigReportTask has added
2026-08-05 10:37:38.458487Z	info	base	schedule/routines.go:116	task sdkConfigReportTask started period 2m30s
2026-08-05 10:37:38.458627Z	info	base	schedule/routines.go:280	task sdkConfigReportTask has been started
2026-08-05 10:37:38.458674Z	info	base	api/config.go:363	
-------37E505AC-1E9B-47CB-BF17-24E5883A828F, All plugins and engine started successfully-------
2026-08-05 10:37:38.458694Z	info	base	api/config.go:371	
-------37E505AC-1E9B-47CB-BF17-24E5883A828F, SDKContext init successfully-------
2026-08-05 10:37:38.465824Z	info	base	pb/service.go:201	service Polaris::polaris.discover nearby enabled
2026-08-05 10:37:38.466015Z	warn	base	pb/service.go:235	service Polaris:polaris.discover unmarshal slow start config fail EOF
2026-08-05 10:37:38.466038Z	info	base	inmemory/inmemory.go:1302	load message for {namespace: "Polaris", service: "polaris.discover", event: instance} from file svc#Polaris#polaris.discover#instance.json, cache file modify time: 2026-08-05 10:37:14.627519 +0800 CST, direct available: true 

2026-08-05 10:37:38.466046Z	info	base	inmemory/inmemory.go:612	37E505AC-1E9B-47CB-BF17-24E5883A828F, start to register event handler for {namespace: "Polaris", service: "polaris.discover", event: instance}
2026-08-05 10:37:38.466065Z	info	base	common/register.go:53	37E505AC-1E9B-47CB-BF17-24E5883A828F, addTask: start to add first task for {namespace: "Polaris", service: "polaris.discover", event: instance, initialized: firstTask}
2026-08-05 10:37:38.466072Z	info	base	common/register.go:66	37E505AC-1E9B-47CB-BF17-24E5883A828F, addTask: finish add first task for {namespace: "Polaris", service: "polaris.discover", event: instance, initialized: firstTask}
2026-08-05 10:37:38.466077Z	info	base	inmemory/inmemory.go:614	37E505AC-1E9B-47CB-BF17-24E5883A828F, finish register event handler for {namespace: "Polaris", service: "polaris.discover", event: instance}, err <nil>
2026-08-05 10:37:38.466112Z	info	base	serviceinfo/service_info.go:277	service instances of {namespace: "Polaris", service: "polaris.discover"} change, oldRevision , newRevision 00cd6960b47909b72d1c2d5476cef510091cdd37, oldCount 0, newCount 252
2026-08-05 10:37:38.466117Z	info	base	serviceinfo/service_info.go:280	add instance of {namespace: "Polaris", service: "polaris.discover"}: 11.143.46.238:8080, status: healthy:true;isolate:false;weight:100
2026-08-05 10:37:38.466121Z	info	base	serviceinfo/service_info.go:280	add instance of {namespace: "Polaris", service: "polaris.discover"}: 9.141.120.2:8091, status: healthy:true;isolate:false;weight:100
2026-08-05 10:37:38.466124Z	info	base	serviceinfo/service_info.go:280	add instance of {namespace: "Polaris", service: "polaris.discover"}: 30.163.61.135:8080, status: healthy:true;isolate:false;weight:100
2026-08-05 10:37:38.466127Z	info	base	serviceinfo/service_info.go:280	add instance of {namespace: "Polaris", service: "polaris.discover"}: 30.160.241.139:8080, status: healthy:true;isolate:false;weight:100
2026-08-05 10:37:38.466130Z	info	base	serviceinfo/service_info.go:280	add instance of {namespace: "Polaris", service: "polaris.discover"}: 11.143.46.177:8091, status: healthy:true;isolate:false;weight:100
2026-08-05 10:37:38.466133Z	info	base	serviceinfo/service_info.go:280	add instance of {namespace: "Polaris", service: "polaris.discover"}: 9.141.120.169:8091, status: healthy:true;isolate:false;weight:100
2026-08-05 10:37:38.466136Z	info	base	serviceinfo/service_info.go:280	add instance of {namespace: "Polaris", service: "polaris.discover"}: 30.163.241.12:8080, status: healthy:true;isolate:false;weight:100
2026-08-05 10:37:38.466138Z	info	base	serviceinfo/service_info.go:280	add instance of {namespace: "Polaris", service: "polaris.discover"}: 9.141.112.55:8080, status: healthy:true;isolate:false;weight:100
2026-08-05 10:37:38.466141Z	info	base	serviceinfo/service_info.go:280	add instance of {namespace: "Polaris", service: "polaris.discover"}: 11.143.52.61:8081, status: healthy:true;isolate:false;weight:100
2026-08-05 10:37:38.466144Z	info	base	serviceinfo/service_info.go:280	add instance of {namespace: "Polaris", service: "polaris.discover"}: 30.163.241.65:8091, status: healthy:true;isolate:false;weight:100
2026-08-05 10:37:38.466147Z	info	base	serviceinfo/service_info.go:280	add instance of {namespace: "Polaris", service: "polaris.discover"}: 9.141.115.145:8091, status: healthy:true;isolate:false;weight:100
2026-08-05 10:37:38.466150Z	info	base	serviceinfo/service_info.go:280	add instance of {namespace: "Polaris", service: "polaris.discover"}: 11.140.162.11:8081, status: healthy:true;isolate:false;weight:100
2026-08-05 10:37:38.466153Z	info	base	serviceinfo/service_info.go:280	add instance of {namespace: "Polaris", service: "polaris.discover"}: 11.143.52.113:8080, status: healthy:true;isolate:false;weight:100
2026-08-05 10:37:38.466155Z	info	base	serviceinfo/service_info.go:280	add instance of {namespace: "Polaris", service: "polaris.discover"}: 9.141.115.113:8081, status: healthy:true;isolate:false;weight:100
2026-08-05 10:37:38.466158Z	info	base	serviceinfo/service_info.go:280	add instance of {namespace: "Polaris", service: "polaris.discover"}: 30.163.76.175:8080, status: healthy:true;isolate:false;weight:100
2026-08-05 10:37:38.466163Z	info	base	serviceinfo/service_info.go:280	add instance of {namespace: "Polaris", service: "polaris.discover"}: 11.143.46.186:8080, status: healthy:true;isolate:false;weight:100
2026-08-05 10:37:38.466165Z	info	base	serviceinfo/service_info.go:280	add instance of {namespace: "Polaris", service: "polaris.discover"}: 9.141.120.192:8081, status: healthy:true;isolate:false;weight:100
2026-08-05 10:37:38.466168Z	info	base	serviceinfo/service_info.go:280	add instance of {namespace: "Polaris", service: "polaris.discover"}: 30.163.76.200:8091, status: healthy:true;isolate:false;weight:100
2026-08-05 10:37:38.466171Z	info	base	serviceinfo/service_info.go:280	add instance of {namespace: "Polaris", service: "polaris.discover"}: 11.143.46.217:8081, status: healthy:true;isolate:false;weight:100
2026-08-05 10:37:38.466174Z	info	base	serviceinfo/service_info.go:280	add instance of {namespace: "Polaris", service: "polaris.discover"}: 11.140.162.82:8091, status: healthy:true;isolate:false;weight:100
2026-08-05 10:37:38.466177Z	info	base	serviceinfo/service_info.go:280	add instance of {namespace: "Polaris", service: "polaris.discover"}: 30.163.241.36:8081, status: healthy:true;isolate:false;weight:100
2026-08-05 10:37:38.466180Z	info	base	serviceinfo/service_info.go:280	add instance of {namespace: "Polaris", service: "polaris.discover"}: 11.143.46.139:8081, status: healthy:true;isolate:false;weight:100
2026-08-05 10:37:38.466182Z	info	base	serviceinfo/service_info.go:280	add instance of {namespace: "Polaris", service: "polaris.discover"}: 30.163.241.93:8080, status: healthy:true;isolate:false;weight:100
2026-08-05 10:37:38.466185Z	info	base	serviceinfo/service_info.go:280	add instance of {namespace: "Polaris", service: "polaris.discover"}: 11.143.52.33:8080, status: healthy:true;isolate:false;weight:100
2026-08-05 10:37:38.466188Z	info	base	serviceinfo/service_info.go:280	add instance of {namespace: "Polaris", service: "polaris.discover"}: 9.141.112.101:8081, status: healthy:true;isolate:false;weight:100
2026-08-05 10:37:38.466191Z	info	base	serviceinfo/service_info.go:280	add instance of {namespace: "Polaris", service: "polaris.discover"}: 11.143.41.233:8081, status: healthy:true;isolate:false;weight:100
2026-08-05 10:37:38.466193Z	info	base	serviceinfo/service_info.go:280	add instance of {namespace: "Polaris", service: "polaris.discover"}: 11.143.52.137:8081, status: healthy:true;isolate:false;weight:100
2026-08-05 10:37:38.466196Z	info	base	serviceinfo/service_info.go:280	add instance of {namespace: "Polaris", service: "polaris.discover"}: 11.143.52.46:8081, status: healthy:true;isolate:false;weight:100
2026-08-05 10:37:38.466199Z	info	base	serviceinfo/service_info.go:280	add instance of {namespace: "Polaris", service: "polaris.discover"}: 11.143.52.33:8091, status: healthy:true;isolate:false;weight:100
2026-08-05 10:37:38.466201Z	info	base	serviceinfo/service_info.go:280	add instance of {namespace: "Polaris", service: "polaris.discover"}: 11.140.162.241:8091, status: healthy:true;isolate:false;weight:100
2026-08-05 10:37:38.466204Z	info	base	serviceinfo/service_info.go:280	add instance of {namespace: "Polaris", service: "polaris.discover"}: 30.163.241.78:8091, status: healthy:true;isolate:false;weight:100
2026-08-05 10:37:38.466207Z	info	base	serviceinfo/service_info.go:280	add instance of {namespace: "Polaris", service: "polaris.discover"}: 30.163.241.46:8081, status: healthy:true;isolate:false;weight:100
2026-08-05 10:37:38.466209Z	info	base	serviceinfo/service_info.go:280	add instance of {namespace: "Polaris", service: "polaris.discover"}: 11.143.46.237:8081, status: healthy:true;isolate:false;weight:100
2026-08-05 10:37:38.466212Z	info	base	serviceinfo/service_info.go:280	add instance of {namespace: "Polaris", service: "polaris.discover"}: 11.181.42.102:8080, status: healthy:true;isolate:false;weight:100
2026-08-05 10:37:38.466214Z	info	base	serviceinfo/service_info.go:280	add instance of {namespace: "Polaris", service: "polaris.discover"}: 30.163.76.175:8091, status: healthy:true;isolate:false;weight:100
2026-08-05 10:37:38.466217Z	info	base	serviceinfo/service_info.go:280	add instance of {namespace: "Polaris", service: "polaris.discover"}: 9.141.112.228:8081, status: healthy:true;isolate:false;weight:100
2026-08-05 10:37:38.466220Z	info	base	serviceinfo/service_info.go:280	add instance of {namespace: "Polaris", service: "polaris.discover"}: 11.143.46.177:8080, status: healthy:true;isolate:false;weight:100
2026-08-05 10:37:38.466222Z	info	base	serviceinfo/service_info.go:280	add instance of {namespace: "Polaris", service: "polaris.discover"}: 9.141.100.40:8091, status: healthy:true;isolate:false;weight:100
2026-08-05 10:37:38.466225Z	info	base	serviceinfo/service_info.go:280	add instance of {namespace: "Polaris", service: "polaris.discover"}: 11.146.16.15:8091, status: healthy:true;isolate:false;weight:100
2026-08-05 10:37:38.466228Z	info	base	serviceinfo/service_info.go:280	add instance of {namespace: "Polaris", service: "polaris.discover"}: 9.141.112.55:8091, status: healthy:true;isolate:false;weight:100
2026-08-05 10:37:38.466231Z	info	base	serviceinfo/service_info.go:280	add instance of {namespace: "Polaris", service: "polaris.discover"}: 11.146.16.180:8081, status: healthy:true;isolate:false;weight:100
2026-08-05 10:37:38.466233Z	info	base	serviceinfo/service_info.go:280	add instance of {namespace: "Polaris", service: "polaris.discover"}: 30.163.61.135:8081, status: healthy:true;isolate:false;weight:100
2026-08-05 10:37:38.466236Z	info	base	serviceinfo/service_info.go:280	add instance of {namespace: "Polaris", service: "polaris.discover"}: 11.143.46.238:8081, status: healthy:true;isolate:false;weight:100
2026-08-05 10:37:38.466239Z	info	base	serviceinfo/service_info.go:280	add instance of {namespace: "Polaris", service: "polaris.discover"}: 9.141.66.92:8081, status: healthy:true;isolate:false;weight:100
2026-08-05 10:37:38.466242Z	info	base	serviceinfo/service_info.go:280	add instance of {namespace: "Polaris", service: "polaris.discover"}: 11.143.46.235:8081, status: healthy:true;isolate:false;weight:100
2026-08-05 10:37:38.466244Z	info	base	serviceinfo/service_info.go:280	add instance of {namespace: "Polaris", service: "polaris.discover"}: 30.163.241.36:8091, status: healthy:true;isolate:false;weight:100
2026-08-05 10:37:38.466247Z	info	base	serviceinfo/service_info.go:280	add instance of {namespace: "Polaris", service: "polaris.discover"}: 9.141.115.86:8081, status: healthy:true;isolate:false;weight:100
2026-08-05 10:37:38.466250Z	info	base	serviceinfo/service_info.go:280	add instance of {namespace: "Polaris", service: "polaris.discover"}: 30.163.241.139:8091, status: healthy:true;isolate:false;weight:100
2026-08-05 10:37:38.466252Z	info	base	serviceinfo/service_info.go:280	add instance of {namespace: "Polaris", service: "polaris.discover"}: 30.163.241.118:8080, status: healthy:true;isolate:false;weight:100
2026-08-05 10:37:38.466256Z	info	base	serviceinfo/service_info.go:280	add instance of {namespace: "Polaris", service: "polaris.discover"}: 30.163.241.148:8081, status: healthy:true;isolate:false;weight:100
2026-08-05 10:37:38.466259Z	info	base	serviceinfo/service_info.go:280	add instance of {namespace: "Polaris", service: "polaris.discover"}: 11.143.46.235:8080, status: healthy:true;isolate:false;weight:100
2026-08-05 10:37:38.466264Z	info	base	serviceinfo/service_info.go:280	add instance of {namespace: "Polaris", service: "polaris.discover"}: 11.143.46.178:8081, status: healthy:true;isolate:false;weight:100
2026-08-05 10:37:38.466268Z	info	base	serviceinfo/service_info.go:280	add instance of {namespace: "Polaris", service: "polaris.discover"}: 30.163.76.175:8081, status: healthy:true;isolate:false;weight:100
2026-08-05 10:37:38.466271Z	info	base	serviceinfo/service_info.go:280	add instance of {namespace: "Polaris", service: "polaris.discover"}: 30.163.241.119:8091, status: healthy:true;isolate:false;weight:100
2026-08-05 10:37:38.466275Z	info	base	serviceinfo/service_info.go:280	add instance of {namespace: "Polaris", service: "polaris.discover"}: 30.163.241.65:8081, status: healthy:true;isolate:false;weight:100
2026-08-05 10:37:38.466278Z	info	base	serviceinfo/service_info.go:280	add instance of {namespace: "Polaris", service: "polaris.discover"}: 30.163.241.118:8081, status: healthy:true;isolate:false;weight:100
2026-08-05 10:37:38.466281Z	info	base	serviceinfo/service_info.go:280	add instance of {namespace: "Polaris", service: "polaris.discover"}: 30.163.241.147:8081, status: healthy:true;isolate:false;weight:100
2026-08-05 10:37:38.466284Z	info	base	serviceinfo/service_info.go:280	add instance of {namespace: "Polaris", service: "polaris.discover"}: 9.141.112.228:8091, status: healthy:true;isolate:false;weight:100
2026-08-05 10:37:38.466287Z	info	base	serviceinfo/service_info.go:280	add instance of {namespace: "Polaris", service: "polaris.discover"}: 11.140.162.11:8091, status: healthy:true;isolate:false;weight:100
2026-08-05 10:37:38.466289Z	info	base	serviceinfo/service_info.go:280	add instance of {namespace: "Polaris", service: "polaris.discover"}: 9.141.64.229:8080, status: healthy:true;isolate:false;weight:100
2026-08-05 10:37:38.466292Z	info	base	serviceinfo/service_info.go:280	add instance of {namespace: "Polaris", service: "polaris.discover"}: 11.143.52.33:8081, status: healthy:true;isolate:false;weight:100
2026-08-05 10:37:38.466295Z	info	base	serviceinfo/service_info.go:280	add instance of {namespace: "Polaris", service: "polaris.discover"}: 11.143.46.177:8081, status: healthy:true;isolate:false;weight:100
2026-08-05 10:37:38.466297Z	info	base	serviceinfo/service_info.go:280	add instance of {namespace: "Polaris", service: "polaris.discover"}: 30.163.241.119:8081, status: healthy:true;isolate:false;weight:100
2026-08-05 10:37:38.466300Z	info	base	serviceinfo/service_info.go:280	add instance of {namespace: "Polaris", service: "polaris.discover"}: 11.140.162.241:8080, status: healthy:true;isolate:false;weight:100
2026-08-05 10:37:38.466302Z	info	base	serviceinfo/service_info.go:280	add instance of {namespace: "Polaris", service: "polaris.discover"}: 9.141.115.145:8080, status: healthy:true;isolate:false;weight:100
2026-08-05 10:37:38.466305Z	info	base	serviceinfo/service_info.go:280	add instance of {namespace: "Polaris", service: "polaris.discover"}: 9.141.115.86:8080, status: healthy:true;isolate:false;weight:100
2026-08-05 10:37:38.466308Z	info	base	serviceinfo/service_info.go:280	add instance of {namespace: "Polaris", service: "polaris.discover"}: 11.146.16.99:8091, status: healthy:true;isolate:false;weight:100
2026-08-05 10:37:38.466312Z	info	base	serviceinfo/service_info.go:280	add instance of {namespace: "Polaris", service: "polaris.discover"}: 30.160.192.175:8091, status: healthy:true;isolate:false;weight:100
2026-08-05 10:37:38.466315Z	info	base	serviceinfo/service_info.go:280	add instance of {namespace: "Polaris", service: "polaris.discover"}: 30.163.241.238:8091, status: healthy:true;isolate:false;weight:100
2026-08-05 10:37:38.466318Z	info	base	serviceinfo/service_info.go:280	add instance of {namespace: "Polaris", service: "polaris.discover"}: 30.163.241.148:8091, status: healthy:true;isolate:false;weight:100
2026-08-05 10:37:38.466322Z	info	base	serviceinfo/service_info.go:280	add instance of {namespace: "Polaris", service: "polaris.discover"}: 30.163.61.120:8091, status: healthy:true;isolate:false;weight:100
2026-08-05 10:37:38.466325Z	info	base	serviceinfo/service_info.go:280	add instance of {namespace: "Polaris", service: "polaris.discover"}: 11.140.162.82:8081, status: healthy:true;isolate:false;weight:100
2026-08-05 10:37:38.466328Z	info	base	serviceinfo/service_info.go:280	add instance of {namespace: "Polaris", service: "polaris.discover"}: 11.143.52.162:8080, status: healthy:true;isolate:false;weight:100
2026-08-05 10:37:38.466332Z	info	base	serviceinfo/service_info.go:280	add instance of {namespace: "Polaris", service: "polaris.discover"}: 30.160.241.254:8091, status: healthy:true;isolate:false;weight:100
2026-08-05 10:37:38.466335Z	info	base	serviceinfo/service_info.go:280	add instance of {namespace: "Polaris", service: "polaris.discover"}: 30.163.241.139:8080, status: healthy:true;isolate:false;weight:100
2026-08-05 10:37:38.466338Z	info	base	serviceinfo/service_info.go:280	add instance of {namespace: "Polaris", service: "polaris.discover"}: 21.200.76.73:8091, status: healthy:true;isolate:false;weight:100
2026-08-05 10:37:38.466342Z	info	base	serviceinfo/service_info.go:280	add instance of {namespace: "Polaris", service: "polaris.discover"}: 9.141.120.202:8080, status: healthy:true;isolate:false;weight:100
2026-08-05 10:37:38.466345Z	info	base	serviceinfo/service_info.go:280	add instance of {namespace: "Polaris", service: "polaris.discover"}: 11.143.46.139:8091, status: healthy:true;isolate:false;weight:100
2026-08-05 10:37:38.466349Z	info	base	serviceinfo/service_info.go:280	add instance of {namespace: "Polaris", service: "polaris.discover"}: 21.200.76.73:8080, status: healthy:true;isolate:false;weight:100
2026-08-05 10:37:38.466352Z	info	base	serviceinfo/service_info.go:280	add instance of {namespace: "Polaris", service: "polaris.discover"}: 11.143.52.113:8091, status: healthy:true;isolate:false;weight:100
2026-08-05 10:37:38.466355Z	info	base	serviceinfo/service_info.go:280	add instance of {namespace: "Polaris", service: "polaris.discover"}: 9.141.115.86:8091, status: healthy:true;isolate:false;weight:100
2026-08-05 10:37:38.466358Z	info	base	serviceinfo/service_info.go:280	add instance of {namespace: "Polaris", service: "polaris.discover"}: 9.141.115.145:8081, status: healthy:true;isolate:false;weight:100
2026-08-05 10:37:38.466362Z	info	base	serviceinfo/service_info.go:280	add instance of {namespace: "Polaris", service: "polaris.discover"}: 11.143.46.201:8081, status: healthy:true;isolate:false;weight:100
2026-08-05 10:37:38.466365Z	info	base	serviceinfo/service_info.go:280	add instance of {namespace: "Polaris", service: "polaris.discover"}: 30.163.241.65:8080, status: healthy:true;isolate:false;weight:100
2026-08-05 10:37:38.466368Z	info	base	serviceinfo/service_info.go:280	add instance of {namespace: "Polaris", service: "polaris.discover"}: 11.140.162.37:8080, status: healthy:true;isolate:false;weight:100
2026-08-05 10:37:38.466371Z	info	base	serviceinfo/service_info.go:280	add instance of {namespace: "Polaris", service: "polaris.discover"}: 30.163.241.9:8081, status: healthy:true;isolate:false;weight:100
2026-08-05 10:37:38.466375Z	info	base	serviceinfo/service_info.go:280	add instance of {namespace: "Polaris", service: "polaris.discover"}: 11.143.52.9:8091, status: healthy:true;isolate:false;weight:100
2026-08-05 10:37:38.466378Z	info	base	serviceinfo/service_info.go:280	add instance of {namespace: "Polaris", service: "polaris.discover"}: 30.163.241.9:8080, status: healthy:true;isolate:false;weight:100
2026-08-05 10:37:38.466381Z	info	base	serviceinfo/service_info.go:280	add instance of {namespace: "Polaris", service: "polaris.discover"}: 9.141.112.108:8091, status: healthy:true;isolate:false;weight:100
2026-08-05 10:37:38.466385Z	info	base	serviceinfo/service_info.go:280	add instance of {namespace: "Polaris", service: "polaris.discover"}: 9.141.115.148:8080, status: healthy:true;isolate:false;weight:100
2026-08-05 10:37:38.466388Z	info	base	serviceinfo/service_info.go:280	add instance of {namespace: "Polaris", service: "polaris.discover"}: 9.141.120.169:8080, status: healthy:true;isolate:false;weight:100
2026-08-05 10:37:38.466391Z	info	base	serviceinfo/service_info.go:280	add instance of {namespace: "Polaris", service: "polaris.discover"}: 9.141.120.202:8081, status: healthy:true;isolate:false;weight:100
2026-08-05 10:37:38.466394Z	info	base	serviceinfo/service_info.go:280	add instance of {namespace: "Polaris", service: "polaris.discover"}: 9.141.100.83:8091, status: healthy:true;isolate:false;weight:100
2026-08-05 10:37:38.466398Z	info	base	serviceinfo/service_info.go:280	add instance of {namespace: "Polaris", service: "polaris.discover"}: 30.160.192.175:8081, status: healthy:true;isolate:false;weight:100
2026-08-05 10:37:38.466401Z	info	base	serviceinfo/service_info.go:280	add instance of {namespace: "Polaris", service: "polaris.discover"}: 9.141.120.2:8080, status: healthy:true;isolate:false;weight:100
2026-08-05 10:37:38.466406Z	info	base	serviceinfo/service_info.go:280	add instance of {namespace: "Polaris", service: "polaris.discover"}: 9.141.66.92:8091, status: healthy:true;isolate:false;weight:100
2026-08-05 10:37:38.466409Z	info	base	serviceinfo/service_info.go:280	add instance of {namespace: "Polaris", service: "polaris.discover"}: 11.143.52.137:8080, status: healthy:true;isolate:false;weight:100
2026-08-05 10:37:38.466412Z	info	base	serviceinfo/service_info.go:280	add instance of {namespace: "Polaris", service: "polaris.discover"}: 30.163.241.78:8081, status: healthy:true;isolate:false;weight:100
2026-08-05 10:37:38.466416Z	info	base	serviceinfo/service_info.go:280	add instance of {namespace: "Polaris", service: "polaris.discover"}: 21.200.76.73:8081, status: healthy:true;isolate:false;weight:100
2026-08-05 10:37:38.466419Z	info	base	serviceinfo/service_info.go:280	add instance of {namespace: "Polaris", service: "polaris.discover"}: 30.160.193.207:8081, status: healthy:true;isolate:false;weight:100
2026-08-05 10:37:38.466422Z	info	base	serviceinfo/service_info.go:280	add instance of {namespace: "Polaris", service: "polaris.discover"}: 11.140.162.82:8080, status: healthy:true;isolate:false;weight:100
2026-08-05 10:37:38.466425Z	info	base	serviceinfo/service_info.go:280	add instance of {namespace: "Polaris", service: "polaris.discover"}: 30.163.241.93:8081, status: healthy:true;isolate:false;weight:100
2026-08-05 10:37:38.466429Z	info	base	serviceinfo/service_info.go:280	add instance of {namespace: "Polaris", service: "polaris.discover"}: 30.163.241.46:8080, status: healthy:true;isolate:false;weight:100
2026-08-05 10:37:38.466433Z	info	base	serviceinfo/service_info.go:280	add instance of {namespace: "Polaris", service: "polaris.discover"}: 11.143.46.186:8091, status: healthy:true;isolate:false;weight:100
2026-08-05 10:37:38.466436Z	info	base	serviceinfo/service_info.go:280	add instance of {namespace: "Polaris", service: "polaris.discover"}: 21.200.76.141:8081, status: healthy:true;isolate:false;weight:100
2026-08-05 10:37:38.466439Z	info	base	serviceinfo/service_info.go:280	add instance of {namespace: "Polaris", service: "polaris.discover"}: 9.141.100.40:8080, status: healthy:true;isolate:false;weight:100
2026-08-05 10:37:38.466442Z	info	base	serviceinfo/service_info.go:280	add instance of {namespace: "Polaris", service: "polaris.discover"}: 9.141.112.101:8091, status: healthy:true;isolate:false;weight:100
2026-08-05 10:37:38.466446Z	info	base	serviceinfo/service_info.go:280	add instance of {namespace: "Polaris", service: "polaris.discover"}: 21.200.76.141:8091, status: healthy:true;isolate:false;weight:100
2026-08-05 10:37:38.466449Z	info	base	serviceinfo/service_info.go:280	add instance of {namespace: "Polaris", service: "polaris.discover"}: 30.163.241.54:8091, status: healthy:true;isolate:false;weight:100
2026-08-05 10:37:38.466452Z	info	base	serviceinfo/service_info.go:280	add instance of {namespace: "Polaris", service: "polaris.discover"}: 9.141.115.114:8091, status: healthy:true;isolate:false;weight:100
2026-08-05 10:37:38.466456Z	info	base	serviceinfo/service_info.go:280	add instance of {namespace: "Polaris", service: "polaris.discover"}: 30.163.241.31:8081, status: healthy:true;isolate:false;weight:100
2026-08-05 10:37:38.466459Z	info	base	serviceinfo/service_info.go:280	add instance of {namespace: "Polaris", service: "polaris.discover"}: 30.163.241.54:8081, status: healthy:true;isolate:false;weight:100
2026-08-05 10:37:38.466462Z	info	base	serviceinfo/service_info.go:280	add instance of {namespace: "Polaris", service: "polaris.discover"}: 30.160.192.175:8080, status: healthy:true;isolate:false;weight:100
2026-08-05 10:37:38.466465Z	info	base	serviceinfo/service_info.go:280	add instance of {namespace: "Polaris", service: "polaris.discover"}: 30.163.241.110:8081, status: healthy:true;isolate:false;weight:100
2026-08-05 10:37:38.466469Z	info	base	serviceinfo/service_info.go:280	add instance of {namespace: "Polaris", service: "polaris.discover"}: 9.141.64.219:8091, status: healthy:true;isolate:false;weight:100
2026-08-05 10:37:38.466472Z	info	base	serviceinfo/service_info.go:280	add instance of {namespace: "Polaris", service: "polaris.discover"}: 11.143.46.130:8080, status: healthy:true;isolate:false;weight:100
2026-08-05 10:37:38.466475Z	info	base	serviceinfo/service_info.go:280	add instance of {namespace: "Polaris", service: "polaris.discover"}: 9.141.112.229:8091, status: healthy:true;isolate:false;weight:100
2026-08-05 10:37:38.466478Z	info	base	serviceinfo/service_info.go:280	add instance of {namespace: "Polaris", service: "polaris.discover"}: 11.143.52.61:8091, status: healthy:true;isolate:false;weight:100
2026-08-05 10:37:38.466482Z	info	base	serviceinfo/service_info.go:280	add instance of {namespace: "Polaris", service: "polaris.discover"}: 30.163.76.200:8080, status: healthy:true;isolate:false;weight:100
2026-08-05 10:37:38.466485Z	info	base	serviceinfo/service_info.go:280	add instance of {namespace: "Polaris", service: "polaris.discover"}: 30.163.241.36:8080, status: healthy:true;isolate:false;weight:100
2026-08-05 10:37:38.466488Z	info	base	serviceinfo/service_info.go:280	add instance of {namespace: "Polaris", service: "polaris.discover"}: 11.181.40.156:8080, status: healthy:true;isolate:false;weight:100
2026-08-05 10:37:38.466491Z	info	base	serviceinfo/service_info.go:280	add instance of {namespace: "Polaris", service: "polaris.discover"}: 30.163.241.147:8080, status: healthy:true;isolate:false;weight:100
2026-08-05 10:37:38.466495Z	info	base	serviceinfo/service_info.go:280	add instance of {namespace: "Polaris", service: "polaris.discover"}: 11.143.52.162:8091, status: healthy:true;isolate:false;weight:100
2026-08-05 10:37:38.466498Z	info	base	serviceinfo/service_info.go:280	add instance of {namespace: "Polaris", service: "polaris.discover"}: 30.163.241.31:8080, status: healthy:true;isolate:false;weight:100
2026-08-05 10:37:38.466501Z	info	base	serviceinfo/service_info.go:280	add instance of {namespace: "Polaris", service: "polaris.discover"}: 9.141.100.40:8081, status: healthy:true;isolate:false;weight:100
2026-08-05 10:37:38.466505Z	info	base	serviceinfo/service_info.go:280	add instance of {namespace: "Polaris", service: "polaris.discover"}: 30.163.241.55:8080, status: healthy:true;isolate:false;weight:100
2026-08-05 10:37:38.466508Z	info	base	serviceinfo/service_info.go:280	add instance of {namespace: "Polaris", service: "polaris.discover"}: 30.163.87.177:8081, status: healthy:true;isolate:false;weight:100
2026-08-05 10:37:38.466511Z	info	base	serviceinfo/service_info.go:280	add instance of {namespace: "Polaris", service: "polaris.discover"}: 9.141.84.195:8091, status: healthy:true;isolate:false;weight:100
2026-08-05 10:37:38.466515Z	info	base	serviceinfo/service_info.go:280	add instance of {namespace: "Polaris", service: "polaris.discover"}: 9.141.112.101:8080, status: healthy:true;isolate:false;weight:100
2026-08-05 10:37:38.466518Z	info	base	serviceinfo/service_info.go:280	add instance of {namespace: "Polaris", service: "polaris.discover"}: 9.141.112.79:8080, status: healthy:true;isolate:false;weight:100
2026-08-05 10:37:38.466521Z	info	base	serviceinfo/service_info.go:280	add instance of {namespace: "Polaris", service: "polaris.discover"}: 30.163.241.12:8081, status: healthy:true;isolate:false;weight:100
2026-08-05 10:37:38.466524Z	info	base	serviceinfo/service_info.go:280	add instance of {namespace: "Polaris", service: "polaris.discover"}: 9.141.120.169:8081, status: healthy:true;isolate:false;weight:100
2026-08-05 10:37:38.466528Z	info	base	serviceinfo/service_info.go:280	add instance of {namespace: "Polaris", service: "polaris.discover"}: 11.146.16.15:8081, status: healthy:true;isolate:false;weight:100
2026-08-05 10:37:38.466531Z	info	base	serviceinfo/service_info.go:280	add instance of {namespace: "Polaris", service: "polaris.discover"}: 30.160.193.207:8080, status: healthy:true;isolate:false;weight:100
2026-08-05 10:37:38.466535Z	info	base	serviceinfo/service_info.go:280	add instance of {namespace: "Polaris", service: "polaris.discover"}: 9.141.115.113:8080, status: healthy:true;isolate:false;weight:100
2026-08-05 10:37:38.466538Z	info	base	serviceinfo/service_info.go:280	add instance of {namespace: "Polaris", service: "polaris.discover"}: 11.181.40.156:8091, status: healthy:true;isolate:false;weight:100
2026-08-05 10:37:38.466541Z	info	base	serviceinfo/service_info.go:280	add instance of {namespace: "Polaris", service: "polaris.discover"}: 11.143.52.9:8080, status: healthy:true;isolate:false;weight:100
2026-08-05 10:37:38.466544Z	info	base	serviceinfo/service_info.go:280	add instance of {namespace: "Polaris", service: "polaris.discover"}: 30.163.241.238:8081, status: healthy:true;isolate:false;weight:100
2026-08-05 10:37:38.466548Z	info	base	serviceinfo/service_info.go:280	add instance of {namespace: "Polaris", service: "polaris.discover"}: 11.143.46.235:8091, status: healthy:true;isolate:false;weight:100
2026-08-05 10:37:38.466551Z	info	base	serviceinfo/service_info.go:280	add instance of {namespace: "Polaris", service: "polaris.discover"}: 30.163.76.200:8081, status: healthy:true;isolate:false;weight:100
2026-08-05 10:37:38.466554Z	info	base	serviceinfo/service_info.go:280	add instance of {namespace: "Polaris", service: "polaris.discover"}: 9.141.64.219:8081, status: healthy:true;isolate:false;weight:100
2026-08-05 10:37:38.466557Z	info	base	serviceinfo/service_info.go:280	add instance of {namespace: "Polaris", service: "polaris.discover"}: 11.181.42.102:8081, status: healthy:true;isolate:false;weight:100
2026-08-05 10:37:38.466561Z	info	base	serviceinfo/service_info.go:280	add instance of {namespace: "Polaris", service: "polaris.discover"}: 11.143.46.201:8091, status: healthy:true;isolate:false;weight:100
2026-08-05 10:37:38.466564Z	info	base	serviceinfo/service_info.go:280	add instance of {namespace: "Polaris", service: "polaris.discover"}: 9.141.112.229:8080, status: healthy:true;isolate:false;weight:100
2026-08-05 10:37:38.466568Z	info	base	serviceinfo/service_info.go:280	add instance of {namespace: "Polaris", service: "polaris.discover"}: 9.141.100.83:8081, status: healthy:true;isolate:false;weight:100
2026-08-05 10:37:38.466571Z	info	base	serviceinfo/service_info.go:280	add instance of {namespace: "Polaris", service: "polaris.discover"}: 30.163.87.177:8091, status: healthy:true;isolate:false;weight:100
2026-08-05 10:37:38.466574Z	info	base	serviceinfo/service_info.go:280	add instance of {namespace: "Polaris", service: "polaris.discover"}: 30.163.241.93:8091, status: healthy:true;isolate:false;weight:100
2026-08-05 10:37:38.466578Z	info	base	serviceinfo/service_info.go:280	add instance of {namespace: "Polaris", service: "polaris.discover"}: 11.143.46.240:8081, status: healthy:true;isolate:false;weight:100
2026-08-05 10:37:38.466581Z	info	base	serviceinfo/service_info.go:280	add instance of {namespace: "Polaris", service: "polaris.discover"}: 11.143.46.238:8091, status: healthy:true;isolate:false;weight:100
2026-08-05 10:37:38.466584Z	info	base	serviceinfo/service_info.go:280	add instance of {namespace: "Polaris", service: "polaris.discover"}: 11.181.40.156:8081, status: healthy:true;isolate:false;weight:100
2026-08-05 10:37:38.466587Z	info	base	serviceinfo/service_info.go:280	add instance of {namespace: "Polaris", service: "polaris.discover"}: 30.160.241.139:8081, status: healthy:true;isolate:false;weight:100
2026-08-05 10:37:38.466590Z	info	base	serviceinfo/service_info.go:280	add instance of {namespace: "Polaris", service: "polaris.discover"}: 30.163.241.125:8081, status: healthy:true;isolate:false;weight:100
2026-08-05 10:37:38.466594Z	info	base	serviceinfo/service_info.go:280	add instance of {namespace: "Polaris", service: "polaris.discover"}: 30.160.241.139:8091, status: healthy:true;isolate:false;weight:100
2026-08-05 10:37:38.466597Z	info	base	serviceinfo/service_info.go:280	add instance of {namespace: "Polaris", service: "polaris.discover"}: 30.163.61.120:8080, status: healthy:true;isolate:false;weight:100
2026-08-05 10:37:38.466600Z	info	base	serviceinfo/service_info.go:280	add instance of {namespace: "Polaris", service: "polaris.discover"}: 9.141.100.70:8081, status: healthy:true;isolate:false;weight:100
2026-08-05 10:37:38.466603Z	info	base	serviceinfo/service_info.go:280	add instance of {namespace: "Polaris", service: "polaris.discover"}: 11.143.46.240:8080, status: healthy:true;isolate:false;weight:100
2026-08-05 10:37:38.466606Z	info	base	serviceinfo/service_info.go:280	add instance of {namespace: "Polaris", service: "polaris.discover"}: 30.163.241.78:8080, status: healthy:true;isolate:false;weight:100
2026-08-05 10:37:38.466610Z	info	base	serviceinfo/service_info.go:280	add instance of {namespace: "Polaris", service: "polaris.discover"}: 30.163.241.118:8091, status: healthy:true;isolate:false;weight:100
2026-08-05 10:37:38.466613Z	info	base	serviceinfo/service_info.go:280	add instance of {namespace: "Polaris", service: "polaris.discover"}: 11.140.162.37:8091, status: healthy:true;isolate:false;weight:100
2026-08-05 10:37:38.466617Z	info	base	serviceinfo/service_info.go:280	add instance of {namespace: "Polaris", service: "polaris.discover"}: 30.163.241.31:8091, status: healthy:true;isolate:false;weight:100
2026-08-05 10:37:38.466620Z	info	base	serviceinfo/service_info.go:280	add instance of {namespace: "Polaris", service: "polaris.discover"}: 30.163.241.40:8080, status: healthy:true;isolate:false;weight:100
2026-08-05 10:37:38.466623Z	info	base	serviceinfo/service_info.go:280	add instance of {namespace: "Polaris", service: "polaris.discover"}: 30.160.241.254:8080, status: healthy:true;isolate:false;weight:100
2026-08-05 10:37:38.466626Z	info	base	serviceinfo/service_info.go:280	add instance of {namespace: "Polaris", service: "polaris.discover"}: 9.141.115.167:8080, status: healthy:true;isolate:false;weight:100
2026-08-05 10:37:38.466629Z	info	base	serviceinfo/service_info.go:280	add instance of {namespace: "Polaris", service: "polaris.discover"}: 9.141.115.148:8091, status: healthy:true;isolate:false;weight:100
2026-08-05 10:37:38.466633Z	info	base	serviceinfo/service_info.go:280	add instance of {namespace: "Polaris", service: "polaris.discover"}: 9.141.115.114:8081, status: healthy:true;isolate:false;weight:100
2026-08-05 10:37:38.466655Z	info	base	serviceinfo/service_info.go:280	add instance of {namespace: "Polaris", service: "polaris.discover"}: 30.163.241.125:8080, status: healthy:true;isolate:false;weight:100
2026-08-05 10:37:38.466659Z	info	base	serviceinfo/service_info.go:280	add instance of {namespace: "Polaris", service: "polaris.discover"}: 11.143.46.139:8080, status: healthy:true;isolate:false;weight:100
2026-08-05 10:37:38.466663Z	info	base	serviceinfo/service_info.go:280	add instance of {namespace: "Polaris", service: "polaris.discover"}: 11.143.46.201:8080, status: healthy:true;isolate:false;weight:100
2026-08-05 10:37:38.466666Z	info	base	serviceinfo/service_info.go:280	add instance of {namespace: "Polaris", service: "polaris.discover"}: 30.163.241.238:8080, status: healthy:true;isolate:false;weight:100
2026-08-05 10:37:38.466670Z	info	base	serviceinfo/service_info.go:280	add instance of {namespace: "Polaris", service: "polaris.discover"}: 11.143.46.237:8080, status: healthy:true;isolate:false;weight:100
2026-08-05 10:37:38.466673Z	info	base	serviceinfo/service_info.go:280	add instance of {namespace: "Polaris", service: "polaris.discover"}: 9.141.115.114:8080, status: healthy:true;isolate:false;weight:100
2026-08-05 10:37:38.466676Z	info	base	serviceinfo/service_info.go:280	add instance of {namespace: "Polaris", service: "polaris.discover"}: 9.141.115.167:8091, status: healthy:true;isolate:false;weight:100
2026-08-05 10:37:38.466680Z	info	base	serviceinfo/service_info.go:280	add instance of {namespace: "Polaris", service: "polaris.discover"}: 9.141.115.148:8081, status: healthy:true;isolate:false;weight:100
2026-08-05 10:37:38.466683Z	info	base	serviceinfo/service_info.go:280	add instance of {namespace: "Polaris", service: "polaris.discover"}: 11.140.162.37:8081, status: healthy:true;isolate:false;weight:100
2026-08-05 10:37:38.466686Z	info	base	serviceinfo/service_info.go:280	add instance of {namespace: "Polaris", service: "polaris.discover"}: 9.141.112.79:8091, status: healthy:true;isolate:false;weight:100
2026-08-05 10:37:38.466690Z	info	base	serviceinfo/service_info.go:280	add instance of {namespace: "Polaris", service: "polaris.discover"}: 9.141.115.167:8081, status: healthy:true;isolate:false;weight:100
2026-08-05 10:37:38.466694Z	info	base	serviceinfo/service_info.go:280	add instance of {namespace: "Polaris", service: "polaris.discover"}: 9.141.84.195:8081, status: healthy:true;isolate:false;weight:100
2026-08-05 10:37:38.466697Z	info	base	serviceinfo/service_info.go:280	add instance of {namespace: "Polaris", service: "polaris.discover"}: 30.163.241.46:8091, status: healthy:true;isolate:false;weight:100
2026-08-05 10:37:38.466701Z	info	base	serviceinfo/service_info.go:280	add instance of {namespace: "Polaris", service: "polaris.discover"}: 9.141.120.201:8091, status: healthy:true;isolate:false;weight:100
2026-08-05 10:37:38.466704Z	info	base	serviceinfo/service_info.go:280	add instance of {namespace: "Polaris", service: "polaris.discover"}: 30.163.87.177:8080, status: healthy:true;isolate:false;weight:100
2026-08-05 10:37:38.466707Z	info	base	serviceinfo/service_info.go:280	add instance of {namespace: "Polaris", service: "polaris.discover"}: 9.141.100.83:8080, status: healthy:true;isolate:false;weight:100
2026-08-05 10:37:38.466711Z	info	base	serviceinfo/service_info.go:280	add instance of {namespace: "Polaris", service: "polaris.discover"}: 30.160.241.254:8081, status: healthy:true;isolate:false;weight:100
2026-08-05 10:37:38.466714Z	info	base	serviceinfo/service_info.go:280	add instance of {namespace: "Polaris", service: "polaris.discover"}: 11.143.46.186:8081, status: healthy:true;isolate:false;weight:100
2026-08-05 10:37:38.466718Z	info	base	serviceinfo/service_info.go:280	add instance of {namespace: "Polaris", service: "polaris.discover"}: 9.141.120.2:8081, status: healthy:true;isolate:false;weight:100
2026-08-05 10:37:38.466721Z	info	base	serviceinfo/service_info.go:280	add instance of {namespace: "Polaris", service: "polaris.discover"}: 11.146.16.99:8081, status: healthy:true;isolate:false;weight:100
2026-08-05 10:37:38.466724Z	info	base	serviceinfo/service_info.go:280	add instance of {namespace: "Polaris", service: "polaris.discover"}: 9.141.64.229:8081, status: healthy:true;isolate:false;weight:100
2026-08-05 10:37:38.466728Z	info	base	serviceinfo/service_info.go:280	add instance of {namespace: "Polaris", service: "polaris.discover"}: 30.163.241.55:8091, status: healthy:true;isolate:false;weight:100
2026-08-05 10:37:38.466731Z	info	base	serviceinfo/service_info.go:280	add instance of {namespace: "Polaris", service: "polaris.discover"}: 30.163.61.101:8091, status: healthy:true;isolate:false;weight:100
2026-08-05 10:37:38.466734Z	info	base	serviceinfo/service_info.go:280	add instance of {namespace: "Polaris", service: "polaris.discover"}: 9.141.112.108:8080, status: healthy:true;isolate:false;weight:100
2026-08-05 10:37:38.466737Z	info	base	serviceinfo/service_info.go:280	add instance of {namespace: "Polaris", service: "polaris.discover"}: 11.146.16.180:8080, status: healthy:true;isolate:false;weight:100
2026-08-05 10:37:38.466740Z	info	base	serviceinfo/service_info.go:280	add instance of {namespace: "Polaris", service: "polaris.discover"}: 9.141.64.229:8091, status: healthy:true;isolate:false;weight:100
2026-08-05 10:37:38.466744Z	info	base	serviceinfo/service_info.go:280	add instance of {namespace: "Polaris", service: "polaris.discover"}: 11.143.46.240:8091, status: healthy:true;isolate:false;weight:100
2026-08-05 10:37:38.466747Z	info	base	serviceinfo/service_info.go:280	add instance of {namespace: "Polaris", service: "polaris.discover"}: 30.163.241.9:8091, status: healthy:true;isolate:false;weight:100
2026-08-05 10:37:38.466750Z	info	base	serviceinfo/service_info.go:280	add instance of {namespace: "Polaris", service: "polaris.discover"}: 11.143.41.233:8080, status: healthy:true;isolate:false;weight:100
2026-08-05 10:37:38.466753Z	info	base	serviceinfo/service_info.go:280	add instance of {namespace: "Polaris", service: "polaris.discover"}: 9.141.64.219:8080, status: healthy:true;isolate:false;weight:100
2026-08-05 10:37:38.466756Z	info	base	serviceinfo/service_info.go:280	add instance of {namespace: "Polaris", service: "polaris.discover"}: 9.141.84.195:8080, status: healthy:true;isolate:false;weight:100
2026-08-05 10:37:38.466760Z	info	base	serviceinfo/service_info.go:280	add instance of {namespace: "Polaris", service: "polaris.discover"}: 30.163.241.40:8091, status: healthy:true;isolate:false;weight:100
2026-08-05 10:37:38.466763Z	info	base	serviceinfo/service_info.go:280	add instance of {namespace: "Polaris", service: "polaris.discover"}: 11.146.16.15:8080, status: healthy:true;isolate:false;weight:100
2026-08-05 10:37:38.466766Z	info	base	serviceinfo/service_info.go:280	add instance of {namespace: "Polaris", service: "polaris.discover"}: 11.143.46.130:8081, status: healthy:true;isolate:false;weight:100
2026-08-05 10:37:38.466769Z	info	base	serviceinfo/service_info.go:280	add instance of {namespace: "Polaris", service: "polaris.discover"}: 11.146.16.99:8080, status: healthy:true;isolate:false;weight:100
2026-08-05 10:37:38.466773Z	info	base	serviceinfo/service_info.go:280	add instance of {namespace: "Polaris", service: "polaris.discover"}: 30.163.241.110:8080, status: healthy:true;isolate:false;weight:100
2026-08-05 10:37:38.466776Z	info	base	serviceinfo/service_info.go:280	add instance of {namespace: "Polaris", service: "polaris.discover"}: 9.141.112.228:8080, status: healthy:true;isolate:false;weight:100
2026-08-05 10:37:38.466779Z	info	base	serviceinfo/service_info.go:280	add instance of {namespace: "Polaris", service: "polaris.discover"}: 9.141.115.113:8091, status: healthy:true;isolate:false;weight:100
2026-08-05 10:37:38.466782Z	info	base	serviceinfo/service_info.go:280	add instance of {namespace: "Polaris", service: "polaris.discover"}: 11.143.46.217:8091, status: healthy:true;isolate:false;weight:100
2026-08-05 10:37:38.466786Z	info	base	serviceinfo/service_info.go:280	add instance of {namespace: "Polaris", service: "polaris.discover"}: 9.141.112.79:8081, status: healthy:true;isolate:false;weight:100
2026-08-05 10:37:38.466789Z	info	base	serviceinfo/service_info.go:280	add instance of {namespace: "Polaris", service: "polaris.discover"}: 30.160.192.7:8081, status: healthy:true;isolate:false;weight:100
2026-08-05 10:37:38.466793Z	info	base	serviceinfo/service_info.go:280	add instance of {namespace: "Polaris", service: "polaris.discover"}: 30.160.192.7:8080, status: healthy:true;isolate:false;weight:100
2026-08-05 10:37:38.466796Z	info	base	serviceinfo/service_info.go:280	add instance of {namespace: "Polaris", service: "polaris.discover"}: 9.141.120.192:8080, status: healthy:true;isolate:false;weight:100
2026-08-05 10:37:38.466799Z	info	base	serviceinfo/service_info.go:280	add instance of {namespace: "Polaris", service: "polaris.discover"}: 30.163.61.120:8081, status: healthy:true;isolate:false;weight:100
2026-08-05 10:37:38.466803Z	info	base	serviceinfo/service_info.go:280	add instance of {namespace: "Polaris", service: "polaris.discover"}: 11.140.162.241:8081, status: healthy:true;isolate:false;weight:100
2026-08-05 10:37:38.466806Z	info	base	serviceinfo/service_info.go:280	add instance of {namespace: "Polaris", service: "polaris.discover"}: 30.163.241.12:8091, status: healthy:true;isolate:false;weight:100
2026-08-05 10:37:38.466809Z	info	base	serviceinfo/service_info.go:280	add instance of {namespace: "Polaris", service: "polaris.discover"}: 9.141.120.201:8081, status: healthy:true;isolate:false;weight:100
2026-08-05 10:37:38.466812Z	info	base	serviceinfo/service_info.go:280	add instance of {namespace: "Polaris", service: "polaris.discover"}: 11.143.52.46:8091, status: healthy:true;isolate:false;weight:100
2026-08-05 10:37:38.466815Z	info	base	serviceinfo/service_info.go:280	add instance of {namespace: "Polaris", service: "polaris.discover"}: 30.163.241.147:8091, status: healthy:true;isolate:false;weight:100
2026-08-05 10:37:38.466819Z	info	base	serviceinfo/service_info.go:280	add instance of {namespace: "Polaris", service: "polaris.discover"}: 30.163.241.148:8080, status: healthy:true;isolate:false;weight:100
2026-08-05 10:37:38.466834Z	info	base	serviceinfo/service_info.go:280	add instance of {namespace: "Polaris", service: "polaris.discover"}: 9.141.112.108:8081, status: healthy:true;isolate:false;weight:100
2026-08-05 10:37:38.466837Z	info	base	serviceinfo/service_info.go:280	add instance of {namespace: "Polaris", service: "polaris.discover"}: 11.146.16.180:8091, status: healthy:true;isolate:false;weight:100
2026-08-05 10:37:38.466839Z	info	base	serviceinfo/service_info.go:280	add instance of {namespace: "Polaris", service: "polaris.discover"}: 9.141.120.201:8080, status: healthy:true;isolate:false;weight:100
2026-08-05 10:37:38.466842Z	info	base	serviceinfo/service_info.go:280	add instance of {namespace: "Polaris", service: "polaris.discover"}: 11.143.52.113:8081, status: healthy:true;isolate:false;weight:100
2026-08-05 10:37:38.466845Z	info	base	serviceinfo/service_info.go:280	add instance of {namespace: "Polaris", service: "polaris.discover"}: 11.143.46.178:8091, status: healthy:true;isolate:false;weight:100
2026-08-05 10:37:38.466847Z	info	base	serviceinfo/service_info.go:280	add instance of {namespace: "Polaris", service: "polaris.discover"}: 9.141.120.202:8091, status: healthy:true;isolate:false;weight:100
2026-08-05 10:37:38.466850Z	info	base	serviceinfo/service_info.go:280	add instance of {namespace: "Polaris", service: "polaris.discover"}: 30.163.61.135:8091, status: healthy:true;isolate:false;weight:100
2026-08-05 10:37:38.466852Z	info	base	serviceinfo/service_info.go:280	add instance of {namespace: "Polaris", service: "polaris.discover"}: 9.141.100.70:8080, status: healthy:true;isolate:false;weight:100
2026-08-05 10:37:38.466855Z	info	base	serviceinfo/service_info.go:280	add instance of {namespace: "Polaris", service: "polaris.discover"}: 9.141.112.55:8081, status: healthy:true;isolate:false;weight:100
2026-08-05 10:37:38.466858Z	info	base	serviceinfo/service_info.go:280	add instance of {namespace: "Polaris", service: "polaris.discover"}: 11.143.52.162:8081, status: healthy:true;isolate:false;weight:100
2026-08-05 10:37:38.466860Z	info	base	serviceinfo/service_info.go:280	add instance of {namespace: "Polaris", service: "polaris.discover"}: 11.143.52.137:8091, status: healthy:true;isolate:false;weight:100
2026-08-05 10:37:38.466863Z	info	base	serviceinfo/service_info.go:280	add instance of {namespace: "Polaris", service: "polaris.discover"}: 9.141.112.229:8081, status: healthy:true;isolate:false;weight:100
2026-08-05 10:37:38.466865Z	info	base	serviceinfo/service_info.go:280	add instance of {namespace: "Polaris", service: "polaris.discover"}: 9.141.66.92:8080, status: healthy:true;isolate:false;weight:100
2026-08-05 10:37:38.466868Z	info	base	serviceinfo/service_info.go:280	add instance of {namespace: "Polaris", service: "polaris.discover"}: 9.141.120.192:8091, status: healthy:true;isolate:false;weight:100
2026-08-05 10:37:38.466870Z	info	base	serviceinfo/service_info.go:280	add instance of {namespace: "Polaris", service: "polaris.discover"}: 30.163.241.125:8091, status: healthy:true;isolate:false;weight:100
2026-08-05 10:37:38.466873Z	info	base	serviceinfo/service_info.go:280	add instance of {namespace: "Polaris", service: "polaris.discover"}: 30.163.241.139:8081, status: healthy:true;isolate:false;weight:100
2026-08-05 10:37:38.466876Z	info	base	serviceinfo/service_info.go:280	add instance of {namespace: "Polaris", service: "polaris.discover"}: 21.200.76.141:8080, status: healthy:true;isolate:false;weight:100
2026-08-05 10:37:38.466878Z	info	base	serviceinfo/service_info.go:280	add instance of {namespace: "Polaris", service: "polaris.discover"}: 30.163.241.54:8080, status: healthy:true;isolate:false;weight:100
2026-08-05 10:37:38.466881Z	info	base	serviceinfo/service_info.go:280	add instance of {namespace: "Polaris", service: "polaris.discover"}: 30.163.241.55:8081, status: healthy:true;isolate:false;weight:100
2026-08-05 10:37:38.466883Z	info	base	serviceinfo/service_info.go:280	add instance of {namespace: "Polaris", service: "polaris.discover"}: 30.160.192.7:8091, status: healthy:true;isolate:false;weight:100
2026-08-05 10:37:38.466886Z	info	base	serviceinfo/service_info.go:280	add instance of {namespace: "Polaris", service: "polaris.discover"}: 11.143.46.130:8091, status: healthy:true;isolate:false;weight:100
2026-08-05 10:37:38.466888Z	info	base	serviceinfo/service_info.go:280	add instance of {namespace: "Polaris", service: "polaris.discover"}: 11.143.52.46:8080, status: healthy:true;isolate:false;weight:100
2026-08-05 10:37:38.466891Z	info	base	serviceinfo/service_info.go:280	add instance of {namespace: "Polaris", service: "polaris.discover"}: 11.143.52.9:8081, status: healthy:true;isolate:false;weight:100
2026-08-05 10:37:38.466893Z	info	base	serviceinfo/service_info.go:280	add instance of {namespace: "Polaris", service: "polaris.discover"}: 9.141.100.70:8091, status: healthy:true;isolate:false;weight:100
2026-08-05 10:37:38.466896Z	info	base	serviceinfo/service_info.go:280	add instance of {namespace: "Polaris", service: "polaris.discover"}: 30.163.61.101:8081, status: healthy:true;isolate:false;weight:100
2026-08-05 10:37:38.466898Z	info	base	serviceinfo/service_info.go:280	add instance of {namespace: "Polaris", service: "polaris.discover"}: 11.143.46.237:8091, status: healthy:true;isolate:false;weight:100
2026-08-05 10:37:38.466901Z	info	base	serviceinfo/service_info.go:280	add instance of {namespace: "Polaris", service: "polaris.discover"}: 11.143.46.217:8080, status: healthy:true;isolate:false;weight:100
2026-08-05 10:37:38.466904Z	info	base	serviceinfo/service_info.go:280	add instance of {namespace: "Polaris", service: "polaris.discover"}: 11.143.52.61:8080, status: healthy:true;isolate:false;weight:100
2026-08-05 10:37:38.466906Z	info	base	serviceinfo/service_info.go:280	add instance of {namespace: "Polaris", service: "polaris.discover"}: 30.163.241.119:8080, status: healthy:true;isolate:false;weight:100
2026-08-05 10:37:38.466909Z	info	base	serviceinfo/service_info.go:280	add instance of {namespace: "Polaris", service: "polaris.discover"}: 30.163.241.110:8091, status: healthy:true;isolate:false;weight:100
2026-08-05 10:37:38.466911Z	info	base	serviceinfo/service_info.go:280	add instance of {namespace: "Polaris", service: "polaris.discover"}: 30.163.241.40:8081, status: healthy:true;isolate:false;weight:100
2026-08-05 10:37:38.466914Z	info	base	serviceinfo/service_info.go:280	add instance of {namespace: "Polaris", service: "polaris.discover"}: 11.143.46.178:8080, status: healthy:true;isolate:false;weight:100
2026-08-05 10:37:38.466917Z	info	base	serviceinfo/service_info.go:280	add instance of {namespace: "Polaris", service: "polaris.discover"}: 11.143.41.233:8091, status: healthy:true;isolate:false;weight:100
2026-08-05 10:37:38.466920Z	info	base	serviceinfo/service_info.go:280	add instance of {namespace: "Polaris", service: "polaris.discover"}: 11.181.42.102:8091, status: healthy:true;isolate:false;weight:100
2026-08-05 10:37:38.466922Z	info	base	serviceinfo/service_info.go:280	add instance of {namespace: "Polaris", service: "polaris.discover"}: 30.163.61.101:8080, status: healthy:true;isolate:false;weight:100
2026-08-05 10:37:38.466925Z	info	base	serviceinfo/service_info.go:280	add instance of {namespace: "Polaris", service: "polaris.discover"}: 30.160.193.207:8091, status: healthy:true;isolate:false;weight:100
2026-08-05 10:37:38.466927Z	info	base	serviceinfo/service_info.go:280	add instance of {namespace: "Polaris", service: "polaris.discover"}: 11.140.162.11:8080, status: healthy:true;isolate:false;weight:100
2026-08-05 10:37:38.466933Z	info	base	schedule/routines.go:229	item {namespace: "Polaris", service: "polaris.discover"} in task circuitBreakTask has added
2026-08-05 10:37:38.466938Z	info	base	schedule/routines.go:113	task circuitBreakTask started priority
2026-08-05 10:37:38.466963Z	error	base	common/cache_persist.go:131	fail to load cache from file svcV2#Polaris#polaris.discover#routing.json, svcKey: {namespace: "Polaris", service: "polaris.discover", event: routing}, error is Fail to Stat the cache file name /Users/zhengbangli/polaris/backup/svcV2#Polaris#polaris.discover#routing.json:  stat /Users/zhengbangli/polaris/backup/svcV2#Polaris#polaris.discover#routing.json: no such file or directory
2026-08-05 10:37:38.466975Z	info	base	common/cache_persist.go:183	Start to load cache from /Users/zhengbangli/polaris/backup/svc#Polaris#polaris.discover#routing.json
2026-08-05 10:37:38.467324Z	info	base	inmemory/inmemory.go:1302	load message for {namespace: "Polaris", service: "polaris.discover", event: routing} from file svc#Polaris#polaris.discover#routing.json, cache file modify time: 2026-08-05 10:37:14.627387 +0800 CST, direct available: true 

2026-08-05 10:37:38.467329Z	info	base	inmemory/inmemory.go:612	37E505AC-1E9B-47CB-BF17-24E5883A828F, start to register event handler for {namespace: "Polaris", service: "polaris.discover", event: routing}
2026-08-05 10:37:38.467333Z	info	base	common/register.go:53	37E505AC-1E9B-47CB-BF17-24E5883A828F, addTask: start to add first task for {namespace: "Polaris", service: "polaris.discover", event: routing, initialized: firstTask}
2026-08-05 10:37:38.467338Z	info	base	common/register.go:66	37E505AC-1E9B-47CB-BF17-24E5883A828F, addTask: finish add first task for {namespace: "Polaris", service: "polaris.discover", event: routing, initialized: firstTask}
2026-08-05 10:37:38.467341Z	info	base	inmemory/inmemory.go:614	37E505AC-1E9B-47CB-BF17-24E5883A828F, finish register event handler for {namespace: "Polaris", service: "polaris.discover", event: routing}, err <nil>
2026-08-05 10:37:38.467345Z	info	base	network/impl.go:413	get connection of builtin for System
2026-08-05 10:37:38.467424Z	info	base	network/impl.go:587	discover server updated to ready 1, event is {namespace: "Polaris", service: "polaris.discover", event: instance}
2026-08-05 10:37:38.467428Z	info	base	network/impl.go:587	discover server updated to ready 2, event is {namespace: "Polaris", service: "polaris.discover", event: routing}
2026-08-05 10:37:38.468677Z	info	base	grpc/operation_sync.go:181	37E505AC-1E9B-47CB-BF17-24E5883A828F, waitDiscover: discover service is ready
2026-08-05 10:37:38.468714Z	info	base	network/impl.go:413	get connection of discover for ReportClient
2026-08-05 10:37:38.469233Z	info	base	grpc/creator.go:101	localAddress from connection is 30.26.152.44:62489, IP is 30.26.152.44, hashValue is 9814335246260940990
2026-08-05 10:37:38.469682Z	info	base	grpc/creator.go:101	localAddress from connection is 30.26.152.44:56439, IP is 30.26.152.44, hashValue is 9814335246260940990
2026-08-05 10:37:38.654870Z	info	base	inmemory/model.go:503	37E505AC-1E9B-47CB-BF17-24E5883A828F, OnServiceUpdate: {namespace: "Polaris", service: "polaris.discover", event: instance}, status: CacheNotChanged, set cacheLoaded to false, oldRevision: 00cd6960b47909b72d1c2d5476cef510091cdd37, newRevision: 00cd6960b47909b72d1c2d5476cef510091cdd37
2026-08-05 10:37:38.654919Z	info	base	network/conn.go:116	release connection: {ID:2345904968,Address:9.146.200.61:8081,Service:{ServiceKey: {namespace: "Polaris", service: "polaris-default"}, ClusterType: builtin}}
2026-08-05 10:37:38.654962Z	info	base	network/impl.go:413	get connection of builtin for System
2026-08-05 10:37:38.741649Z	info	base	network/conn.go:116	release connection: {ID:4048571735,Address:30.163.61.101:8081,Service:{ServiceKey: {namespace: "Polaris", service: "polaris.discover"}, ClusterType: discover}}
2026-08-05 10:37:38.741707Z	info	base	startup/client_report.go:138	current client area info is Host:30.26.152.44-{Region:, Zone:, Campus:}
2026-08-05 10:37:38.757834Z	info	base	common/cache_persist.go:256	Start to save cache to file /Users/zhengbangli/polaris/backup/client_info.json
2026-08-05 10:37:38.765903Z	info	base	common/cache_persist.go:270	Success to write cache file /Users/zhengbangli/polaris/backup/client_info.json
2026-08-05 10:37:38.852796Z	info	base	inmemory/model.go:503	37E505AC-1E9B-47CB-BF17-24E5883A828F, OnServiceUpdate: {namespace: "Polaris", service: "polaris.discover", event: routing}, status: CacheNotChanged, set cacheLoaded to false, oldRevision: 6f20d31f220046ccb69f43f51fcabfc3, newRevision: 6f20d31f220046ccb69f43f51fcabfc3
2026-08-05 10:37:38.852827Z	info	base	network/conn.go:116	release connection: {ID:2320734988,Address:9.141.66.244:8081,Service:{ServiceKey: {namespace: "Polaris", service: "polaris-default"}, ClusterType: builtin}}
2026-08-05 10:37:39.459060Z	info	base	network/impl.go:413	get connection of monitor for ReportStat
2026-08-05 10:37:39.459255Z	info	base	common/cache_persist.go:183	Start to load cache from /Users/zhengbangli/polaris/backup/svcV2#Polaris#polaris.monitor#instance.json
2026-08-05 10:37:39.473396Z	info	base	pb/service.go:201	service Polaris::polaris.monitor nearby enabled
2026-08-05 10:37:39.473754Z	warn	base	pb/service.go:235	service Polaris:polaris.monitor unmarshal slow start config fail EOF
2026-08-05 10:37:39.473769Z	info	base	inmemory/inmemory.go:1302	load message for {namespace: "Polaris", service: "polaris.monitor", event: instance} from file svcV2#Polaris#polaris.monitor#instance.json, cache file modify time: 2026-08-05 10:37:15.427466 +0800 CST, direct available: true 

2026-08-05 10:37:39.473776Z	info	base	inmemory/inmemory.go:612	37E505AC-1E9B-47CB-BF17-24E5883A828F, start to register event handler for {namespace: "Polaris", service: "polaris.monitor", event: instance}
2026-08-05 10:37:39.473783Z	info	base	common/register.go:53	37E505AC-1E9B-47CB-BF17-24E5883A828F, addTask: start to add first task for {namespace: "Polaris", service: "polaris.monitor", event: instance, initialized: firstTask}
2026-08-05 10:37:39.473790Z	info	base	common/register.go:66	37E505AC-1E9B-47CB-BF17-24E5883A828F, addTask: finish add first task for {namespace: "Polaris", service: "polaris.monitor", event: instance, initialized: firstTask}
2026-08-05 10:37:39.473794Z	info	base	inmemory/inmemory.go:614	37E505AC-1E9B-47CB-BF17-24E5883A828F, finish register event handler for {namespace: "Polaris", service: "polaris.monitor", event: instance}, err <nil>
2026-08-05 10:37:39.473811Z	info	base	common/discover.go:182	receive init task: {namespace: "Polaris", service: "polaris.monitor", event: instance, initialized: firstTask}
2026-08-05 10:37:39.473832Z	info	base	network/impl.go:413	get connection of discover for Discover
2026-08-05 10:37:39.473839Z	info	base	serviceinfo/service_info.go:277	service instances of {namespace: "Polaris", service: "polaris.monitor"} change, oldRevision , newRevision ea1cf66673b51382afa91b11f3568d001cd1ae9a, oldCount 0, newCount 404
2026-08-05 10:37:39.473844Z	info	base	serviceinfo/service_info.go:280	add instance of {namespace: "Polaris", service: "polaris.monitor"}: 9.136.55.192:8081, status: healthy:true;isolate:false;weight:100
2026-08-05 10:37:39.473848Z	info	base	serviceinfo/service_info.go:280	add instance of {namespace: "Polaris", service: "polaris.monitor"}: 21.106.233.85:8081, status: healthy:true;isolate:false;weight:100
2026-08-05 10:37:39.473851Z	info	base	serviceinfo/service_info.go:280	add instance of {namespace: "Polaris", service: "polaris.monitor"}: 11.142.156.190:8081, status: healthy:true;isolate:false;weight:100
2026-08-05 10:37:39.473854Z	info	base	serviceinfo/service_info.go:280	add instance of {namespace: "Polaris", service: "polaris.monitor"}: 11.142.156.188:8081, status: healthy:true;isolate:false;weight:100
2026-08-05 10:37:39.473857Z	info	base	serviceinfo/service_info.go:280	add instance of {namespace: "Polaris", service: "polaris.monitor"}: 9.141.115.23:8081, status: healthy:true;isolate:false;weight:100
2026-08-05 10:37:39.473859Z	info	base	serviceinfo/service_info.go:280	add instance of {namespace: "Polaris", service: "polaris.monitor"}: 21.21.137.248:8081, status: healthy:true;isolate:false;weight:100
2026-08-05 10:37:39.473861Z	info	base	serviceinfo/service_info.go:280	add instance of {namespace: "Polaris", service: "polaris.monitor"}: 9.136.29.175:8081, status: healthy:true;isolate:false;weight:100
2026-08-05 10:37:39.473863Z	info	base	serviceinfo/service_info.go:280	add instance of {namespace: "Polaris", service: "polaris.monitor"}: 9.141.113.199:8081, status: healthy:true;isolate:false;weight:100
2026-08-05 10:37:39.473866Z	info	base	serviceinfo/service_info.go:280	add instance of {namespace: "Polaris", service: "polaris.monitor"}: 9.141.65.30:8081, status: healthy:true;isolate:false;weight:100
2026-08-05 10:37:39.473868Z	info	base	serviceinfo/service_info.go:280	add instance of {namespace: "Polaris", service: "polaris.monitor"}: 11.135.192.210:8081, status: healthy:true;isolate:false;weight:100
2026-08-05 10:37:39.473870Z	info	base	serviceinfo/service_info.go:280	add instance of {namespace: "Polaris", service: "polaris.monitor"}: 21.21.137.216:8081, status: healthy:true;isolate:false;weight:100
2026-08-05 10:37:39.473872Z	info	base	serviceinfo/service_info.go:280	add instance of {namespace: "Polaris", service: "polaris.monitor"}: 30.160.241.61:8081, status: healthy:true;isolate:false;weight:100
2026-08-05 10:37:39.473874Z	info	base	serviceinfo/service_info.go:280	add instance of {namespace: "Polaris", service: "polaris.monitor"}: 11.59.215.162:8081, status: healthy:true;isolate:false;weight:100
2026-08-05 10:37:39.473877Z	info	base	serviceinfo/service_info.go:280	add instance of {namespace: "Polaris", service: "polaris.monitor"}: 9.141.115.124:8081, status: healthy:true;isolate:false;weight:100
2026-08-05 10:37:39.473879Z	info	base	serviceinfo/service_info.go:280	add instance of {namespace: "Polaris", service: "polaris.monitor"}: 9.141.115.30:8081, status: healthy:true;isolate:false;weight:100
2026-08-05 10:37:39.473881Z	info	base	serviceinfo/service_info.go:280	add instance of {namespace: "Polaris", service: "polaris.monitor"}: 9.136.29.167:8081, status: healthy:true;isolate:false;weight:100
2026-08-05 10:37:39.473884Z	info	base	serviceinfo/service_info.go:280	add instance of {namespace: "Polaris", service: "polaris.monitor"}: 9.141.71.100:8081, status: healthy:true;isolate:false;weight:100
2026-08-05 10:37:39.473887Z	info	base	serviceinfo/service_info.go:280	add instance of {namespace: "Polaris", service: "polaris.monitor"}: 11.135.192.96:8081, status: healthy:true;isolate:false;weight:100
2026-08-05 10:37:39.473890Z	info	base	serviceinfo/service_info.go:280	add instance of {namespace: "Polaris", service: "polaris.monitor"}: 11.140.166.179:8081, status: healthy:true;isolate:false;weight:100
2026-08-05 10:37:39.473894Z	info	base	serviceinfo/service_info.go:280	add instance of {namespace: "Polaris", service: "polaris.monitor"}: 21.21.137.213:8081, status: healthy:true;isolate:false;weight:100
2026-08-05 10:37:39.473898Z	info	base	serviceinfo/service_info.go:280	add instance of {namespace: "Polaris", service: "polaris.monitor"}: 30.160.241.99:8081, status: healthy:true;isolate:false;weight:100
2026-08-05 10:37:39.473901Z	info	base	serviceinfo/service_info.go:280	add instance of {namespace: "Polaris", service: "polaris.monitor"}: 9.141.67.85:8081, status: healthy:true;isolate:false;weight:100
2026-08-05 10:37:39.473904Z	info	base	serviceinfo/service_info.go:280	add instance of {namespace: "Polaris", service: "polaris.monitor"}: 21.21.137.215:8081, status: healthy:true;isolate:false;weight:100
2026-08-05 10:37:39.473907Z	info	base	serviceinfo/service_info.go:280	add instance of {namespace: "Polaris", service: "polaris.monitor"}: 11.142.156.122:8081, status: healthy:true;isolate:false;weight:100
2026-08-05 10:37:39.473909Z	info	base	serviceinfo/service_info.go:280	add instance of {namespace: "Polaris", service: "polaris.monitor"}: 9.136.82.25:8081, status: healthy:true;isolate:false;weight:100
2026-08-05 10:37:39.473912Z	info	base	serviceinfo/service_info.go:280	add instance of {namespace: "Polaris", service: "polaris.monitor"}: 11.140.162.40:8081, status: healthy:true;isolate:false;weight:100
2026-08-05 10:37:39.473915Z	info	base	serviceinfo/service_info.go:280	add instance of {namespace: "Polaris", service: "polaris.monitor"}: 30.160.241.104:8081, status: healthy:true;isolate:false;weight:100
2026-08-05 10:37:39.473918Z	info	base	serviceinfo/service_info.go:280	add instance of {namespace: "Polaris", service: "polaris.monitor"}: 30.175.164.147:8081, status: healthy:true;isolate:false;weight:100
2026-08-05 10:37:39.473921Z	info	base	serviceinfo/service_info.go:280	add instance of {namespace: "Polaris", service: "polaris.monitor"}: 9.141.115.90:8081, status: healthy:true;isolate:false;weight:100
2026-08-05 10:37:39.473924Z	info	base	serviceinfo/service_info.go:280	add instance of {namespace: "Polaris", service: "polaris.monitor"}: 21.106.233.108:8081, status: healthy:true;isolate:false;weight:100
2026-08-05 10:37:39.473928Z	info	base	serviceinfo/service_info.go:280	add instance of {namespace: "Polaris", service: "polaris.monitor"}: 9.136.54.123:8081, status: healthy:true;isolate:false;weight:100
2026-08-05 10:37:39.473932Z	info	base	serviceinfo/service_info.go:280	add instance of {namespace: "Polaris", service: "polaris.monitor"}: 11.150.115.12:8081, status: healthy:true;isolate:false;weight:100
2026-08-05 10:37:39.473936Z	info	base	serviceinfo/service_info.go:280	add instance of {namespace: "Polaris", service: "polaris.monitor"}: 9.141.71.73:8081, status: healthy:true;isolate:false;weight:100
2026-08-05 10:37:39.473941Z	info	base	serviceinfo/service_info.go:280	add instance of {namespace: "Polaris", service: "polaris.monitor"}: 21.21.137.210:8081, status: healthy:true;isolate:false;weight:100
2026-08-05 10:37:39.473947Z	info	base	serviceinfo/service_info.go:280	add instance of {namespace: "Polaris", service: "polaris.monitor"}: 11.140.163.138:8081, status: healthy:true;isolate:false;weight:100
2026-08-05 10:37:39.473954Z	info	base	serviceinfo/service_info.go:280	add instance of {namespace: "Polaris", service: "polaris.monitor"}: 9.141.110.52:8081, status: healthy:true;isolate:false;weight:100
2026-08-05 10:37:39.473958Z	info	base	serviceinfo/service_info.go:280	add instance of {namespace: "Polaris", service: "polaris.monitor"}: 21.21.137.243:8081, status: healthy:true;isolate:false;weight:100
2026-08-05 10:37:39.473961Z	info	base	serviceinfo/service_info.go:280	add instance of {namespace: "Polaris", service: "polaris.monitor"}: 11.135.192.212:8081, status: healthy:true;isolate:false;weight:100
2026-08-05 10:37:39.473965Z	info	base	serviceinfo/service_info.go:280	add instance of {namespace: "Polaris", service: "polaris.monitor"}: 21.21.137.254:8081, status: healthy:true;isolate:false;weight:100
2026-08-05 10:37:39.473968Z	info	base	serviceinfo/service_info.go:280	add instance of {namespace: "Polaris", service: "polaris.monitor"}: 21.106.233.63:8081, status: healthy:true;isolate:false;weight:100
2026-08-05 10:37:39.473971Z	info	base	serviceinfo/service_info.go:280	add instance of {namespace: "Polaris", service: "polaris.monitor"}: 11.135.192.158:8081, status: healthy:true;isolate:false;weight:100
2026-08-05 10:37:39.473974Z	info	base	serviceinfo/service_info.go:280	add instance of {namespace: "Polaris", service: "polaris.monitor"}: 9.136.82.116:8081, status: healthy:true;isolate:false;weight:100
2026-08-05 10:37:39.473977Z	info	base	serviceinfo/service_info.go:280	add instance of {namespace: "Polaris", service: "polaris.monitor"}: 11.142.130.90:8081, status: healthy:true;isolate:false;weight:100
2026-08-05 10:37:39.473979Z	info	base	serviceinfo/service_info.go:280	add instance of {namespace: "Polaris", service: "polaris.monitor"}: 9.141.115.183:8081, status: healthy:true;isolate:false;weight:100
2026-08-05 10:37:39.473982Z	info	base	serviceinfo/service_info.go:280	add instance of {namespace: "Polaris", service: "polaris.monitor"}: 21.21.137.226:8081, status: healthy:true;isolate:false;weight:100
2026-08-05 10:37:39.473985Z	info	base	serviceinfo/service_info.go:280	add instance of {namespace: "Polaris", service: "polaris.monitor"}: 30.160.241.115:8081, status: healthy:true;isolate:false;weight:100
2026-08-05 10:37:39.473988Z	info	base	serviceinfo/service_info.go:280	add instance of {namespace: "Polaris", service: "polaris.monitor"}: 11.135.192.176:8081, status: healthy:true;isolate:false;weight:100
2026-08-05 10:37:39.473990Z	info	base	serviceinfo/service_info.go:280	add instance of {namespace: "Polaris", service: "polaris.monitor"}: 11.140.166.113:8081, status: healthy:true;isolate:false;weight:100
2026-08-05 10:37:39.473995Z	info	base	serviceinfo/service_info.go:280	add instance of {namespace: "Polaris", service: "polaris.monitor"}: 9.136.29.80:8081, status: healthy:true;isolate:false;weight:100
2026-08-05 10:37:39.473998Z	info	base	serviceinfo/service_info.go:280	add instance of {namespace: "Polaris", service: "polaris.monitor"}: 21.106.233.54:8081, status: healthy:true;isolate:false;weight:100
2026-08-05 10:37:39.474003Z	info	base	serviceinfo/service_info.go:280	add instance of {namespace: "Polaris", service: "polaris.monitor"}: 9.141.66.65:8081, status: healthy:true;isolate:false;weight:100
2026-08-05 10:37:39.474006Z	info	base	serviceinfo/service_info.go:280	add instance of {namespace: "Polaris", service: "polaris.monitor"}: 9.141.113.31:8081, status: healthy:true;isolate:false;weight:100
2026-08-05 10:37:39.474009Z	info	base	serviceinfo/service_info.go:280	add instance of {namespace: "Polaris", service: "polaris.monitor"}: 9.141.100.249:8081, status: healthy:true;isolate:false;weight:100
2026-08-05 10:37:39.474011Z	info	base	serviceinfo/service_info.go:280	add instance of {namespace: "Polaris", service: "polaris.monitor"}: 30.160.241.57:8081, status: healthy:true;isolate:false;weight:100
2026-08-05 10:37:39.474014Z	info	base	serviceinfo/service_info.go:280	add instance of {namespace: "Polaris", service: "polaris.monitor"}: 9.141.115.25:8081, status: healthy:true;isolate:false;weight:100
2026-08-05 10:37:39.474016Z	info	base	serviceinfo/service_info.go:280	add instance of {namespace: "Polaris", service: "polaris.monitor"}: 9.141.104.197:8081, status: healthy:true;isolate:false;weight:100
2026-08-05 10:37:39.474019Z	info	base	serviceinfo/service_info.go:280	add instance of {namespace: "Polaris", service: "polaris.monitor"}: 9.141.115.27:8081, status: healthy:true;isolate:false;weight:100
2026-08-05 10:37:39.474021Z	info	base	serviceinfo/service_info.go:280	add instance of {namespace: "Polaris", service: "polaris.monitor"}: 21.21.137.200:8081, status: healthy:true;isolate:false;weight:100
2026-08-05 10:37:39.474024Z	info	base	serviceinfo/service_info.go:280	add instance of {namespace: "Polaris", service: "polaris.monitor"}: 30.160.241.98:8081, status: healthy:true;isolate:false;weight:100
2026-08-05 10:37:39.474026Z	info	base	serviceinfo/service_info.go:280	add instance of {namespace: "Polaris", service: "polaris.monitor"}: 9.141.115.35:8081, status: healthy:true;isolate:false;weight:100
2026-08-05 10:37:39.474029Z	info	base	serviceinfo/service_info.go:280	add instance of {namespace: "Polaris", service: "polaris.monitor"}: 9.141.122.97:8081, status: healthy:true;isolate:false;weight:100
2026-08-05 10:37:39.474032Z	info	base	serviceinfo/service_info.go:280	add instance of {namespace: "Polaris", service: "polaris.monitor"}: 11.142.156.70:8081, status: healthy:true;isolate:false;weight:100
2026-08-05 10:37:39.474034Z	info	base	serviceinfo/service_info.go:280	add instance of {namespace: "Polaris", service: "polaris.monitor"}: 21.106.233.114:8081, status: healthy:true;isolate:false;weight:100
2026-08-05 10:37:39.474036Z	info	base	serviceinfo/service_info.go:280	add instance of {namespace: "Polaris", service: "polaris.monitor"}: 11.142.156.59:8081, status: healthy:true;isolate:false;weight:100
2026-08-05 10:37:39.474038Z	info	base	serviceinfo/service_info.go:280	add instance of {namespace: "Polaris", service: "polaris.monitor"}: 11.142.130.113:8081, status: healthy:true;isolate:false;weight:100
2026-08-05 10:37:39.474040Z	info	base	serviceinfo/service_info.go:280	add instance of {namespace: "Polaris", service: "polaris.monitor"}: 21.21.137.249:8081, status: healthy:true;isolate:false;weight:100
2026-08-05 10:37:39.474042Z	info	base	serviceinfo/service_info.go:280	add instance of {namespace: "Polaris", service: "polaris.monitor"}: 9.141.115.76:8081, status: healthy:true;isolate:false;weight:100
2026-08-05 10:37:39.474044Z	info	base	serviceinfo/service_info.go:280	add instance of {namespace: "Polaris", service: "polaris.monitor"}: 21.106.233.92:8081, status: healthy:true;isolate:false;weight:100
2026-08-05 10:37:39.474046Z	info	base	serviceinfo/service_info.go:280	add instance of {namespace: "Polaris", service: "polaris.monitor"}: 11.142.130.85:8081, status: healthy:true;isolate:false;weight:100
2026-08-05 10:37:39.474048Z	info	base	serviceinfo/service_info.go:280	add instance of {namespace: "Polaris", service: "polaris.monitor"}: 11.135.192.62:8081, status: healthy:true;isolate:false;weight:100
2026-08-05 10:37:39.474050Z	info	base	serviceinfo/service_info.go:280	add instance of {namespace: "Polaris", service: "polaris.monitor"}: 11.150.115.109:8081, status: healthy:true;isolate:false;weight:100
2026-08-05 10:37:39.474052Z	info	base	serviceinfo/service_info.go:280	add instance of {namespace: "Polaris", service: "polaris.monitor"}: 30.160.241.112:8081, status: healthy:true;isolate:false;weight:100
2026-08-05 10:37:39.474054Z	info	base	serviceinfo/service_info.go:280	add instance of {namespace: "Polaris", service: "polaris.monitor"}: 21.106.233.103:8081, status: healthy:true;isolate:false;weight:100
2026-08-05 10:37:39.474056Z	info	base	serviceinfo/service_info.go:280	add instance of {namespace: "Polaris", service: "polaris.monitor"}: 21.106.233.95:8081, status: healthy:true;isolate:false;weight:100
2026-08-05 10:37:39.474058Z	info	base	serviceinfo/service_info.go:280	add instance of {namespace: "Polaris", service: "polaris.monitor"}: 11.135.192.230:8081, status: healthy:true;isolate:false;weight:100
2026-08-05 10:37:39.474060Z	info	base	serviceinfo/service_info.go:280	add instance of {namespace: "Polaris", service: "polaris.monitor"}: 11.150.115.78:8081, status: healthy:true;isolate:false;weight:100
2026-08-05 10:37:39.474062Z	info	base	serviceinfo/service_info.go:280	add instance of {namespace: "Polaris", service: "polaris.monitor"}: 9.141.115.57:8081, status: healthy:true;isolate:false;weight:100
2026-08-05 10:37:39.474064Z	info	base	serviceinfo/service_info.go:280	add instance of {namespace: "Polaris", service: "polaris.monitor"}: 11.135.192.129:8081, status: healthy:true;isolate:false;weight:100
2026-08-05 10:37:39.474066Z	info	base	serviceinfo/service_info.go:280	add instance of {namespace: "Polaris", service: "polaris.monitor"}: 9.141.122.148:8081, status: healthy:true;isolate:false;weight:100
2026-08-05 10:37:39.474068Z	info	base	serviceinfo/service_info.go:280	add instance of {namespace: "Polaris", service: "polaris.monitor"}: 9.141.120.90:8081, status: healthy:true;isolate:false;weight:100
2026-08-05 10:37:39.474070Z	info	base	serviceinfo/service_info.go:280	add instance of {namespace: "Polaris", service: "polaris.monitor"}: 21.21.137.238:8081, status: healthy:true;isolate:false;weight:100
2026-08-05 10:37:39.474072Z	info	base	serviceinfo/service_info.go:280	add instance of {namespace: "Polaris", service: "polaris.monitor"}: 9.141.122.202:8081, status: healthy:true;isolate:false;weight:100
2026-08-05 10:37:39.474074Z	info	base	serviceinfo/service_info.go:280	add instance of {namespace: "Polaris", service: "polaris.monitor"}: 11.135.192.32:8081, status: healthy:true;isolate:false;weight:100
2026-08-05 10:37:39.474076Z	info	base	serviceinfo/service_info.go:280	add instance of {namespace: "Polaris", service: "polaris.monitor"}: 9.141.122.82:8081, status: healthy:true;isolate:false;weight:100
2026-08-05 10:37:39.474078Z	info	base	serviceinfo/service_info.go:280	add instance of {namespace: "Polaris", service: "polaris.monitor"}: 30.160.241.113:8081, status: healthy:true;isolate:false;weight:100
2026-08-05 10:37:39.474080Z	info	base	serviceinfo/service_info.go:280	add instance of {namespace: "Polaris", service: "polaris.monitor"}: 11.59.215.178:8081, status: healthy:true;isolate:false;weight:100
2026-08-05 10:37:39.474082Z	info	base	serviceinfo/service_info.go:280	add instance of {namespace: "Polaris", service: "polaris.monitor"}: 9.141.120.23:8081, status: healthy:true;isolate:false;weight:100
2026-08-05 10:37:39.474084Z	info	base	serviceinfo/service_info.go:280	add instance of {namespace: "Polaris", service: "polaris.monitor"}: 21.21.137.214:8081, status: healthy:true;isolate:false;weight:100
2026-08-05 10:37:39.474086Z	info	base	serviceinfo/service_info.go:280	add instance of {namespace: "Polaris", service: "polaris.monitor"}: 30.160.241.76:8081, status: healthy:true;isolate:false;weight:100
2026-08-05 10:37:39.474088Z	info	base	serviceinfo/service_info.go:280	add instance of {namespace: "Polaris", service: "polaris.monitor"}: 21.21.137.195:8081, status: healthy:true;isolate:false;weight:100
2026-08-05 10:37:39.474090Z	info	base	serviceinfo/service_info.go:280	add instance of {namespace: "Polaris", service: "polaris.monitor"}: 9.141.120.56:8081, status: healthy:true;isolate:false;weight:100
2026-08-05 10:37:39.474092Z	info	base	serviceinfo/service_info.go:280	add instance of {namespace: "Polaris", service: "polaris.monitor"}: 11.142.156.222:8081, status: healthy:true;isolate:false;weight:100
2026-08-05 10:37:39.474093Z	info	base	serviceinfo/service_info.go:280	add instance of {namespace: "Polaris", service: "polaris.monitor"}: 11.150.115.191:8081, status: healthy:true;isolate:false;weight:100
2026-08-05 10:37:39.474095Z	info	base	serviceinfo/service_info.go:280	add instance of {namespace: "Polaris", service: "polaris.monitor"}: 9.141.96.196:8081, status: healthy:true;isolate:false;weight:100
2026-08-05 10:37:39.474097Z	info	base	serviceinfo/service_info.go:280	add instance of {namespace: "Polaris", service: "polaris.monitor"}: 9.141.100.250:8081, status: healthy:true;isolate:false;weight:100
2026-08-05 10:37:39.474099Z	info	base	serviceinfo/service_info.go:280	add instance of {namespace: "Polaris", service: "polaris.monitor"}: 11.150.115.41:8081, status: healthy:true;isolate:false;weight:100
2026-08-05 10:37:39.474101Z	info	base	serviceinfo/service_info.go:280	add instance of {namespace: "Polaris", service: "polaris.monitor"}: 9.141.115.38:8081, status: healthy:true;isolate:false;weight:100
2026-08-05 10:37:39.474103Z	info	base	serviceinfo/service_info.go:280	add instance of {namespace: "Polaris", service: "polaris.monitor"}: 9.136.2.35:8081, status: healthy:true;isolate:false;weight:100
2026-08-05 10:37:39.474105Z	info	base	serviceinfo/service_info.go:280	add instance of {namespace: "Polaris", service: "polaris.monitor"}: 11.135.192.224:8081, status: healthy:true;isolate:false;weight:100
2026-08-05 10:37:39.474107Z	info	base	serviceinfo/service_info.go:280	add instance of {namespace: "Polaris", service: "polaris.monitor"}: 11.135.214.137:8081, status: healthy:true;isolate:false;weight:100
2026-08-05 10:37:39.474109Z	info	base	serviceinfo/service_info.go:280	add instance of {namespace: "Polaris", service: "polaris.monitor"}: 11.135.192.58:8081, status: healthy:true;isolate:false;weight:100
2026-08-05 10:37:39.474111Z	info	base	serviceinfo/service_info.go:280	add instance of {namespace: "Polaris", service: "polaris.monitor"}: 11.135.192.240:8081, status: healthy:true;isolate:false;weight:100
2026-08-05 10:37:39.474113Z	info	base	serviceinfo/service_info.go:280	add instance of {namespace: "Polaris", service: "polaris.monitor"}: 11.140.163.15:8081, status: healthy:true;isolate:false;weight:100
2026-08-05 10:37:39.474115Z	info	base	serviceinfo/service_info.go:280	add instance of {namespace: "Polaris", service: "polaris.monitor"}: 9.141.71.53:8081, status: healthy:true;isolate:false;weight:100
2026-08-05 10:37:39.474117Z	info	base	serviceinfo/service_info.go:280	add instance of {namespace: "Polaris", service: "polaris.monitor"}: 11.135.192.243:8081, status: healthy:true;isolate:false;weight:100
2026-08-05 10:37:39.474119Z	info	base	serviceinfo/service_info.go:280	add instance of {namespace: "Polaris", service: "polaris.monitor"}: 11.140.166.159:8081, status: healthy:true;isolate:false;weight:100
2026-08-05 10:37:39.474121Z	info	base	serviceinfo/service_info.go:280	add instance of {namespace: "Polaris", service: "polaris.monitor"}: 11.135.192.53:8081, status: healthy:true;isolate:false;weight:100
2026-08-05 10:37:39.474123Z	info	base	serviceinfo/service_info.go:280	add instance of {namespace: "Polaris", service: "polaris.monitor"}: 30.160.241.150:8081, status: healthy:true;isolate:false;weight:100
2026-08-05 10:37:39.474125Z	info	base	serviceinfo/service_info.go:280	add instance of {namespace: "Polaris", service: "polaris.monitor"}: 21.21.137.237:8081, status: healthy:true;isolate:false;weight:100
2026-08-05 10:37:39.474127Z	info	base	serviceinfo/service_info.go:280	add instance of {namespace: "Polaris", service: "polaris.monitor"}: 9.141.100.224:8081, status: healthy:true;isolate:false;weight:100
2026-08-05 10:37:39.474129Z	info	base	serviceinfo/service_info.go:280	add instance of {namespace: "Polaris", service: "polaris.monitor"}: 9.136.28.5:8081, status: healthy:true;isolate:false;weight:100
2026-08-05 10:37:39.474131Z	info	base	serviceinfo/service_info.go:280	add instance of {namespace: "Polaris", service: "polaris.monitor"}: 11.140.163.116:8081, status: healthy:true;isolate:false;weight:100
2026-08-05 10:37:39.474133Z	info	base	serviceinfo/service_info.go:280	add instance of {namespace: "Polaris", service: "polaris.monitor"}: 30.160.241.253:8081, status: healthy:true;isolate:false;weight:100
2026-08-05 10:37:39.474136Z	info	base	serviceinfo/service_info.go:280	add instance of {namespace: "Polaris", service: "polaris.monitor"}: 11.142.132.255:8081, status: healthy:true;isolate:false;weight:100
2026-08-05 10:37:39.474138Z	info	base	serviceinfo/service_info.go:280	add instance of {namespace: "Polaris", service: "polaris.monitor"}: 21.21.137.224:8081, status: healthy:true;isolate:false;weight:100
2026-08-05 10:37:39.474141Z	info	base	serviceinfo/service_info.go:280	add instance of {namespace: "Polaris", service: "polaris.monitor"}: 11.135.192.179:8081, status: healthy:true;isolate:false;weight:100
2026-08-05 10:37:39.474143Z	info	base	serviceinfo/service_info.go:280	add instance of {namespace: "Polaris", service: "polaris.monitor"}: 11.142.156.149:8081, status: healthy:true;isolate:false;weight:100
2026-08-05 10:37:39.474146Z	info	base	serviceinfo/service_info.go:280	add instance of {namespace: "Polaris", service: "polaris.monitor"}: 11.135.192.75:8081, status: healthy:true;isolate:false;weight:100
2026-08-05 10:37:39.474148Z	info	base	serviceinfo/service_info.go:280	add instance of {namespace: "Polaris", service: "polaris.monitor"}: 30.47.130.117:8081, status: healthy:true;isolate:false;weight:100
2026-08-05 10:37:39.474150Z	info	base	serviceinfo/service_info.go:280	add instance of {namespace: "Polaris", service: "polaris.monitor"}: 30.160.241.86:8081, status: healthy:true;isolate:false;weight:100
2026-08-05 10:37:39.474152Z	info	base	serviceinfo/service_info.go:280	add instance of {namespace: "Polaris", service: "polaris.monitor"}: 21.21.137.196:8081, status: healthy:true;isolate:false;weight:100
2026-08-05 10:37:39.474154Z	info	base	serviceinfo/service_info.go:280	add instance of {namespace: "Polaris", service: "polaris.monitor"}: 11.135.192.141:8081, status: healthy:true;isolate:false;weight:100
2026-08-05 10:37:39.474156Z	info	base	serviceinfo/service_info.go:280	add instance of {namespace: "Polaris", service: "polaris.monitor"}: 11.135.192.221:8081, status: healthy:true;isolate:false;weight:100
2026-08-05 10:37:39.474158Z	info	base	serviceinfo/service_info.go:280	add instance of {namespace: "Polaris", service: "polaris.monitor"}: 21.106.233.74:8081, status: healthy:true;isolate:false;weight:100
2026-08-05 10:37:39.474160Z	info	base	serviceinfo/service_info.go:280	add instance of {namespace: "Polaris", service: "polaris.monitor"}: 11.135.192.188:8081, status: healthy:true;isolate:false;weight:100
2026-08-05 10:37:39.474162Z	info	base	serviceinfo/service_info.go:280	add instance of {namespace: "Polaris", service: "polaris.monitor"}: 30.160.192.151:8081, status: healthy:true;isolate:false;weight:100
2026-08-05 10:37:39.474164Z	info	base	serviceinfo/service_info.go:280	add instance of {namespace: "Polaris", service: "polaris.monitor"}: 9.141.120.57:8081, status: healthy:true;isolate:false;weight:100
2026-08-05 10:37:39.474166Z	info	base	serviceinfo/service_info.go:280	add instance of {namespace: "Polaris", service: "polaris.monitor"}: 11.142.156.226:8081, status: healthy:true;isolate:false;weight:100
2026-08-05 10:37:39.474168Z	info	base	serviceinfo/service_info.go:280	add instance of {namespace: "Polaris", service: "polaris.monitor"}: 11.142.156.205:8081, status: healthy:true;isolate:false;weight:100
2026-08-05 10:37:39.474174Z	info	base	serviceinfo/service_info.go:280	add instance of {namespace: "Polaris", service: "polaris.monitor"}: 11.140.162.119:8081, status: healthy:true;isolate:false;weight:100
2026-08-05 10:37:39.474176Z	info	base	serviceinfo/service_info.go:280	add instance of {namespace: "Polaris", service: "polaris.monitor"}: 9.141.110.16:8081, status: healthy:true;isolate:false;weight:100
2026-08-05 10:37:39.474178Z	info	base	serviceinfo/service_info.go:280	add instance of {namespace: "Polaris", service: "polaris.monitor"}: 11.142.132.116:8081, status: healthy:true;isolate:false;weight:100
2026-08-05 10:37:39.474180Z	info	base	serviceinfo/service_info.go:280	add instance of {namespace: "Polaris", service: "polaris.monitor"}: 11.135.192.137:8081, status: healthy:true;isolate:false;weight:100
2026-08-05 10:37:39.474182Z	info	base	serviceinfo/service_info.go:280	add instance of {namespace: "Polaris", service: "polaris.monitor"}: 30.175.164.199:8081, status: healthy:true;isolate:false;weight:100
2026-08-05 10:37:39.474184Z	info	base	serviceinfo/service_info.go:280	add instance of {namespace: "Polaris", service: "polaris.monitor"}: 9.141.115.46:8081, status: healthy:true;isolate:false;weight:100
2026-08-05 10:37:39.474186Z	info	base	serviceinfo/service_info.go:280	add instance of {namespace: "Polaris", service: "polaris.monitor"}: 11.135.192.149:8081, status: healthy:true;isolate:false;weight:100
2026-08-05 10:37:39.474188Z	info	base	serviceinfo/service_info.go:280	add instance of {namespace: "Polaris", service: "polaris.monitor"}: 11.135.192.117:8081, status: healthy:true;isolate:false;weight:100
2026-08-05 10:37:39.474190Z	info	base	serviceinfo/service_info.go:280	add instance of {namespace: "Polaris", service: "polaris.monitor"}: 11.135.192.103:8081, status: healthy:true;isolate:false;weight:100
2026-08-05 10:37:39.474192Z	info	base	serviceinfo/service_info.go:280	add instance of {namespace: "Polaris", service: "polaris.monitor"}: 21.21.137.199:8081, status: healthy:true;isolate:false;weight:100
2026-08-05 10:37:39.474195Z	info	base	serviceinfo/service_info.go:280	add instance of {namespace: "Polaris", service: "polaris.monitor"}: 9.141.100.212:8081, status: healthy:true;isolate:false;weight:100
2026-08-05 10:37:39.474197Z	info	base	serviceinfo/service_info.go:280	add instance of {namespace: "Polaris", service: "polaris.monitor"}: 9.136.103.190:8081, status: healthy:true;isolate:false;weight:100
2026-08-05 10:37:39.474199Z	info	base	serviceinfo/service_info.go:280	add instance of {namespace: "Polaris", service: "polaris.monitor"}: 9.141.122.78:8081, status: healthy:true;isolate:false;weight:100
2026-08-05 10:37:39.474201Z	info	base	serviceinfo/service_info.go:280	add instance of {namespace: "Polaris", service: "polaris.monitor"}: 9.141.100.90:8081, status: healthy:true;isolate:false;weight:100
2026-08-05 10:37:39.474203Z	info	base	serviceinfo/service_info.go:280	add instance of {namespace: "Polaris", service: "polaris.monitor"}: 11.135.192.80:8081, status: healthy:true;isolate:false;weight:100
2026-08-05 10:37:39.474205Z	info	base	serviceinfo/service_info.go:280	add instance of {namespace: "Polaris", service: "polaris.monitor"}: 9.141.66.58:8081, status: healthy:true;isolate:false;weight:100
2026-08-05 10:37:39.474207Z	info	base	serviceinfo/service_info.go:280	add instance of {namespace: "Polaris", service: "polaris.monitor"}: 9.141.110.22:8081, status: healthy:true;isolate:false;weight:80
2026-08-05 10:37:39.474208Z	info	base	serviceinfo/service_info.go:280	add instance of {namespace: "Polaris", service: "polaris.monitor"}: 21.106.233.68:8081, status: healthy:true;isolate:false;weight:100
2026-08-05 10:37:39.474210Z	info	base	serviceinfo/service_info.go:280	add instance of {namespace: "Polaris", service: "polaris.monitor"}: 11.135.192.249:8081, status: healthy:true;isolate:false;weight:100
2026-08-05 10:37:39.474212Z	info	base	serviceinfo/service_info.go:280	add instance of {namespace: "Polaris", service: "polaris.monitor"}: 11.135.192.25:8081, status: healthy:true;isolate:false;weight:100
2026-08-05 10:37:39.474214Z	info	base	serviceinfo/service_info.go:280	add instance of {namespace: "Polaris", service: "polaris.monitor"}: 9.136.69.28:8081, status: healthy:true;isolate:false;weight:100
2026-08-05 10:37:39.474216Z	info	base	serviceinfo/service_info.go:280	add instance of {namespace: "Polaris", service: "polaris.monitor"}: 11.135.192.112:8081, status: healthy:true;isolate:false;weight:100
2026-08-05 10:37:39.474218Z	info	base	serviceinfo/service_info.go:280	add instance of {namespace: "Polaris", service: "polaris.monitor"}: 11.140.163.184:8081, status: healthy:true;isolate:false;weight:100
2026-08-05 10:37:39.474220Z	info	base	serviceinfo/service_info.go:280	add instance of {namespace: "Polaris", service: "polaris.monitor"}: 11.135.192.100:8081, status: healthy:true;isolate:false;weight:100
2026-08-05 10:37:39.474222Z	info	base	serviceinfo/service_info.go:280	add instance of {namespace: "Polaris", service: "polaris.monitor"}: 9.141.67.87:8081, status: healthy:true;isolate:false;weight:100
2026-08-05 10:37:39.474224Z	info	base	serviceinfo/service_info.go:280	add instance of {namespace: "Polaris", service: "polaris.monitor"}: 9.141.122.139:8081, status: healthy:true;isolate:false;weight:100
2026-08-05 10:37:39.474226Z	info	base	serviceinfo/service_info.go:280	add instance of {namespace: "Polaris", service: "polaris.monitor"}: 30.160.241.109:8081, status: healthy:true;isolate:false;weight:100
2026-08-05 10:37:39.474228Z	info	base	serviceinfo/service_info.go:280	add instance of {namespace: "Polaris", service: "polaris.monitor"}: 11.135.192.198:8081, status: healthy:true;isolate:false;weight:100
2026-08-05 10:37:39.474230Z	info	base	serviceinfo/service_info.go:280	add instance of {namespace: "Polaris", service: "polaris.monitor"}: 9.141.113.247:8081, status: healthy:true;isolate:false;weight:100
2026-08-05 10:37:39.474231Z	info	base	serviceinfo/service_info.go:280	add instance of {namespace: "Polaris", service: "polaris.monitor"}: 11.135.192.153:8081, status: healthy:true;isolate:false;weight:100
2026-08-05 10:37:39.474233Z	info	base	serviceinfo/service_info.go:280	add instance of {namespace: "Polaris", service: "polaris.monitor"}: 11.135.192.244:8081, status: healthy:true;isolate:false;weight:100
2026-08-05 10:37:39.474235Z	info	base	serviceinfo/service_info.go:280	add instance of {namespace: "Polaris", service: "polaris.monitor"}: 9.141.120.43:8081, status: healthy:true;isolate:false;weight:100
2026-08-05 10:37:39.474237Z	info	base	serviceinfo/service_info.go:280	add instance of {namespace: "Polaris", service: "polaris.monitor"}: 9.141.122.191:8081, status: healthy:true;isolate:false;weight:100
2026-08-05 10:37:39.474239Z	info	base	serviceinfo/service_info.go:280	add instance of {namespace: "Polaris", service: "polaris.monitor"}: 9.141.122.86:8081, status: healthy:true;isolate:false;weight:100
2026-08-05 10:37:39.474241Z	info	base	serviceinfo/service_info.go:280	add instance of {namespace: "Polaris", service: "polaris.monitor"}: 11.140.162.109:8081, status: healthy:true;isolate:false;weight:100
2026-08-05 10:37:39.474243Z	info	base	serviceinfo/service_info.go:280	add instance of {namespace: "Polaris", service: "polaris.monitor"}: 21.21.137.209:8081, status: healthy:true;isolate:false;weight:100
2026-08-05 10:37:39.474245Z	info	base	serviceinfo/service_info.go:280	add instance of {namespace: "Polaris", service: "polaris.monitor"}: 11.135.192.253:8081, status: healthy:true;isolate:false;weight:100
2026-08-05 10:37:39.474247Z	info	base	serviceinfo/service_info.go:280	add instance of {namespace: "Polaris", service: "polaris.monitor"}: 21.21.137.240:8081, status: healthy:true;isolate:false;weight:100
2026-08-05 10:37:39.474249Z	info	base	serviceinfo/service_info.go:280	add instance of {namespace: "Polaris", service: "polaris.monitor"}: 9.141.66.111:8081, status: healthy:true;isolate:false;weight:100
2026-08-05 10:37:39.474251Z	info	base	serviceinfo/service_info.go:280	add instance of {namespace: "Polaris", service: "polaris.monitor"}: 11.142.156.152:8081, status: healthy:true;isolate:false;weight:100
2026-08-05 10:37:39.474253Z	info	base	serviceinfo/service_info.go:280	add instance of {namespace: "Polaris", service: "polaris.monitor"}: 9.141.115.15:8081, status: healthy:true;isolate:false;weight:100
2026-08-05 10:37:39.474255Z	info	base	serviceinfo/service_info.go:280	add instance of {namespace: "Polaris", service: "polaris.monitor"}: 21.106.233.101:8081, status: healthy:true;isolate:false;weight:100
2026-08-05 10:37:39.474257Z	info	base	serviceinfo/service_info.go:280	add instance of {namespace: "Polaris", service: "polaris.monitor"}: 21.21.137.228:8081, status: healthy:true;isolate:false;weight:100
2026-08-05 10:37:39.474259Z	info	base	serviceinfo/service_info.go:280	add instance of {namespace: "Polaris", service: "polaris.monitor"}: 11.135.192.216:8081, status: healthy:true;isolate:false;weight:100
2026-08-05 10:37:39.474261Z	info	base	serviceinfo/service_info.go:280	add instance of {namespace: "Polaris", service: "polaris.monitor"}: 9.136.103.248:8081, status: healthy:true;isolate:false;weight:100
2026-08-05 10:37:39.474263Z	info	base	serviceinfo/service_info.go:280	add instance of {namespace: "Polaris", service: "polaris.monitor"}: 11.140.163.170:8081, status: healthy:true;isolate:false;weight:100
2026-08-05 10:37:39.474265Z	info	base	serviceinfo/service_info.go:280	add instance of {namespace: "Polaris", service: "polaris.monitor"}: 11.135.192.127:8081, status: healthy:true;isolate:false;weight:100
2026-08-05 10:37:39.474267Z	info	base	serviceinfo/service_info.go:280	add instance of {namespace: "Polaris", service: "polaris.monitor"}: 11.140.163.111:8081, status: healthy:true;isolate:false;weight:100
2026-08-05 10:37:39.474269Z	info	base	serviceinfo/service_info.go:280	add instance of {namespace: "Polaris", service: "polaris.monitor"}: 9.136.55.105:8081, status: healthy:true;isolate:false;weight:100
2026-08-05 10:37:39.474271Z	info	base	serviceinfo/service_info.go:280	add instance of {namespace: "Polaris", service: "polaris.monitor"}: 11.135.192.151:8081, status: healthy:true;isolate:false;weight:100
2026-08-05 10:37:39.474273Z	info	base	serviceinfo/service_info.go:280	add instance of {namespace: "Polaris", service: "polaris.monitor"}: 21.21.137.247:8081, status: healthy:true;isolate:false;weight:100
2026-08-05 10:37:39.474275Z	info	base	serviceinfo/service_info.go:280	add instance of {namespace: "Polaris", service: "polaris.monitor"}: 21.21.137.225:8081, status: healthy:true;isolate:false;weight:100
2026-08-05 10:37:39.474277Z	info	base	serviceinfo/service_info.go:280	add instance of {namespace: "Polaris", service: "polaris.monitor"}: 9.141.122.157:8081, status: healthy:true;isolate:false;weight:100
2026-08-05 10:37:39.474278Z	info	base	serviceinfo/service_info.go:280	add instance of {namespace: "Polaris", service: "polaris.monitor"}: 11.140.162.152:8081, status: healthy:true;isolate:false;weight:100
2026-08-05 10:37:39.474280Z	info	base	serviceinfo/service_info.go:280	add instance of {namespace: "Polaris", service: "polaris.monitor"}: 9.141.122.163:8081, status: healthy:true;isolate:false;weight:100
2026-08-05 10:37:39.474282Z	info	base	serviceinfo/service_info.go:280	add instance of {namespace: "Polaris", service: "polaris.monitor"}: 11.135.192.3:8081, status: healthy:true;isolate:false;weight:100
2026-08-05 10:37:39.474284Z	info	base	serviceinfo/service_info.go:280	add instance of {namespace: "Polaris", service: "polaris.monitor"}: 21.21.137.230:8081, status: healthy:true;isolate:false;weight:100
2026-08-05 10:37:39.474286Z	info	base	serviceinfo/service_info.go:280	add instance of {namespace: "Polaris", service: "polaris.monitor"}: 9.141.113.25:8081, status: healthy:true;isolate:false;weight:100
2026-08-05 10:37:39.474288Z	info	base	serviceinfo/service_info.go:280	add instance of {namespace: "Polaris", service: "polaris.monitor"}: 9.136.31.223:8081, status: healthy:true;isolate:false;weight:100
2026-08-05 10:37:39.474290Z	info	base	serviceinfo/service_info.go:280	add instance of {namespace: "Polaris", service: "polaris.monitor"}: 11.135.192.250:8081, status: healthy:true;isolate:false;weight:100
2026-08-05 10:37:39.474292Z	info	base	serviceinfo/service_info.go:280	add instance of {namespace: "Polaris", service: "polaris.monitor"}: 9.141.115.37:8081, status: healthy:true;isolate:false;weight:100
2026-08-05 10:37:39.474293Z	info	base	serviceinfo/service_info.go:280	add instance of {namespace: "Polaris", service: "polaris.monitor"}: 9.141.120.253:8081, status: healthy:true;isolate:false;weight:100
2026-08-05 10:37:39.474295Z	info	base	serviceinfo/service_info.go:280	add instance of {namespace: "Polaris", service: "polaris.monitor"}: 11.135.192.2:8081, status: healthy:true;isolate:false;weight:100
2026-08-05 10:37:39.474297Z	info	base	serviceinfo/service_info.go:280	add instance of {namespace: "Polaris", service: "polaris.monitor"}: 11.135.192.46:8081, status: healthy:true;isolate:false;weight:100
2026-08-05 10:37:39.474299Z	info	base	serviceinfo/service_info.go:280	add instance of {namespace: "Polaris", service: "polaris.monitor"}: 21.21.137.208:8081, status: healthy:true;isolate:false;weight:100
2026-08-05 10:37:39.474301Z	info	base	serviceinfo/service_info.go:280	add instance of {namespace: "Polaris", service: "polaris.monitor"}: 21.21.137.231:8081, status: healthy:true;isolate:false;weight:100
2026-08-05 10:37:39.474303Z	info	base	serviceinfo/service_info.go:280	add instance of {namespace: "Polaris", service: "polaris.monitor"}: 9.141.66.69:8081, status: healthy:true;isolate:false;weight:100
2026-08-05 10:37:39.474305Z	info	base	serviceinfo/service_info.go:280	add instance of {namespace: "Polaris", service: "polaris.monitor"}: 30.160.192.13:8081, status: healthy:true;isolate:false;weight:100
2026-08-05 10:37:39.474307Z	info	base	serviceinfo/service_info.go:280	add instance of {namespace: "Polaris", service: "polaris.monitor"}: 11.140.162.155:8081, status: healthy:true;isolate:false;weight:100
2026-08-05 10:37:39.474309Z	info	base	serviceinfo/service_info.go:280	add instance of {namespace: "Polaris", service: "polaris.monitor"}: 21.106.233.79:8081, status: healthy:true;isolate:false;weight:100
2026-08-05 10:37:39.474311Z	info	base	serviceinfo/service_info.go:280	add instance of {namespace: "Polaris", service: "polaris.monitor"}: 11.135.192.218:8081, status: healthy:true;isolate:false;weight:100
2026-08-05 10:37:39.474313Z	info	base	serviceinfo/service_info.go:280	add instance of {namespace: "Polaris", service: "polaris.monitor"}: 11.142.130.77:8081, status: healthy:true;isolate:false;weight:100
2026-08-05 10:37:39.474315Z	info	base	serviceinfo/service_info.go:280	add instance of {namespace: "Polaris", service: "polaris.monitor"}: 30.160.241.60:8081, status: healthy:true;isolate:false;weight:100
2026-08-05 10:37:39.474319Z	info	base	serviceinfo/service_info.go:280	add instance of {namespace: "Polaris", service: "polaris.monitor"}: 9.141.122.125:8081, status: healthy:true;isolate:false;weight:100
2026-08-05 10:37:39.474321Z	info	base	serviceinfo/service_info.go:280	add instance of {namespace: "Polaris", service: "polaris.monitor"}: 11.135.192.54:8081, status: healthy:true;isolate:false;weight:100
2026-08-05 10:37:39.474323Z	info	base	serviceinfo/service_info.go:280	add instance of {namespace: "Polaris", service: "polaris.monitor"}: 9.141.100.221:8081, status: healthy:true;isolate:false;weight:100
2026-08-05 10:37:39.474325Z	info	base	serviceinfo/service_info.go:280	add instance of {namespace: "Polaris", service: "polaris.monitor"}: 30.160.241.156:8081, status: healthy:true;isolate:false;weight:100
2026-08-05 10:37:39.474327Z	info	base	serviceinfo/service_info.go:280	add instance of {namespace: "Polaris", service: "polaris.monitor"}: 21.106.233.65:8081, status: healthy:true;isolate:false;weight:100
2026-08-05 10:37:39.474329Z	info	base	serviceinfo/service_info.go:280	add instance of {namespace: "Polaris", service: "polaris.monitor"}: 30.175.164.150:8081, status: healthy:true;isolate:false;weight:100
2026-08-05 10:37:39.474331Z	info	base	serviceinfo/service_info.go:280	add instance of {namespace: "Polaris", service: "polaris.monitor"}: 11.150.115.149:8081, status: healthy:true;isolate:false;weight:100
2026-08-05 10:37:39.474334Z	info	base	serviceinfo/service_info.go:280	add instance of {namespace: "Polaris", service: "polaris.monitor"}: 9.136.77.197:8081, status: healthy:true;isolate:false;weight:100
2026-08-05 10:37:39.474336Z	info	base	serviceinfo/service_info.go:280	add instance of {namespace: "Polaris", service: "polaris.monitor"}: 21.21.137.244:8081, status: healthy:true;isolate:false;weight:100
2026-08-05 10:37:39.474338Z	info	base	serviceinfo/service_info.go:280	add instance of {namespace: "Polaris", service: "polaris.monitor"}: 9.141.104.199:8081, status: healthy:true;isolate:false;weight:100
2026-08-05 10:37:39.474339Z	info	base	serviceinfo/service_info.go:280	add instance of {namespace: "Polaris", service: "polaris.monitor"}: 11.135.192.200:8081, status: healthy:true;isolate:false;weight:100
2026-08-05 10:37:39.474341Z	info	base	serviceinfo/service_info.go:280	add instance of {namespace: "Polaris", service: "polaris.monitor"}: 11.135.192.77:8081, status: healthy:true;isolate:false;weight:100
2026-08-05 10:37:39.474343Z	info	base	serviceinfo/service_info.go:280	add instance of {namespace: "Polaris", service: "polaris.monitor"}: 11.142.135.1:8081, status: healthy:true;isolate:false;weight:100
2026-08-05 10:37:39.474345Z	info	base	serviceinfo/service_info.go:280	add instance of {namespace: "Polaris", service: "polaris.monitor"}: 21.21.137.202:8081, status: healthy:true;isolate:false;weight:100
2026-08-05 10:37:39.474347Z	info	base	serviceinfo/service_info.go:280	add instance of {namespace: "Polaris", service: "polaris.monitor"}: 11.135.192.108:8081, status: healthy:true;isolate:false;weight:100
2026-08-05 10:37:39.474349Z	info	base	serviceinfo/service_info.go:280	add instance of {namespace: "Polaris", service: "polaris.monitor"}: 21.106.233.120:8081, status: healthy:true;isolate:false;weight:100
2026-08-05 10:37:39.474351Z	info	base	serviceinfo/service_info.go:280	add instance of {namespace: "Polaris", service: "polaris.monitor"}: 11.135.192.73:8081, status: healthy:true;isolate:false;weight:100
2026-08-05 10:37:39.474354Z	info	base	serviceinfo/service_info.go:280	add instance of {namespace: "Polaris", service: "polaris.monitor"}: 9.141.115.33:8081, status: healthy:true;isolate:false;weight:100
2026-08-05 10:37:39.474356Z	info	base	serviceinfo/service_info.go:280	add instance of {namespace: "Polaris", service: "polaris.monitor"}: 11.135.192.121:8081, status: healthy:true;isolate:false;weight:100
2026-08-05 10:37:39.474358Z	info	base	serviceinfo/service_info.go:280	add instance of {namespace: "Polaris", service: "polaris.monitor"}: 21.21.137.207:8081, status: healthy:true;isolate:false;weight:100
2026-08-05 10:37:39.474360Z	info	base	serviceinfo/service_info.go:280	add instance of {namespace: "Polaris", service: "polaris.monitor"}: 21.21.137.204:8081, status: healthy:true;isolate:false;weight:100
2026-08-05 10:37:39.474361Z	info	base	serviceinfo/service_info.go:280	add instance of {namespace: "Polaris", service: "polaris.monitor"}: 11.142.132.99:8081, status: healthy:true;isolate:false;weight:100
2026-08-05 10:37:39.474363Z	info	base	serviceinfo/service_info.go:280	add instance of {namespace: "Polaris", service: "polaris.monitor"}: 21.21.137.198:8081, status: healthy:true;isolate:false;weight:100
2026-08-05 10:37:39.474365Z	info	base	serviceinfo/service_info.go:280	add instance of {namespace: "Polaris", service: "polaris.monitor"}: 9.141.115.36:8081, status: healthy:true;isolate:false;weight:100
2026-08-05 10:37:39.474367Z	info	base	serviceinfo/service_info.go:280	add instance of {namespace: "Polaris", service: "polaris.monitor"}: 11.140.162.110:8081, status: healthy:true;isolate:false;weight:100
2026-08-05 10:37:39.474369Z	info	base	serviceinfo/service_info.go:280	add instance of {namespace: "Polaris", service: "polaris.monitor"}: 30.160.241.137:8081, status: healthy:true;isolate:false;weight:100
2026-08-05 10:37:39.474371Z	info	base	serviceinfo/service_info.go:280	add instance of {namespace: "Polaris", service: "polaris.monitor"}: 9.141.115.6:8081, status: healthy:true;isolate:false;weight:100
2026-08-05 10:37:39.474373Z	info	base	serviceinfo/service_info.go:280	add instance of {namespace: "Polaris", service: "polaris.monitor"}: 9.141.113.113:8081, status: healthy:true;isolate:false;weight:100
2026-08-05 10:37:39.474375Z	info	base	serviceinfo/service_info.go:280	add instance of {namespace: "Polaris", service: "polaris.monitor"}: 21.21.137.241:8081, status: healthy:true;isolate:false;weight:100
2026-08-05 10:37:39.474377Z	info	base	serviceinfo/service_info.go:280	add instance of {namespace: "Polaris", service: "polaris.monitor"}: 11.140.163.46:8081, status: healthy:true;isolate:false;weight:100
2026-08-05 10:37:39.474381Z	info	base	serviceinfo/service_info.go:280	add instance of {namespace: "Polaris", service: "polaris.monitor"}: 11.140.166.207:8081, status: healthy:true;isolate:false;weight:100
2026-08-05 10:37:39.474383Z	info	base	serviceinfo/service_info.go:280	add instance of {namespace: "Polaris", service: "polaris.monitor"}: 11.135.192.85:8081, status: healthy:true;isolate:false;weight:100
2026-08-05 10:37:39.474384Z	info	base	serviceinfo/service_info.go:280	add instance of {namespace: "Polaris", service: "polaris.monitor"}: 9.136.54.43:8081, status: healthy:true;isolate:false;weight:100
2026-08-05 10:37:39.474386Z	info	base	serviceinfo/service_info.go:280	add instance of {namespace: "Polaris", service: "polaris.monitor"}: 9.141.66.89:8081, status: healthy:true;isolate:false;weight:100
2026-08-05 10:37:39.474388Z	info	base	serviceinfo/service_info.go:280	add instance of {namespace: "Polaris", service: "polaris.monitor"}: 9.136.31.182:8081, status: healthy:true;isolate:false;weight:100
2026-08-05 10:37:39.474390Z	info	base	serviceinfo/service_info.go:280	add instance of {namespace: "Polaris", service: "polaris.monitor"}: 9.141.115.184:8081, status: healthy:true;isolate:false;weight:100
2026-08-05 10:37:39.474392Z	info	base	serviceinfo/service_info.go:280	add instance of {namespace: "Polaris", service: "polaris.monitor"}: 9.141.64.235:8081, status: healthy:true;isolate:false;weight:100
2026-08-05 10:37:39.474394Z	info	base	serviceinfo/service_info.go:280	add instance of {namespace: "Polaris", service: "polaris.monitor"}: 9.141.113.190:8081, status: healthy:true;isolate:false;weight:100
2026-08-05 10:37:39.474396Z	info	base	serviceinfo/service_info.go:280	add instance of {namespace: "Polaris", service: "polaris.monitor"}: 9.141.115.69:8081, status: healthy:true;isolate:false;weight:100
2026-08-05 10:37:39.474398Z	info	base	serviceinfo/service_info.go:280	add instance of {namespace: "Polaris", service: "polaris.monitor"}: 9.136.82.84:8081, status: healthy:true;isolate:false;weight:100
2026-08-05 10:37:39.474400Z	info	base	serviceinfo/service_info.go:280	add instance of {namespace: "Polaris", service: "polaris.monitor"}: 30.160.192.130:8081, status: healthy:true;isolate:false;weight:100
2026-08-05 10:37:39.474402Z	info	base	serviceinfo/service_info.go:280	add instance of {namespace: "Polaris", service: "polaris.monitor"}: 21.21.137.217:8081, status: healthy:true;isolate:false;weight:100
2026-08-05 10:37:39.474404Z	info	base	serviceinfo/service_info.go:280	add instance of {namespace: "Polaris", service: "polaris.monitor"}: 9.141.104.208:8081, status: healthy:true;isolate:false;weight:100
2026-08-05 10:37:39.474406Z	info	base	serviceinfo/service_info.go:280	add instance of {namespace: "Polaris", service: "polaris.monitor"}: 9.136.82.204:8081, status: healthy:true;isolate:false;weight:100
2026-08-05 10:37:39.474410Z	info	base	serviceinfo/service_info.go:280	add instance of {namespace: "Polaris", service: "polaris.monitor"}: 9.141.65.3:8081, status: healthy:true;isolate:false;weight:100
2026-08-05 10:37:39.474415Z	info	base	serviceinfo/service_info.go:280	add instance of {namespace: "Polaris", service: "polaris.monitor"}: 21.21.137.220:8081, status: healthy:true;isolate:false;weight:100
2026-08-05 10:37:39.474419Z	info	base	serviceinfo/service_info.go:280	add instance of {namespace: "Polaris", service: "polaris.monitor"}: 11.135.192.122:8081, status: healthy:true;isolate:false;weight:100
2026-08-05 10:37:39.474434Z	info	base	serviceinfo/service_info.go:280	add instance of {namespace: "Polaris", service: "polaris.monitor"}: 9.141.110.90:8081, status: healthy:true;isolate:false;weight:100
2026-08-05 10:37:39.474439Z	info	base	serviceinfo/service_info.go:280	add instance of {namespace: "Polaris", service: "polaris.monitor"}: 9.141.113.130:8081, status: healthy:true;isolate:false;weight:100
2026-08-05 10:37:39.474443Z	info	base	serviceinfo/service_info.go:280	add instance of {namespace: "Polaris", service: "polaris.monitor"}: 21.106.233.81:8081, status: healthy:true;isolate:false;weight:100
2026-08-05 10:37:39.474448Z	info	base	serviceinfo/service_info.go:280	add instance of {namespace: "Polaris", service: "polaris.monitor"}: 9.141.71.113:8081, status: healthy:true;isolate:false;weight:100
2026-08-05 10:37:39.474452Z	info	base	serviceinfo/service_info.go:280	add instance of {namespace: "Polaris", service: "polaris.monitor"}: 11.140.162.50:8081, status: healthy:true;isolate:false;weight:100
2026-08-05 10:37:39.474456Z	info	base	serviceinfo/service_info.go:280	add instance of {namespace: "Polaris", service: "polaris.monitor"}: 9.141.100.246:8081, status: healthy:true;isolate:false;weight:100
2026-08-05 10:37:39.474461Z	info	base	serviceinfo/service_info.go:280	add instance of {namespace: "Polaris", service: "polaris.monitor"}: 9.141.100.87:8081, status: healthy:true;isolate:false;weight:100
2026-08-05 10:37:39.474466Z	info	base	serviceinfo/service_info.go:280	add instance of {namespace: "Polaris", service: "polaris.monitor"}: 9.141.110.111:8081, status: healthy:true;isolate:false;weight:100
2026-08-05 10:37:39.474470Z	info	base	serviceinfo/service_info.go:280	add instance of {namespace: "Polaris", service: "polaris.monitor"}: 11.140.163.44:8081, status: healthy:true;isolate:false;weight:100
2026-08-05 10:37:39.474474Z	info	base	serviceinfo/service_info.go:280	add instance of {namespace: "Polaris", service: "polaris.monitor"}: 21.106.233.118:8081, status: healthy:true;isolate:false;weight:100
2026-08-05 10:37:39.474479Z	info	base	serviceinfo/service_info.go:280	add instance of {namespace: "Polaris", service: "polaris.monitor"}: 9.141.66.15:8081, status: healthy:true;isolate:false;weight:100
2026-08-05 10:37:39.474483Z	info	base	serviceinfo/service_info.go:280	add instance of {namespace: "Polaris", service: "polaris.monitor"}: 21.21.137.201:8081, status: healthy:true;isolate:false;weight:100
2026-08-05 10:37:39.474488Z	info	base	serviceinfo/service_info.go:280	add instance of {namespace: "Polaris", service: "polaris.monitor"}: 9.136.53.240:8081, status: healthy:true;isolate:false;weight:100
2026-08-05 10:37:39.474493Z	info	base	serviceinfo/service_info.go:280	add instance of {namespace: "Polaris", service: "polaris.monitor"}: 9.141.104.192:8081, status: healthy:true;isolate:false;weight:100
2026-08-05 10:37:39.474497Z	info	base	serviceinfo/service_info.go:280	add instance of {namespace: "Polaris", service: "polaris.monitor"}: 9.141.115.70:8081, status: healthy:true;isolate:false;weight:100
2026-08-05 10:37:39.474502Z	info	base	serviceinfo/service_info.go:280	add instance of {namespace: "Polaris", service: "polaris.monitor"}: 11.140.162.189:8081, status: healthy:true;isolate:false;weight:100
2026-08-05 10:37:39.474511Z	info	base	serviceinfo/service_info.go:280	add instance of {namespace: "Polaris", service: "polaris.monitor"}: 9.141.104.162:8081, status: healthy:true;isolate:false;weight:100
2026-08-05 10:37:39.474515Z	info	base	serviceinfo/service_info.go:280	add instance of {namespace: "Polaris", service: "polaris.monitor"}: 11.150.115.69:8081, status: healthy:true;isolate:false;weight:100
2026-08-05 10:37:39.474520Z	info	base	serviceinfo/service_info.go:280	add instance of {namespace: "Polaris", service: "polaris.monitor"}: 9.141.100.46:8081, status: healthy:true;isolate:false;weight:100
2026-08-05 10:37:39.474524Z	info	base	serviceinfo/service_info.go:280	add instance of {namespace: "Polaris", service: "polaris.monitor"}: 9.141.115.129:8081, status: healthy:true;isolate:false;weight:100
2026-08-05 10:37:39.474529Z	info	base	serviceinfo/service_info.go:280	add instance of {namespace: "Polaris", service: "polaris.monitor"}: 21.21.137.211:8081, status: healthy:true;isolate:false;weight:100
2026-08-05 10:37:39.474533Z	info	base	serviceinfo/service_info.go:280	add instance of {namespace: "Polaris", service: "polaris.monitor"}: 21.21.137.194:8081, status: healthy:true;isolate:false;weight:100
2026-08-05 10:37:39.474537Z	info	base	serviceinfo/service_info.go:280	add instance of {namespace: "Polaris", service: "polaris.monitor"}: 9.136.102.110:8081, status: healthy:true;isolate:false;weight:100
2026-08-05 10:37:39.474542Z	info	base	serviceinfo/service_info.go:280	add instance of {namespace: "Polaris", service: "polaris.monitor"}: 9.141.115.42:8081, status: healthy:true;isolate:false;weight:100
2026-08-05 10:37:39.474547Z	info	base	serviceinfo/service_info.go:280	add instance of {namespace: "Polaris", service: "polaris.monitor"}: 11.135.192.99:8081, status: healthy:true;isolate:false;weight:100
2026-08-05 10:37:39.474554Z	info	base	serviceinfo/service_info.go:280	add instance of {namespace: "Polaris", service: "polaris.monitor"}: 9.141.115.142:8081, status: healthy:true;isolate:false;weight:100
2026-08-05 10:37:39.474558Z	info	base	serviceinfo/service_info.go:280	add instance of {namespace: "Polaris", service: "polaris.monitor"}: 11.135.192.173:8081, status: healthy:true;isolate:false;weight:100
2026-08-05 10:37:39.474563Z	info	base	serviceinfo/service_info.go:280	add instance of {namespace: "Polaris", service: "polaris.monitor"}: 11.140.166.19:8081, status: healthy:true;isolate:false;weight:100
2026-08-05 10:37:39.474568Z	info	base	serviceinfo/service_info.go:280	add instance of {namespace: "Polaris", service: "polaris.monitor"}: 9.141.122.230:8081, status: healthy:true;isolate:false;weight:100
2026-08-05 10:37:39.474572Z	info	base	serviceinfo/service_info.go:280	add instance of {namespace: "Polaris", service: "polaris.monitor"}: 9.141.113.136:8081, status: healthy:true;isolate:false;weight:100
2026-08-05 10:37:39.474576Z	info	base	serviceinfo/service_info.go:280	add instance of {namespace: "Polaris", service: "polaris.monitor"}: 9.136.78.14:8081, status: healthy:true;isolate:false;weight:100
2026-08-05 10:37:39.474581Z	info	base	serviceinfo/service_info.go:280	add instance of {namespace: "Polaris", service: "polaris.monitor"}: 11.135.192.251:8081, status: healthy:true;isolate:false;weight:100
2026-08-05 10:37:39.474586Z	info	base	serviceinfo/service_info.go:280	add instance of {namespace: "Polaris", service: "polaris.monitor"}: 11.135.192.48:8081, status: healthy:true;isolate:false;weight:100
2026-08-05 10:37:39.474590Z	info	base	serviceinfo/service_info.go:280	add instance of {namespace: "Polaris", service: "polaris.monitor"}: 11.135.192.63:8081, status: healthy:true;isolate:false;weight:100
2026-08-05 10:37:39.474595Z	info	base	serviceinfo/service_info.go:280	add instance of {namespace: "Polaris", service: "polaris.monitor"}: 30.175.164.146:8081, status: healthy:true;isolate:false;weight:100
2026-08-05 10:37:39.474599Z	info	base	serviceinfo/service_info.go:280	add instance of {namespace: "Polaris", service: "polaris.monitor"}: 11.135.192.105:8081, status: healthy:true;isolate:false;weight:100
2026-08-05 10:37:39.474603Z	info	base	serviceinfo/service_info.go:280	add instance of {namespace: "Polaris", service: "polaris.monitor"}: 11.140.163.199:8081, status: healthy:true;isolate:false;weight:100
2026-08-05 10:37:39.474608Z	info	base	serviceinfo/service_info.go:280	add instance of {namespace: "Polaris", service: "polaris.monitor"}: 9.136.31.230:8081, status: healthy:true;isolate:false;weight:100
2026-08-05 10:37:39.474612Z	info	base	serviceinfo/service_info.go:280	add instance of {namespace: "Polaris", service: "polaris.monitor"}: 11.142.130.64:8081, status: healthy:true;isolate:false;weight:100
2026-08-05 10:37:39.474616Z	info	base	serviceinfo/service_info.go:280	add instance of {namespace: "Polaris", service: "polaris.monitor"}: 9.141.120.39:8081, status: healthy:true;isolate:false;weight:100
2026-08-05 10:37:39.474623Z	info	base	serviceinfo/service_info.go:280	add instance of {namespace: "Polaris", service: "polaris.monitor"}: 9.141.115.31:8081, status: healthy:true;isolate:false;weight:100
2026-08-05 10:37:39.474627Z	info	base	serviceinfo/service_info.go:280	add instance of {namespace: "Polaris", service: "polaris.monitor"}: 11.135.192.217:8081, status: healthy:true;isolate:false;weight:100
2026-08-05 10:37:39.474632Z	info	base	serviceinfo/service_info.go:280	add instance of {namespace: "Polaris", service: "polaris.monitor"}: 11.135.192.140:8081, status: healthy:true;isolate:false;weight:100
2026-08-05 10:37:39.474636Z	info	base	serviceinfo/service_info.go:280	add instance of {namespace: "Polaris", service: "polaris.monitor"}: 11.140.163.251:8081, status: healthy:true;isolate:false;weight:100
2026-08-05 10:37:39.474640Z	info	base	serviceinfo/service_info.go:280	add instance of {namespace: "Polaris", service: "polaris.monitor"}: 11.135.192.133:8081, status: healthy:true;isolate:false;weight:100
2026-08-05 10:37:39.474645Z	info	base	serviceinfo/service_info.go:280	add instance of {namespace: "Polaris", service: "polaris.monitor"}: 11.135.192.106:8081, status: healthy:true;isolate:false;weight:100
2026-08-05 10:37:39.474649Z	info	base	serviceinfo/service_info.go:280	add instance of {namespace: "Polaris", service: "polaris.monitor"}: 9.141.115.201:8081, status: healthy:true;isolate:false;weight:100
2026-08-05 10:37:39.474653Z	info	base	serviceinfo/service_info.go:280	add instance of {namespace: "Polaris", service: "polaris.monitor"}: 11.140.163.160:8081, status: healthy:true;isolate:false;weight:100
2026-08-05 10:37:39.474657Z	info	base	serviceinfo/service_info.go:280	add instance of {namespace: "Polaris", service: "polaris.monitor"}: 9.141.120.34:8081, status: healthy:true;isolate:false;weight:100
2026-08-05 10:37:39.474671Z	info	base	serviceinfo/service_info.go:280	add instance of {namespace: "Polaris", service: "polaris.monitor"}: 30.160.241.131:8081, status: healthy:true;isolate:false;weight:100
2026-08-05 10:37:39.474675Z	info	base	serviceinfo/service_info.go:280	add instance of {namespace: "Polaris", service: "polaris.monitor"}: 9.141.110.41:8081, status: healthy:true;isolate:false;weight:100
2026-08-05 10:37:39.474680Z	info	base	serviceinfo/service_info.go:280	add instance of {namespace: "Polaris", service: "polaris.monitor"}: 11.135.192.215:8081, status: healthy:true;isolate:false;weight:100
2026-08-05 10:37:39.474684Z	info	base	serviceinfo/service_info.go:280	add instance of {namespace: "Polaris", service: "polaris.monitor"}: 30.160.241.142:8081, status: healthy:true;isolate:false;weight:100
2026-08-05 10:37:39.474688Z	info	base	serviceinfo/service_info.go:280	add instance of {namespace: "Polaris", service: "polaris.monitor"}: 9.141.122.221:8081, status: healthy:true;isolate:false;weight:100
2026-08-05 10:37:39.474693Z	info	base	serviceinfo/service_info.go:280	add instance of {namespace: "Polaris", service: "polaris.monitor"}: 21.21.137.242:8081, status: healthy:true;isolate:false;weight:100
2026-08-05 10:37:39.474697Z	info	base	serviceinfo/service_info.go:280	add instance of {namespace: "Polaris", service: "polaris.monitor"}: 11.142.134.99:8081, status: healthy:true;isolate:false;weight:100
2026-08-05 10:37:39.474701Z	info	base	serviceinfo/service_info.go:280	add instance of {namespace: "Polaris", service: "polaris.monitor"}: 9.141.110.31:8081, status: healthy:true;isolate:false;weight:100
2026-08-05 10:37:39.474706Z	info	base	serviceinfo/service_info.go:280	add instance of {namespace: "Polaris", service: "polaris.monitor"}: 21.21.137.227:8081, status: healthy:true;isolate:false;weight:100
2026-08-05 10:37:39.474710Z	info	base	serviceinfo/service_info.go:280	add instance of {namespace: "Polaris", service: "polaris.monitor"}: 9.141.113.29:8081, status: healthy:true;isolate:false;weight:100
2026-08-05 10:37:39.474714Z	info	base	serviceinfo/service_info.go:280	add instance of {namespace: "Polaris", service: "polaris.monitor"}: 21.106.233.80:8081, status: healthy:true;isolate:false;weight:100
2026-08-05 10:37:39.474718Z	info	base	serviceinfo/service_info.go:280	add instance of {namespace: "Polaris", service: "polaris.monitor"}: 11.142.132.163:8081, status: healthy:true;isolate:false;weight:100
2026-08-05 10:37:39.474723Z	info	base	serviceinfo/service_info.go:280	add instance of {namespace: "Polaris", service: "polaris.monitor"}: 9.141.115.173:8081, status: healthy:true;isolate:false;weight:100
2026-08-05 10:37:39.474727Z	info	base	serviceinfo/service_info.go:280	add instance of {namespace: "Polaris", service: "polaris.monitor"}: 11.135.192.186:8081, status: healthy:true;isolate:false;weight:100
2026-08-05 10:37:39.474731Z	info	base	serviceinfo/service_info.go:280	add instance of {namespace: "Polaris", service: "polaris.monitor"}: 11.135.192.191:8081, status: healthy:true;isolate:false;weight:100
2026-08-05 10:37:39.474736Z	info	base	serviceinfo/service_info.go:280	add instance of {namespace: "Polaris", service: "polaris.monitor"}: 9.136.15.144:8081, status: healthy:true;isolate:false;weight:100
2026-08-05 10:37:39.474740Z	info	base	serviceinfo/service_info.go:280	add instance of {namespace: "Polaris", service: "polaris.monitor"}: 30.160.241.219:8081, status: healthy:true;isolate:false;weight:100
2026-08-05 10:37:39.474744Z	info	base	serviceinfo/service_info.go:280	add instance of {namespace: "Polaris", service: "polaris.monitor"}: 11.135.192.233:8081, status: healthy:true;isolate:false;weight:100
2026-08-05 10:37:39.474749Z	info	base	serviceinfo/service_info.go:280	add instance of {namespace: "Polaris", service: "polaris.monitor"}: 11.135.192.245:8081, status: healthy:true;isolate:false;weight:100
2026-08-05 10:37:39.474753Z	info	base	serviceinfo/service_info.go:280	add instance of {namespace: "Polaris", service: "polaris.monitor"}: 9.141.110.19:8081, status: healthy:true;isolate:false;weight:100
2026-08-05 10:37:39.474757Z	info	base	serviceinfo/service_info.go:280	add instance of {namespace: "Polaris", service: "polaris.monitor"}: 9.141.120.58:8081, status: healthy:true;isolate:false;weight:100
2026-08-05 10:37:39.474761Z	info	base	serviceinfo/service_info.go:280	add instance of {namespace: "Polaris", service: "polaris.monitor"}: 9.141.120.25:8081, status: healthy:true;isolate:false;weight:100
2026-08-05 10:37:39.474767Z	info	base	serviceinfo/service_info.go:280	add instance of {namespace: "Polaris", service: "polaris.monitor"}: 21.21.137.197:8081, status: healthy:true;isolate:false;weight:100
2026-08-05 10:37:39.474771Z	info	base	serviceinfo/service_info.go:280	add instance of {namespace: "Polaris", service: "polaris.monitor"}: 9.141.113.140:8081, status: healthy:true;isolate:false;weight:100
2026-08-05 10:37:39.474775Z	info	base	serviceinfo/service_info.go:280	add instance of {namespace: "Polaris", service: "polaris.monitor"}: 11.140.163.213:8081, status: healthy:true;isolate:false;weight:100
2026-08-05 10:37:39.474780Z	info	base	serviceinfo/service_info.go:280	add instance of {namespace: "Polaris", service: "polaris.monitor"}: 11.135.192.235:8081, status: healthy:true;isolate:false;weight:100
2026-08-05 10:37:39.474784Z	info	base	serviceinfo/service_info.go:280	add instance of {namespace: "Polaris", service: "polaris.monitor"}: 9.141.115.5:8081, status: healthy:true;isolate:false;weight:100
2026-08-05 10:37:39.474788Z	info	base	serviceinfo/service_info.go:280	add instance of {namespace: "Polaris", service: "polaris.monitor"}: 9.141.115.63:8081, status: healthy:true;isolate:false;weight:100
2026-08-05 10:37:39.474792Z	info	base	serviceinfo/service_info.go:280	add instance of {namespace: "Polaris", service: "polaris.monitor"}: 9.141.115.72:8081, status: healthy:true;isolate:false;weight:100
2026-08-05 10:37:39.474797Z	info	base	serviceinfo/service_info.go:280	add instance of {namespace: "Polaris", service: "polaris.monitor"}: 9.141.96.247:8081, status: healthy:true;isolate:false;weight:100
2026-08-05 10:37:39.474802Z	info	base	serviceinfo/service_info.go:280	add instance of {namespace: "Polaris", service: "polaris.monitor"}: 21.21.137.222:8081, status: healthy:true;isolate:false;weight:100
2026-08-05 10:37:39.474806Z	info	base	serviceinfo/service_info.go:280	add instance of {namespace: "Polaris", service: "polaris.monitor"}: 30.160.241.87:8081, status: healthy:true;isolate:false;weight:100
2026-08-05 10:37:39.474813Z	info	base	serviceinfo/service_info.go:280	add instance of {namespace: "Polaris", service: "polaris.monitor"}: 9.141.122.12:8081, status: healthy:true;isolate:false;weight:100
2026-08-05 10:37:39.474819Z	info	base	serviceinfo/service_info.go:280	add instance of {namespace: "Polaris", service: "polaris.monitor"}: 21.106.233.70:8081, status: healthy:true;isolate:false;weight:100
2026-08-05 10:37:39.474823Z	info	base	serviceinfo/service_info.go:280	add instance of {namespace: "Polaris", service: "polaris.monitor"}: 21.21.137.235:8081, status: healthy:true;isolate:false;weight:100
2026-08-05 10:37:39.474827Z	info	base	serviceinfo/service_info.go:280	add instance of {namespace: "Polaris", service: "polaris.monitor"}: 9.141.66.96:8081, status: healthy:true;isolate:false;weight:100
2026-08-05 10:37:39.474832Z	info	base	serviceinfo/service_info.go:280	add instance of {namespace: "Polaris", service: "polaris.monitor"}: 9.141.115.10:8081, status: healthy:true;isolate:false;weight:100
2026-08-05 10:37:39.474836Z	info	base	serviceinfo/service_info.go:280	add instance of {namespace: "Polaris", service: "polaris.monitor"}: 11.135.192.130:8081, status: healthy:true;isolate:false;weight:100
2026-08-05 10:37:39.474840Z	info	base	serviceinfo/service_info.go:280	add instance of {namespace: "Polaris", service: "polaris.monitor"}: 9.141.113.119:8081, status: healthy:true;isolate:false;weight:100
2026-08-05 10:37:39.474845Z	info	base	serviceinfo/service_info.go:280	add instance of {namespace: "Polaris", service: "polaris.monitor"}: 21.21.137.218:8081, status: healthy:true;isolate:false;weight:100
2026-08-05 10:37:39.474849Z	info	base	serviceinfo/service_info.go:280	add instance of {namespace: "Polaris", service: "polaris.monitor"}: 11.150.115.185:8081, status: healthy:true;isolate:false;weight:100
2026-08-05 10:37:39.474853Z	info	base	serviceinfo/service_info.go:280	add instance of {namespace: "Polaris", service: "polaris.monitor"}: 11.135.192.185:8081, status: healthy:true;isolate:false;weight:100
2026-08-05 10:37:39.474858Z	info	base	serviceinfo/service_info.go:280	add instance of {namespace: "Polaris", service: "polaris.monitor"}: 21.106.233.55:8081, status: healthy:true;isolate:false;weight:100
2026-08-05 10:37:39.474862Z	info	base	serviceinfo/service_info.go:280	add instance of {namespace: "Polaris", service: "polaris.monitor"}: 9.141.120.40:8081, status: healthy:true;isolate:false;weight:100
2026-08-05 10:37:39.474866Z	info	base	serviceinfo/service_info.go:280	add instance of {namespace: "Polaris", service: "polaris.monitor"}: 11.135.192.146:8081, status: healthy:true;isolate:false;weight:100
2026-08-05 10:37:39.474871Z	info	base	serviceinfo/service_info.go:280	add instance of {namespace: "Polaris", service: "polaris.monitor"}: 21.106.233.106:8081, status: healthy:true;isolate:false;weight:100
2026-08-05 10:37:39.474875Z	info	base	serviceinfo/service_info.go:280	add instance of {namespace: "Polaris", service: "polaris.monitor"}: 9.136.104.103:8081, status: healthy:true;isolate:false;weight:100
2026-08-05 10:37:39.474879Z	info	base	serviceinfo/service_info.go:280	add instance of {namespace: "Polaris", service: "polaris.monitor"}: 9.141.115.20:8081, status: healthy:true;isolate:false;weight:100
2026-08-05 10:37:39.474884Z	info	base	serviceinfo/service_info.go:280	add instance of {namespace: "Polaris", service: "polaris.monitor"}: 9.141.120.236:8081, status: healthy:true;isolate:false;weight:100
2026-08-05 10:37:39.474888Z	info	base	serviceinfo/service_info.go:280	add instance of {namespace: "Polaris", service: "polaris.monitor"}: 11.135.192.183:8081, status: healthy:true;isolate:false;weight:100
2026-08-05 10:37:39.474896Z	info	base	serviceinfo/service_info.go:280	add instance of {namespace: "Polaris", service: "polaris.monitor"}: 9.141.100.35:8081, status: healthy:true;isolate:false;weight:100
2026-08-05 10:37:39.474901Z	info	base	serviceinfo/service_info.go:280	add instance of {namespace: "Polaris", service: "polaris.monitor"}: 11.140.162.28:8081, status: healthy:true;isolate:false;weight:100
2026-08-05 10:37:39.474905Z	info	base	serviceinfo/service_info.go:280	add instance of {namespace: "Polaris", service: "polaris.monitor"}: 30.160.241.93:8081, status: healthy:true;isolate:false;weight:100
2026-08-05 10:37:39.474910Z	info	base	serviceinfo/service_info.go:280	add instance of {namespace: "Polaris", service: "polaris.monitor"}: 21.21.137.251:8081, status: healthy:true;isolate:false;weight:100
2026-08-05 10:37:39.474914Z	info	base	serviceinfo/service_info.go:280	add instance of {namespace: "Polaris", service: "polaris.monitor"}: 21.21.137.221:8081, status: healthy:true;isolate:false;weight:100
2026-08-05 10:37:39.474919Z	info	base	serviceinfo/service_info.go:280	add instance of {namespace: "Polaris", service: "polaris.monitor"}: 9.141.115.126:8081, status: healthy:true;isolate:false;weight:100
2026-08-05 10:37:39.474923Z	info	base	serviceinfo/service_info.go:280	add instance of {namespace: "Polaris", service: "polaris.monitor"}: 30.175.164.155:8081, status: healthy:true;isolate:false;weight:100
2026-08-05 10:37:39.474927Z	info	base	serviceinfo/service_info.go:280	add instance of {namespace: "Polaris", service: "polaris.monitor"}: 21.21.137.203:8081, status: healthy:true;isolate:false;weight:100
2026-08-05 10:37:39.474931Z	info	base	serviceinfo/service_info.go:280	add instance of {namespace: "Polaris", service: "polaris.monitor"}: 11.135.192.90:8081, status: healthy:true;isolate:false;weight:100
2026-08-05 10:37:39.474936Z	info	base	serviceinfo/service_info.go:280	add instance of {namespace: "Polaris", service: "polaris.monitor"}: 11.142.156.139:8081, status: healthy:true;isolate:false;weight:100
2026-08-05 10:37:39.474940Z	info	base	serviceinfo/service_info.go:280	add instance of {namespace: "Polaris", service: "polaris.monitor"}: 11.140.166.215:8081, status: healthy:true;isolate:false;weight:100
2026-08-05 10:37:39.474945Z	info	base	serviceinfo/service_info.go:280	add instance of {namespace: "Polaris", service: "polaris.monitor"}: 21.21.137.250:8081, status: healthy:true;isolate:false;weight:100
2026-08-05 10:37:39.474949Z	info	base	serviceinfo/service_info.go:280	add instance of {namespace: "Polaris", service: "polaris.monitor"}: 11.142.156.160:8081, status: healthy:true;isolate:false;weight:100
2026-08-05 10:37:39.474953Z	info	base	serviceinfo/service_info.go:280	add instance of {namespace: "Polaris", service: "polaris.monitor"}: 21.21.137.223:8081, status: healthy:true;isolate:false;weight:100
2026-08-05 10:37:39.474958Z	info	base	serviceinfo/service_info.go:280	add instance of {namespace: "Polaris", service: "polaris.monitor"}: 9.141.113.131:8081, status: healthy:true;isolate:false;weight:100
2026-08-05 10:37:39.474962Z	info	base	serviceinfo/service_info.go:280	add instance of {namespace: "Polaris", service: "polaris.monitor"}: 9.141.122.116:8081, status: healthy:true;isolate:false;weight:100
2026-08-05 10:37:39.474967Z	info	base	serviceinfo/service_info.go:280	add instance of {namespace: "Polaris", service: "polaris.monitor"}: 9.141.104.250:8081, status: healthy:true;isolate:false;weight:100
2026-08-05 10:37:39.474972Z	info	base	serviceinfo/service_info.go:280	add instance of {namespace: "Polaris", service: "polaris.monitor"}: 11.135.192.119:8081, status: healthy:true;isolate:false;weight:100
2026-08-05 10:37:39.474976Z	info	base	serviceinfo/service_info.go:280	add instance of {namespace: "Polaris", service: "polaris.monitor"}: 9.141.115.48:8081, status: healthy:true;isolate:false;weight:100
2026-08-05 10:37:39.474980Z	info	base	serviceinfo/service_info.go:280	add instance of {namespace: "Polaris", service: "polaris.monitor"}: 11.135.192.47:8081, status: healthy:true;isolate:false;weight:100
2026-08-05 10:37:39.474985Z	info	base	serviceinfo/service_info.go:280	add instance of {namespace: "Polaris", service: "polaris.monitor"}: 9.141.120.50:8081, status: healthy:true;isolate:false;weight:100
2026-08-05 10:37:39.474989Z	info	base	serviceinfo/service_info.go:280	add instance of {namespace: "Polaris", service: "polaris.monitor"}: 21.21.137.246:8081, status: healthy:true;isolate:false;weight:100
2026-08-05 10:37:39.474997Z	info	base	serviceinfo/service_info.go:280	add instance of {namespace: "Polaris", service: "polaris.monitor"}: 9.141.115.127:8081, status: healthy:true;isolate:false;weight:100
2026-08-05 10:37:39.475001Z	info	base	serviceinfo/service_info.go:280	add instance of {namespace: "Polaris", service: "polaris.monitor"}: 9.136.69.245:8081, status: healthy:true;isolate:false;weight:100
2026-08-05 10:37:39.475006Z	info	base	serviceinfo/service_info.go:280	add instance of {namespace: "Polaris", service: "polaris.monitor"}: 11.135.192.61:8081, status: healthy:true;isolate:false;weight:100
2026-08-05 10:37:39.475010Z	info	base	serviceinfo/service_info.go:280	add instance of {namespace: "Polaris", service: "polaris.monitor"}: 11.142.156.231:8081, status: healthy:true;isolate:false;weight:100
2026-08-05 10:37:39.475014Z	info	base	serviceinfo/service_info.go:280	add instance of {namespace: "Polaris", service: "polaris.monitor"}: 11.142.156.167:8081, status: healthy:true;isolate:false;weight:100
2026-08-05 10:37:39.475018Z	info	base	serviceinfo/service_info.go:280	add instance of {namespace: "Polaris", service: "polaris.monitor"}: 9.141.113.252:8081, status: healthy:true;isolate:false;weight:100
2026-08-05 10:37:39.475023Z	info	base	serviceinfo/service_info.go:280	add instance of {namespace: "Polaris", service: "polaris.monitor"}: 11.135.192.229:8081, status: healthy:true;isolate:false;weight:100
2026-08-05 10:37:39.475027Z	info	base	serviceinfo/service_info.go:280	add instance of {namespace: "Polaris", service: "polaris.monitor"}: 21.21.137.205:8081, status: healthy:true;isolate:false;weight:100
2026-08-05 10:37:39.475032Z	info	base	serviceinfo/service_info.go:280	add instance of {namespace: "Polaris", service: "polaris.monitor"}: 11.142.156.228:8081, status: healthy:true;isolate:false;weight:100
2026-08-05 10:37:39.475036Z	info	base	serviceinfo/service_info.go:280	add instance of {namespace: "Polaris", service: "polaris.monitor"}: 11.142.156.175:8081, status: healthy:true;isolate:false;weight:100
2026-08-05 10:37:39.475040Z	info	base	serviceinfo/service_info.go:280	add instance of {namespace: "Polaris", service: "polaris.monitor"}: 21.106.233.111:8081, status: healthy:true;isolate:false;weight:100
2026-08-05 10:37:39.475045Z	info	base	serviceinfo/service_info.go:280	add instance of {namespace: "Polaris", service: "polaris.monitor"}: 21.21.137.234:8081, status: healthy:true;isolate:false;weight:100
2026-08-05 10:37:39.475049Z	info	base	serviceinfo/service_info.go:280	add instance of {namespace: "Polaris", service: "polaris.monitor"}: 9.141.120.37:8081, status: healthy:true;isolate:false;weight:100
2026-08-05 10:37:39.475053Z	info	base	serviceinfo/service_info.go:280	add instance of {namespace: "Polaris", service: "polaris.monitor"}: 11.140.163.242:8081, status: healthy:true;isolate:false;weight:100
2026-08-05 10:37:39.475058Z	info	base	serviceinfo/service_info.go:280	add instance of {namespace: "Polaris", service: "polaris.monitor"}: 9.141.113.203:8081, status: healthy:true;isolate:false;weight:100
2026-08-05 10:37:39.475062Z	info	base	serviceinfo/service_info.go:280	add instance of {namespace: "Polaris", service: "polaris.monitor"}: 9.141.113.100:8081, status: healthy:true;isolate:false;weight:100
2026-08-05 10:37:39.475069Z	info	base	serviceinfo/service_info.go:280	add instance of {namespace: "Polaris", service: "polaris.monitor"}: 11.140.163.106:8081, status: healthy:true;isolate:false;weight:100
2026-08-05 10:37:39.475074Z	info	base	serviceinfo/service_info.go:280	add instance of {namespace: "Polaris", service: "polaris.monitor"}: 21.21.137.239:8081, status: healthy:true;isolate:false;weight:100
2026-08-05 10:37:39.475078Z	info	base	serviceinfo/service_info.go:280	add instance of {namespace: "Polaris", service: "polaris.monitor"}: 21.21.137.236:8081, status: healthy:true;isolate:false;weight:100
2026-08-05 10:37:39.475082Z	info	base	serviceinfo/service_info.go:280	add instance of {namespace: "Polaris", service: "polaris.monitor"}: 30.160.241.158:8081, status: healthy:true;isolate:false;weight:100
2026-08-05 10:37:39.475087Z	info	base	serviceinfo/service_info.go:280	add instance of {namespace: "Polaris", service: "polaris.monitor"}: 11.135.192.60:8081, status: healthy:true;isolate:false;weight:100
2026-08-05 10:37:39.475092Z	info	base	serviceinfo/service_info.go:280	add instance of {namespace: "Polaris", service: "polaris.monitor"}: 9.141.71.77:8081, status: healthy:true;isolate:false;weight:100
2026-08-05 10:37:39.475099Z	info	base	serviceinfo/service_info.go:280	add instance of {namespace: "Polaris", service: "polaris.monitor"}: 21.21.137.206:8081, status: healthy:true;isolate:false;weight:100
2026-08-05 10:37:39.475103Z	info	base	serviceinfo/service_info.go:280	add instance of {namespace: "Polaris", service: "polaris.monitor"}: 11.135.192.150:8081, status: healthy:true;isolate:false;weight:100
2026-08-05 10:37:39.475108Z	info	base	serviceinfo/service_info.go:280	add instance of {namespace: "Polaris", service: "polaris.monitor"}: 21.21.137.253:8081, status: healthy:true;isolate:false;weight:100
2026-08-05 10:37:39.475112Z	info	base	serviceinfo/service_info.go:280	add instance of {namespace: "Polaris", service: "polaris.monitor"}: 30.160.241.63:8081, status: healthy:true;isolate:false;weight:100
2026-08-05 10:37:39.475116Z	info	base	serviceinfo/service_info.go:280	add instance of {namespace: "Polaris", service: "polaris.monitor"}: 21.21.137.245:8081, status: healthy:true;isolate:false;weight:100
2026-08-05 10:37:39.475122Z	info	base	serviceinfo/service_info.go:280	add instance of {namespace: "Polaris", service: "polaris.monitor"}: 9.141.113.103:8081, status: healthy:true;isolate:false;weight:100
2026-08-05 10:37:39.475126Z	info	base	serviceinfo/service_info.go:280	add instance of {namespace: "Polaris", service: "polaris.monitor"}: 11.140.162.202:8081, status: healthy:true;isolate:false;weight:100
2026-08-05 10:37:39.475130Z	info	base	serviceinfo/service_info.go:280	add instance of {namespace: "Polaris", service: "polaris.monitor"}: 21.21.137.229:8081, status: healthy:true;isolate:false;weight:100
2026-08-05 10:37:39.475135Z	info	base	serviceinfo/service_info.go:280	add instance of {namespace: "Polaris", service: "polaris.monitor"}: 9.141.110.23:8081, status: healthy:true;isolate:false;weight:100
2026-08-05 10:37:39.475139Z	info	base	serviceinfo/service_info.go:280	add instance of {namespace: "Polaris", service: "polaris.monitor"}: 11.135.192.83:8081, status: healthy:true;isolate:false;weight:100
2026-08-05 10:37:39.475143Z	info	base	serviceinfo/service_info.go:280	add instance of {namespace: "Polaris", service: "polaris.monitor"}: 9.141.115.188:8081, status: healthy:true;isolate:false;weight:100
2026-08-05 10:37:39.475147Z	info	base	serviceinfo/service_info.go:280	add instance of {namespace: "Polaris", service: "polaris.monitor"}: 11.135.192.102:8081, status: healthy:true;isolate:false;weight:100
2026-08-05 10:37:39.475158Z	info	base	schedule/routines.go:229	item {namespace: "Polaris", service: "polaris.monitor"} in task circuitBreakTask has added
2026-08-05 10:37:39.475191Z	info	base	common/cache_persist.go:183	Start to load cache from /Users/zhengbangli/polaris/backup/svcV2#Polaris#polaris.monitor#routing.json
2026-08-05 10:37:39.475830Z	info	base	inmemory/inmemory.go:1302	load message for {namespace: "Polaris", service: "polaris.monitor", event: routing} from file svcV2#Polaris#polaris.monitor#routing.json, cache file modify time: 2026-08-05 10:37:15.427599 +0800 CST, direct available: true 

2026-08-05 10:37:39.475847Z	info	base	inmemory/inmemory.go:612	37E505AC-1E9B-47CB-BF17-24E5883A828F, start to register event handler for {namespace: "Polaris", service: "polaris.monitor", event: routing}
2026-08-05 10:37:39.475858Z	info	base	common/register.go:53	37E505AC-1E9B-47CB-BF17-24E5883A828F, addTask: start to add first task for {namespace: "Polaris", service: "polaris.monitor", event: routing, initialized: firstTask}
2026-08-05 10:37:39.475869Z	info	base	common/register.go:66	37E505AC-1E9B-47CB-BF17-24E5883A828F, addTask: finish add first task for {namespace: "Polaris", service: "polaris.monitor", event: routing, initialized: firstTask}
2026-08-05 10:37:39.475879Z	info	base	inmemory/inmemory.go:614	37E505AC-1E9B-47CB-BF17-24E5883A828F, finish register event handler for {namespace: "Polaris", service: "polaris.monitor", event: routing}, err <nil>
2026-08-05 10:37:39.475894Z	info	base	common/discover.go:182	receive init task: {namespace: "Polaris", service: "polaris.monitor", event: routing, initialized: firstTask}
2026-08-05 10:37:39.597963Z	info	base	inmemory/model.go:503	37E505AC-1E9B-47CB-BF17-24E5883A828F, OnServiceUpdate: {namespace: "Polaris", service: "polaris.monitor", event: instance}, status: CacheNotChanged, set cacheLoaded to false, oldRevision: ea1cf66673b51382afa91b11f3568d001cd1ae9a, newRevision: ea1cf66673b51382afa91b11f3568d001cd1ae9a
2026-08-05 10:37:39.598198Z	info	base	inmemory/model.go:503	37E505AC-1E9B-47CB-BF17-24E5883A828F, OnServiceUpdate: {namespace: "Polaris", service: "polaris.monitor", event: routing}, status: CacheNotChanged, set cacheLoaded to false, oldRevision: 3a00e45a08dc4b45b5b3dd83110835e9, newRevision: 3a00e45a08dc4b45b5b3dd83110835e9
2026-08-05 10:37:39.638576Z	info	base	network/conn.go:116	release connection: {ID:2498343981,Address:9.136.103.248:8081,Service:{ServiceKey: {namespace: "Polaris", service: "polaris.monitor"}, ClusterType: monitor}}
2026-08-05 10:37:43.459172Z	info	base	common/cache_persist.go:183	Start to load cache from /Users/zhengbangli/polaris/backup/svcV2#Test#lzb_filter_only_router#instance.json
2026-08-05 10:37:43.461074Z	warn	base	pb/service.go:235	service Test:lzb_filter_only_router unmarshal slow start config fail EOF
2026-08-05 10:37:43.461178Z	info	base	inmemory/inmemory.go:1302	load message for {namespace: "Test", service: "lzb_filter_only_router", event: instance} from file svcV2#Test#lzb_filter_only_router#instance.json, cache file modify time: 2026-08-03 20:12:16.67407841 +0800 CST, direct available: false 

2026-08-05 10:37:43.461230Z	info	base	inmemory/inmemory.go:612	37E505AC-1E9B-47CB-BF17-24E5883A828F, start to register event handler for {namespace: "Test", service: "lzb_filter_only_router", event: instance}
2026-08-05 10:37:43.461271Z	info	base	common/register.go:53	37E505AC-1E9B-47CB-BF17-24E5883A828F, addTask: start to add first task for {namespace: "Test", service: "lzb_filter_only_router", event: instance, initialized: firstTask}
2026-08-05 10:37:43.461319Z	info	base	common/register.go:66	37E505AC-1E9B-47CB-BF17-24E5883A828F, addTask: finish add first task for {namespace: "Test", service: "lzb_filter_only_router", event: instance, initialized: firstTask}
2026-08-05 10:37:43.461355Z	info	base	inmemory/inmemory.go:614	37E505AC-1E9B-47CB-BF17-24E5883A828F, finish register event handler for {namespace: "Test", service: "lzb_filter_only_router", event: instance}, err <nil>
2026-08-05 10:37:43.461388Z	info	base	common/discover.go:182	receive init task: {namespace: "Test", service: "lzb_filter_only_router", event: instance, initialized: firstTask}
2026-08-05 10:37:43.461412Z	info	base	serviceinfo/service_info.go:277	service instances of {namespace: "Test", service: "lzb_filter_only_router"} change, oldRevision , newRevision f2f0d4736a9987c416d10a0ab3442a012def26db, oldCount 0, newCount 3
2026-08-05 10:37:43.461549Z	info	base	serviceinfo/service_info.go:280	add instance of {namespace: "Test", service: "lzb_filter_only_router"}: 1.1.1.2:8080, status: healthy:false;isolate:false;weight:100
2026-08-05 10:37:43.461583Z	info	base	serviceinfo/service_info.go:280	add instance of {namespace: "Test", service: "lzb_filter_only_router"}: 1.1.1.3:8080, status: healthy:false;isolate:false;weight:100
2026-08-05 10:37:43.461610Z	info	base	serviceinfo/service_info.go:280	add instance of {namespace: "Test", service: "lzb_filter_only_router"}: 1.1.1.1:8080, status: healthy:false;isolate:false;weight:100
2026-08-05 10:37:43.461644Z	info	base	schedule/routines.go:229	item {namespace: "Test", service: "lzb_filter_only_router"} in task circuitBreakTask has added
2026-08-05 10:37:43.461725Z	info	base	common/cache_persist.go:183	Start to load cache from /Users/zhengbangli/polaris/backup/svcV2#Test#lzb_filter_only_router#routing.json
2026-08-05 10:37:43.462398Z	info	base	inmemory/inmemory.go:1302	load message for {namespace: "Test", service: "lzb_filter_only_router", event: routing} from file svcV2#Test#lzb_filter_only_router#routing.json, cache file modify time: 2026-08-03 20:12:16.673646 +0800 CST, direct available: false 

2026-08-05 10:37:43.462479Z	info	base	inmemory/inmemory.go:612	37E505AC-1E9B-47CB-BF17-24E5883A828F, start to register event handler for {namespace: "Test", service: "lzb_filter_only_router", event: routing}
2026-08-05 10:37:43.462528Z	info	base	common/register.go:53	37E505AC-1E9B-47CB-BF17-24E5883A828F, addTask: start to add first task for {namespace: "Test", service: "lzb_filter_only_router", event: routing, initialized: firstTask}
2026-08-05 10:37:43.462575Z	info	base	common/register.go:66	37E505AC-1E9B-47CB-BF17-24E5883A828F, addTask: finish add first task for {namespace: "Test", service: "lzb_filter_only_router", event: routing, initialized: firstTask}
2026-08-05 10:37:43.462614Z	info	base	inmemory/inmemory.go:614	37E505AC-1E9B-47CB-BF17-24E5883A828F, finish register event handler for {namespace: "Test", service: "lzb_filter_only_router", event: routing}, err <nil>
2026-08-05 10:37:43.462683Z	info	base	common/discover.go:182	receive init task: {namespace: "Test", service: "lzb_filter_only_router", event: routing, initialized: firstTask}
2026-08-05 10:37:43.482228Z	info	base	inmemory/model.go:465	37E505AC-1E9B-47CB-BF17-24E5883A828F, OnServiceUpdate: {namespace: "Test", service: "lzb_filter_only_router", event: instance}, status: CacheChanged, pending to update, oldRevision: f2f0d4736a9987c416d10a0ab3442a012def26db, newRevision: 30ad66f240f119ed7a9798f60ef3bf634437bae6
2026-08-05 10:37:43.482371Z	warn	base	pb/service.go:235	service Test:lzb_filter_only_router unmarshal slow start config fail EOF
2026-08-05 10:37:43.482426Z	info	base	inmemory/model.go:696	CacheObject: value for {namespace: "Test", service: "lzb_filter_only_router", event: instance} is updated, revision 30ad66f240f119ed7a9798f60ef3bf634437bae6
2026-08-05 10:37:43.482475Z	info	base	serviceinfo/service_info.go:277	service instances of {namespace: "Test", service: "lzb_filter_only_router"} change, oldRevision f2f0d4736a9987c416d10a0ab3442a012def26db, newRevision 30ad66f240f119ed7a9798f60ef3bf634437bae6, oldCount 3, newCount 3
2026-08-05 10:37:43.482659Z	info	base	inmemory/model.go:503	37E505AC-1E9B-47CB-BF17-24E5883A828F, OnServiceUpdate: {namespace: "Test", service: "lzb_filter_only_router", event: routing}, status: CacheNotChanged, set cacheLoaded to false, oldRevision: , newRevision: 
2026-08-05 10:37:43.482887Z	info	base	serviceinfo/recoverall.go:80	cluster {ComposeMetaKeysNeed: , ComposeMetaKeyNoNeed: , ComposeMetaNeedToMatch: , ComposeMetaNeedToDisMatch: , Location: , PluginKey: } of service {namespace: "Test", service: "lzb_filter_only_router"} recover all starts, allInstances: {count: 3, AllWeight: 300, weightedIndexes: [{0 100} {1 200} {2 300}]}, selectableInstances: {count: 3, AllWeight: 300, weightedIndexes: [{0 100} {1 200} {2 300}]}, availableInstances: {count: 0, AllWeight: 0, weightedIndexes: []}, healthyInstances: {count: 0, AllWeight: 0, weightedIndexes: []}
2026-08-05 10:37:43.483162Z	info	base	schedule/routines.go:84	task quota-metric has been destroy
2026-08-05 10:37:43.483215Z	info	base	schedule/routines.go:84	task circuitBreakTask has been destroy
2026-08-05 10:37:43.483269Z	info	base	schedule/routines.go:84	task clientReportTask has been destroy
2026-08-05 10:37:43.483305Z	info	base	schedule/routines.go:84	task sdkConfigReportTask has been destroy
2026-08-05 10:37:43.483340Z	info	base	schedule/routines.go:143	task circuitBreakTask has done
2026-08-05 10:37:43.483434Z	info	base	monitor/stat_monitor.go:248	uploadStat of statReporter stat_monitor has been terminated
