2026-08-06 16:22:52.440328Z	warn	base	config/default.go:413	no IP or interface name configured
2026-08-06 16:22:52.441278Z	info	base	api/config.go:293	global clock started
2026-08-06 16:22:52.441604Z	warn	base	config/default.go:413	no IP or interface name configured
2026-08-06 16:22:52.441635Z	info	base	api/config.go:321	
-------Start to init SDKContext of version 2.6.10, IP: , PID: 74238, UID: D134B2BA-6675-48A8-95E4-F0BC92ACC0CA, CONTAINER: , HOSTNAME:-------
2026-08-06 16:22:52.442034Z	info	base	grpc/operation_async.go:100	set grpc plugin as connectionCreator
2026-08-06 16:22:52.442301Z	info	base	plugin/manage.go:241	Initialized plugin type serverConnector, name grpc, id 30
2026-08-06 16:22:52.442633Z	info	base	plugin/manage.go:241	Initialized plugin type serviceRouter, name nearbyBasedRouter, id 9
2026-08-06 16:22:52.442919Z	info	base	plugin/manage.go:241	Initialized plugin type serviceRouter, name ruleBasedRouter, id 10
2026-08-06 16:22:52.442935Z	info	base	plugin/manage.go:241	Initialized plugin type serviceRouter, name setDivisionRouter, id 11
2026-08-06 16:22:52.442945Z	info	base	plugin/manage.go:241	Initialized plugin type serviceRouter, name canaryRouter, id 6
2026-08-06 16:22:52.442953Z	info	base	plugin/manage.go:241	Initialized plugin type serviceRouter, name dstMetaRouter, id 7
2026-08-06 16:22:52.442960Z	info	base	plugin/manage.go:241	Initialized plugin type serviceRouter, name filterOnlyRouter, id 8
2026-08-06 16:22:52.442967Z	info	base	plugin/manage.go:241	Initialized plugin type loadBalancer, name ringHash, id 20
2026-08-06 16:22:52.443193Z	info	base	plugin/manage.go:241	Initialized plugin type loadBalancer, name weightedRandom, id 21
2026-08-06 16:22:52.443462Z	info	base	plugin/manage.go:241	Initialized plugin type loadBalancer, name dynamicWeightedRandom, id 15
2026-08-06 16:22:52.443472Z	info	base	plugin/manage.go:241	Initialized plugin type loadBalancer, name hash, id 16
2026-08-06 16:22:52.443479Z	info	base	plugin/manage.go:241	Initialized plugin type loadBalancer, name maglev, id 17
2026-08-06 16:22:52.443485Z	info	base	plugin/manage.go:241	Initialized plugin type loadBalancer, name cMurmurHash, id 18
2026-08-06 16:22:52.443492Z	info	base	plugin/manage.go:241	Initialized plugin type loadBalancer, name l5cst, id 19
2026-08-06 16:22:52.443499Z	info	base	plugin/manage.go:241	Initialized plugin type outlierDetector, name http, id 2
2026-08-06 16:22:52.443505Z	info	base	plugin/manage.go:241	Initialized plugin type outlierDetector, name tcp, id 3
2026-08-06 16:22:52.443511Z	info	base	plugin/manage.go:241	Initialized plugin type outlierDetector, name udp, id 4
2026-08-06 16:22:52.443517Z	info	base	plugin/manage.go:241	Initialized plugin type circuitBreaker, name errorCheck, id 12
2026-08-06 16:22:52.443524Z	info	base	plugin/manage.go:241	Initialized plugin type circuitBreaker, name errorCount, id 13
2026-08-06 16:22:52.443531Z	info	base	plugin/manage.go:241	Initialized plugin type circuitBreaker, name errorRate, id 14
2026-08-06 16:22:52.443537Z	info	base	plugin/manage.go:241	Initialized plugin type weightAdjuster, name slowStart, id 24
2026-08-06 16:22:52.445080Z	info	base	plugin/manage.go:241	Initialized plugin type statReporter, name stat2Monitor, id 25
2026-08-06 16:22:52.445093Z	info	base	plugin/manage.go:241	Initialized plugin type statReporter, name rateLimitRecord, id 26
2026-08-06 16:22:52.445103Z	info	base	plugin/manage.go:241	Initialized plugin type statReporter, name serviceCache, id 27
2026-08-06 16:22:52.445110Z	info	base	plugin/manage.go:241	Initialized plugin type statReporter, name serviceRoute, id 28
2026-08-06 16:22:52.445115Z	info	base	plugin/manage.go:241	Initialized plugin type alarmReporter, name alarm2file, id 1
2026-08-06 16:22:52.445123Z	info	base	inmemory/inmemory.go:191	LocalCache Real persistDir:/Users/zhengbangli/polaris/backup
2026-08-06 16:22:52.445659Z	info	base	plugin/manage.go:241	Initialized plugin type localRegistry, name inmemory, id 29
2026-08-06 16:22:52.445681Z	info	base	plugin/manage.go:241	Initialized plugin type rateLimiter, name reject, id 5
2026-08-06 16:22:52.445691Z	info	base	plugin/manage.go:241	Initialized plugin type rateLimiter, name unirate, id 22
2026-08-06 16:22:52.445703Z	info	base	plugin/manage.go:241	Initialized plugin type subScribe, name subscribeLocalChannel, id 23
2026-08-06 16:22:52.447056Z	info	base	api/config.go:348	
D134B2BA-6675-48A8-95E4-F0BC92ACC0CA, -------Configuration with default value-------
global:
  system:
    mode: 0
    discoverCluster:
      namespace: Polaris
      service: polaris.discover
      refreshInterval: 10m0s
    healthCheckCluster:
      namespace: Polaris
      service: polaris.healthcheck
      refreshInterval: 10m0s
    monitorCluster:
      namespace: Polaris
      service: polaris.monitor
      refreshInterval: 10m0s
    rateLimitCluster: null
    metricCluster: null
    dynamicWeightCluster:
      namespace: Polaris
      service: polaris.dynamic.weight
      refreshInterval: 10m0s
    variables: {}
    apiVersion: v2
  api:
    timeout: 1s
    bindIf: ""
    bindIP: ""
    reportInterval: 10m0s
    maxRetryTimes: 1
    retryInterval: 1s
    location:
      region: 华南
      zone: 深圳
      campus: 深圳一区
      enableUpdate: false
  serverConnector:
    addresses: []
    backupAddresses: []
    protocol: grpc
    connectTimeout: 500ms
    messageTimeout: 1.5s
    watchTimeout: 1m0s
    connectionIdleTimeout: 5s
    requestQueueSize: 1000
    serverSwitchInterval: 10m0s
    reconnectInterval: 500ms
    apiVersion: v2
    joinPoint: ""
    plugin:
      grpc:
        maxCallRecvMsgSize: 52428800
  statReporter:
    enable: true
    chain:
    - stat2Monitor
    - serviceCache
    - rateLimitRecord
    - serviceRoute
    plugin:
      rateLimitRecord:
        reportInterval: 1m0s
      serviceCache:
        reportInterval: 3m0s
      serviceRoute:
        reportInterval: 5m0s
      stat2Monitor:
        metricsReportWindow: 1m0s
        metricsNumBuckets: 12
  authority:
    appId: ""
    appToken: ""
  dataExpiredCheck:
    syncRetryTimes: 5
consumer:
  localCache:
    serviceExpireTime: 24h0m0s
    serviceRefreshInterval: 2s
    persistDir: $HOME/polaris/backup
    enablePersistence: null
    type: inmemory
    persistMaxWriteRetry: 5
    persistMaxReadRetry: 1
    persistRetryInterval: 1s
    persistAvailableInterval: 2m0s
    upgradeWaitTime: 2s
    startUseFileCache: true
    pushEmptyProtection: false
    plugin: {}
  serviceRouter:
    chain:
    - ruleBasedRouter
    - nearbyBasedRouter
    plugin:
      nearbyBasedRouter:
        matchLevel: zone
        maxMatchLevel: ""
        strictNearby: false
        enableDegradeByUnhealthyPercent: true
        unhealthyPercentToDegrade: 40
    percentOfMinInstances: 0
    disableRouteSourceContinue: false
    enableRecoverAll: true
  loadbalancer:
    type: weightedRandom
    plugin:
      hash:
        hashFunction: murmur3
      maglev:
        hashFunction: murmur3
        tableSize: 65537
      ringHash:
        hashFunction: murmur3
        vnodeCount: 10
  circuitBreaker:
    enable: true
    checkPeriod: 2s
    chain:
    - errorCount
    - errorRate
    - errorCheck
    sleepWindow: 30s
    maxSleepWindow: 30s
    expansionFactor: 2
    requestCountAfterHalfOpen: 10
    successCountAfterHalfOpen: 8
    recoverWindow: 1m0s
    recoverNumBuckets: 10
    plugin:
      errorCount:
        continuousErrorThreshold: 10
        metricStatTimeWindow: 1m0s
        metricNumBuckets: 10
      errorRate:
        requestVolumeThreshold: 10
        errorRatePercent: 50
        errorRateThreshold: 0
        metricStatTimeWindow: 1m0s
        metricNumBuckets: 5
  healthCheck:
    interval: 10s
    chain: []
    plugin:
      http:
        timeout: 100ms
        path: ""
      tcp:
        timeout: 100ms
        retry: 0
        send: ""
        receive: ""
      udp:
        timeout: 100ms
        retry: 0
        send: ""
        receive: ""
    when: never
    concurrency: 0
  weightAdjuster:
    chain:
    - slowStart
    plugin: {}
  subscribe:
    type: subscribeLocalChannel
    plugin:
      subscribeLocalChannel:
        channelBufferSize: 30
  servicesSpecific:
  - namespace: Polaris
    service: polaris.discover
    serviceRouter:
      chain:
      - dstMetaRouter
      - nearbyBasedRouter
      plugin:
        nearbyBasedRouter:
          matchLevel: region
          maxMatchLevel: ""
          strictNearby: false
          enableDegradeByUnhealthyPercent: true
          unhealthyPercentToDegrade: 100
      percentOfMinInstances: 0
      disableRouteSourceContinue: false
      enableRecoverAll: true
    circuitBreaker:
      enable: true
      checkPeriod: 2s
      chain:
      - errorCount
      - errorRate
      - errorCheck
      sleepWindow: 30s
      maxSleepWindow: 30s
      expansionFactor: 2
      requestCountAfterHalfOpen: 10
      successCountAfterHalfOpen: 8
      recoverWindow: 1m0s
      recoverNumBuckets: 10
      plugin:
        errorCount:
          continuousErrorThreshold: 1
          metricStatTimeWindow: 1m0s
          metricNumBuckets: 10
        errorRate:
          requestVolumeThreshold: 10
          errorRatePercent: 50
          errorRateThreshold: 0
          metricStatTimeWindow: 1m0s
          metricNumBuckets: 5
    healthCheck:
      interval: 10s
      chain: []
      plugin:
        http:
          timeout: 100ms
          path: ""
        tcp:
          timeout: 100ms
          retry: 0
          send: ""
          receive: ""
        udp:
          timeout: 100ms
          retry: 0
          send: ""
          receive: ""
      when: never
      concurrency: 0
  - namespace: Polaris
    service: polaris.healthcheck
    serviceRouter:
      chain:
      - dstMetaRouter
      - nearbyBasedRouter
      plugin:
        nearbyBasedRouter:
          matchLevel: region
          maxMatchLevel: ""
          strictNearby: false
          enableDegradeByUnhealthyPercent: true
          unhealthyPercentToDegrade: 100
      percentOfMinInstances: 0
      disableRouteSourceContinue: false
      enableRecoverAll: true
    circuitBreaker:
      enable: true
      checkPeriod: 2s
      chain:
      - errorCount
      - errorRate
      - errorCheck
      sleepWindow: 30s
      maxSleepWindow: 30s
      expansionFactor: 2
      requestCountAfterHalfOpen: 10
      successCountAfterHalfOpen: 8
      recoverWindow: 1m0s
      recoverNumBuckets: 10
      plugin:
        errorCount:
          continuousErrorThreshold: 1
          metricStatTimeWindow: 1m0s
          metricNumBuckets: 10
        errorRate:
          requestVolumeThreshold: 10
          errorRatePercent: 50
          errorRateThreshold: 0
          metricStatTimeWindow: 1m0s
          metricNumBuckets: 5
    healthCheck:
      interval: 10s
      chain: []
      plugin:
        http:
          timeout: 100ms
          path: ""
        tcp:
          timeout: 100ms
          retry: 0
          send: ""
          receive: ""
        udp:
          timeout: 100ms
          retry: 0
          send: ""
          receive: ""
      when: never
      concurrency: 0
  - namespace: Polaris
    service: polaris.monitor
    serviceRouter:
      chain:
      - dstMetaRouter
      - nearbyBasedRouter
      plugin:
        nearbyBasedRouter:
          matchLevel: region
          maxMatchLevel: ""
          strictNearby: false
          enableDegradeByUnhealthyPercent: true
          unhealthyPercentToDegrade: 100
      percentOfMinInstances: 0
      disableRouteSourceContinue: false
      enableRecoverAll: true
    circuitBreaker:
      enable: true
      checkPeriod: 2s
      chain:
      - errorCount
      - errorRate
      - errorCheck
      sleepWindow: 30s
      maxSleepWindow: 30s
      expansionFactor: 2
      requestCountAfterHalfOpen: 10
      successCountAfterHalfOpen: 8
      recoverWindow: 1m0s
      recoverNumBuckets: 10
      plugin:
        errorCount:
          continuousErrorThreshold: 1
          metricStatTimeWindow: 1m0s
          metricNumBuckets: 10
        errorRate:
          requestVolumeThreshold: 10
          errorRatePercent: 50
          errorRateThreshold: 0
          metricStatTimeWindow: 1m0s
          metricNumBuckets: 5
    healthCheck:
      interval: 10s
      chain: []
      plugin:
        http:
          timeout: 100ms
          path: ""
        tcp:
          timeout: 100ms
          retry: 0
          send: ""
          receive: ""
        udp:
          timeout: 100ms
          retry: 0
          send: ""
          receive: ""
      when: never
      concurrency: 0
  - namespace: Polaris
    service: polaris.dynamic.weight
    serviceRouter:
      chain:
      - dstMetaRouter
      - nearbyBasedRouter
      plugin:
        nearbyBasedRouter:
          matchLevel: region
          maxMatchLevel: ""
          strictNearby: false
          enableDegradeByUnhealthyPercent: true
          unhealthyPercentToDegrade: 100
      percentOfMinInstances: 0
      disableRouteSourceContinue: false
      enableRecoverAll: true
    circuitBreaker:
      enable: true
      checkPeriod: 2s
      chain:
      - errorCount
      - errorRate
      - errorCheck
      sleepWindow: 30s
      maxSleepWindow: 30s
      expansionFactor: 2
      requestCountAfterHalfOpen: 10
      successCountAfterHalfOpen: 8
      recoverWindow: 1m0s
      recoverNumBuckets: 10
      plugin:
        errorCount:
          continuousErrorThreshold: 1
          metricStatTimeWindow: 1m0s
          metricNumBuckets: 10
        errorRate:
          requestVolumeThreshold: 10
          errorRatePercent: 50
          errorRateThreshold: 0
          metricStatTimeWindow: 1m0s
          metricNumBuckets: 5
    healthCheck:
      interval: 10s
      chain: []
      plugin:
        http:
          timeout: 100ms
          path: ""
        tcp:
          timeout: 100ms
          retry: 0
          send: ""
          receive: ""
        udp:
          timeout: 100ms
          retry: 0
          send: ""
          receive: ""
      when: never
      concurrency: 0
provider:
  rateLimit:
    enable: true
    plugin:
      unirate:
        maxQueuingTime: 1s
    mode: "\x01"
    rateLimitCluster:
      namespace: ""
      service: ""
      refreshInterval: 10m0s
    maxWindowSize: 20000
    purgeInterval: 1m0s
    expireFactor: 10s
    degradeWithTotalToken: false
    timeZone: ""

2026-08-06 16:22:52.447089Z	info	base	api/config.go:353	
-------D134B2BA-6675-48A8-95E4-F0BC92ACC0CA, All plugins and engine initialized successfully-------
2026-08-06 16:22:52.447250Z	info	base	schedule/routines.go:229	item sdkConfigReportTask in task sdkConfigReportTask has added
2026-08-06 16:22:52.447366Z	info	base	network/impl.go:373	connectionManager start updateDiscover
2026-08-06 16:22:52.447346Z	info	base	schedule/routines.go:116	task sdkConfigReportTask started period 2m30s
2026-08-06 16:22:52.447403Z	info	base	schedule/routines.go:280	task sdkConfigReportTask has been started
2026-08-06 16:22:52.447408Z	info	base	api/config.go:363	
-------D134B2BA-6675-48A8-95E4-F0BC92ACC0CA, All plugins and engine started successfully-------
2026-08-06 16:22:52.447417Z	info	base	api/config.go:371	
-------D134B2BA-6675-48A8-95E4-F0BC92ACC0CA, SDKContext init successfully-------
2026-08-06 16:22:52.447575Z	error	base	common/cache_persist.go:131	fail to load cache from file svcV2#Polaris#polaris.discover#instance.json, svcKey: {namespace: "Polaris", service: "polaris.discover", event: instance}, error is Fail to Stat the cache file name /Users/zhengbangli/polaris/backup/svcV2#Polaris#polaris.discover#instance.json:  stat /Users/zhengbangli/polaris/backup/svcV2#Polaris#polaris.discover#instance.json: no such file or directory
2026-08-06 16:22:52.447901Z	info	base	common/cache_persist.go:183	Start to load cache from /Users/zhengbangli/polaris/backup/svc#Polaris#polaris.discover#instance.json
2026-08-06 16:22:52.458586Z	info	base	pb/service.go:201	service Polaris::polaris.discover nearby enabled
2026-08-06 16:22:52.458829Z	warn	base	pb/service.go:235	service Polaris:polaris.discover unmarshal slow start config fail EOF
2026-08-06 16:22:52.458862Z	info	base	inmemory/inmemory.go:1302	load message for {namespace: "Polaris", service: "polaris.discover", event: instance} from file svc#Polaris#polaris.discover#instance.json, cache file modify time: 2026-08-05 10:37:38.657651 +0800 CST, direct available: false 

2026-08-06 16:22:52.458883Z	info	base	inmemory/inmemory.go:612	D134B2BA-6675-48A8-95E4-F0BC92ACC0CA, start to register event handler for {namespace: "Polaris", service: "polaris.discover", event: instance}
2026-08-06 16:22:52.458906Z	info	base	common/register.go:53	D134B2BA-6675-48A8-95E4-F0BC92ACC0CA, addTask: start to add first task for {namespace: "Polaris", service: "polaris.discover", event: instance, initialized: firstTask}
2026-08-06 16:22:52.458915Z	info	base	common/register.go:66	D134B2BA-6675-48A8-95E4-F0BC92ACC0CA, addTask: finish add first task for {namespace: "Polaris", service: "polaris.discover", event: instance, initialized: firstTask}
2026-08-06 16:22:52.458921Z	info	base	inmemory/inmemory.go:614	D134B2BA-6675-48A8-95E4-F0BC92ACC0CA, finish register event handler for {namespace: "Polaris", service: "polaris.discover", event: instance}, err <nil>
2026-08-06 16:22:52.458961Z	info	base	serviceinfo/service_info.go:277	service instances of {namespace: "Polaris", service: "polaris.discover"} change, oldRevision , newRevision 00cd6960b47909b72d1c2d5476cef510091cdd37, oldCount 0, newCount 252
2026-08-06 16:22:52.458967Z	info	base	serviceinfo/service_info.go:280	add instance of {namespace: "Polaris", service: "polaris.discover"}: 11.143.46.238:8080, status: healthy:true;isolate:false;weight:100
2026-08-06 16:22:52.458971Z	info	base	serviceinfo/service_info.go:280	add instance of {namespace: "Polaris", service: "polaris.discover"}: 9.141.120.2:8091, status: healthy:true;isolate:false;weight:100
2026-08-06 16:22:52.458974Z	info	base	serviceinfo/service_info.go:280	add instance of {namespace: "Polaris", service: "polaris.discover"}: 30.163.61.135:8080, status: healthy:true;isolate:false;weight:100
2026-08-06 16:22:52.458978Z	info	base	serviceinfo/service_info.go:280	add instance of {namespace: "Polaris", service: "polaris.discover"}: 30.160.241.139:8080, status: healthy:true;isolate:false;weight:100
2026-08-06 16:22:52.458981Z	info	base	serviceinfo/service_info.go:280	add instance of {namespace: "Polaris", service: "polaris.discover"}: 11.143.46.177:8091, status: healthy:true;isolate:false;weight:100
2026-08-06 16:22:52.458984Z	info	base	serviceinfo/service_info.go:280	add instance of {namespace: "Polaris", service: "polaris.discover"}: 9.141.120.169:8091, status: healthy:true;isolate:false;weight:100
2026-08-06 16:22:52.458987Z	info	base	serviceinfo/service_info.go:280	add instance of {namespace: "Polaris", service: "polaris.discover"}: 30.163.241.12:8080, status: healthy:true;isolate:false;weight:100
2026-08-06 16:22:52.458990Z	info	base	serviceinfo/service_info.go:280	add instance of {namespace: "Polaris", service: "polaris.discover"}: 9.141.112.55:8080, status: healthy:true;isolate:false;weight:100
2026-08-06 16:22:52.458993Z	info	base	serviceinfo/service_info.go:280	add instance of {namespace: "Polaris", service: "polaris.discover"}: 11.143.52.61:8081, status: healthy:true;isolate:false;weight:100
2026-08-06 16:22:52.458995Z	info	base	serviceinfo/service_info.go:280	add instance of {namespace: "Polaris", service: "polaris.discover"}: 30.163.241.65:8091, status: healthy:true;isolate:false;weight:100
2026-08-06 16:22:52.458998Z	info	base	serviceinfo/service_info.go:280	add instance of {namespace: "Polaris", service: "polaris.discover"}: 9.141.115.145:8091, status: healthy:true;isolate:false;weight:100
2026-08-06 16:22:52.459002Z	info	base	serviceinfo/service_info.go:280	add instance of {namespace: "Polaris", service: "polaris.discover"}: 11.140.162.11:8081, status: healthy:true;isolate:false;weight:100
2026-08-06 16:22:52.459005Z	info	base	serviceinfo/service_info.go:280	add instance of {namespace: "Polaris", service: "polaris.discover"}: 11.143.52.113:8080, status: healthy:true;isolate:false;weight:100
2026-08-06 16:22:52.459008Z	info	base	serviceinfo/service_info.go:280	add instance of {namespace: "Polaris", service: "polaris.discover"}: 9.141.115.113:8081, status: healthy:true;isolate:false;weight:100
2026-08-06 16:22:52.459011Z	info	base	serviceinfo/service_info.go:280	add instance of {namespace: "Polaris", service: "polaris.discover"}: 30.163.76.175:8080, status: healthy:true;isolate:false;weight:100
2026-08-06 16:22:52.459018Z	info	base	serviceinfo/service_info.go:280	add instance of {namespace: "Polaris", service: "polaris.discover"}: 11.143.46.186:8080, status: healthy:true;isolate:false;weight:100
2026-08-06 16:22:52.459021Z	info	base	serviceinfo/service_info.go:280	add instance of {namespace: "Polaris", service: "polaris.discover"}: 9.141.120.192:8081, status: healthy:true;isolate:false;weight:100
2026-08-06 16:22:52.459024Z	info	base	serviceinfo/service_info.go:280	add instance of {namespace: "Polaris", service: "polaris.discover"}: 30.163.76.200:8091, status: healthy:true;isolate:false;weight:100
2026-08-06 16:22:52.459027Z	info	base	serviceinfo/service_info.go:280	add instance of {namespace: "Polaris", service: "polaris.discover"}: 11.143.46.217:8081, status: healthy:true;isolate:false;weight:100
2026-08-06 16:22:52.459030Z	info	base	serviceinfo/service_info.go:280	add instance of {namespace: "Polaris", service: "polaris.discover"}: 11.140.162.82:8091, status: healthy:true;isolate:false;weight:100
2026-08-06 16:22:52.459033Z	info	base	serviceinfo/service_info.go:280	add instance of {namespace: "Polaris", service: "polaris.discover"}: 30.163.241.36:8081, status: healthy:true;isolate:false;weight:100
2026-08-06 16:22:52.459036Z	info	base	serviceinfo/service_info.go:280	add instance of {namespace: "Polaris", service: "polaris.discover"}: 11.143.46.139:8081, status: healthy:true;isolate:false;weight:100
2026-08-06 16:22:52.459039Z	info	base	serviceinfo/service_info.go:280	add instance of {namespace: "Polaris", service: "polaris.discover"}: 30.163.241.93:8080, status: healthy:true;isolate:false;weight:100
2026-08-06 16:22:52.459041Z	info	base	serviceinfo/service_info.go:280	add instance of {namespace: "Polaris", service: "polaris.discover"}: 11.143.52.33:8080, status: healthy:true;isolate:false;weight:100
2026-08-06 16:22:52.459045Z	info	base	serviceinfo/service_info.go:280	add instance of {namespace: "Polaris", service: "polaris.discover"}: 9.141.112.101:8081, status: healthy:true;isolate:false;weight:100
2026-08-06 16:22:52.459049Z	info	base	serviceinfo/service_info.go:280	add instance of {namespace: "Polaris", service: "polaris.discover"}: 11.143.41.233:8081, status: healthy:true;isolate:false;weight:100
2026-08-06 16:22:52.459053Z	info	base	serviceinfo/service_info.go:280	add instance of {namespace: "Polaris", service: "polaris.discover"}: 11.143.52.137:8081, status: healthy:true;isolate:false;weight:100
2026-08-06 16:22:52.459056Z	info	base	serviceinfo/service_info.go:280	add instance of {namespace: "Polaris", service: "polaris.discover"}: 11.143.52.46:8081, status: healthy:true;isolate:false;weight:100
2026-08-06 16:22:52.459059Z	info	base	serviceinfo/service_info.go:280	add instance of {namespace: "Polaris", service: "polaris.discover"}: 11.143.52.33:8091, status: healthy:true;isolate:false;weight:100
2026-08-06 16:22:52.459062Z	info	base	serviceinfo/service_info.go:280	add instance of {namespace: "Polaris", service: "polaris.discover"}: 11.140.162.241:8091, status: healthy:true;isolate:false;weight:100
2026-08-06 16:22:52.459065Z	info	base	serviceinfo/service_info.go:280	add instance of {namespace: "Polaris", service: "polaris.discover"}: 30.163.241.78:8091, status: healthy:true;isolate:false;weight:100
2026-08-06 16:22:52.459068Z	info	base	serviceinfo/service_info.go:280	add instance of {namespace: "Polaris", service: "polaris.discover"}: 30.163.241.46:8081, status: healthy:true;isolate:false;weight:100
2026-08-06 16:22:52.459070Z	info	base	serviceinfo/service_info.go:280	add instance of {namespace: "Polaris", service: "polaris.discover"}: 11.143.46.237:8081, status: healthy:true;isolate:false;weight:100
2026-08-06 16:22:52.459073Z	info	base	serviceinfo/service_info.go:280	add instance of {namespace: "Polaris", service: "polaris.discover"}: 11.181.42.102:8080, status: healthy:true;isolate:false;weight:100
2026-08-06 16:22:52.459076Z	info	base	serviceinfo/service_info.go:280	add instance of {namespace: "Polaris", service: "polaris.discover"}: 30.163.76.175:8091, status: healthy:true;isolate:false;weight:100
2026-08-06 16:22:52.459102Z	info	base	serviceinfo/service_info.go:280	add instance of {namespace: "Polaris", service: "polaris.discover"}: 9.141.112.228:8081, status: healthy:true;isolate:false;weight:100
2026-08-06 16:22:52.459109Z	info	base	serviceinfo/service_info.go:280	add instance of {namespace: "Polaris", service: "polaris.discover"}: 11.143.46.177:8080, status: healthy:true;isolate:false;weight:100
2026-08-06 16:22:52.459113Z	info	base	serviceinfo/service_info.go:280	add instance of {namespace: "Polaris", service: "polaris.discover"}: 9.141.100.40:8091, status: healthy:true;isolate:false;weight:100
2026-08-06 16:22:52.459117Z	info	base	serviceinfo/service_info.go:280	add instance of {namespace: "Polaris", service: "polaris.discover"}: 11.146.16.15:8091, status: healthy:true;isolate:false;weight:100
2026-08-06 16:22:52.459120Z	info	base	serviceinfo/service_info.go:280	add instance of {namespace: "Polaris", service: "polaris.discover"}: 9.141.112.55:8091, status: healthy:true;isolate:false;weight:100
2026-08-06 16:22:52.459124Z	info	base	serviceinfo/service_info.go:280	add instance of {namespace: "Polaris", service: "polaris.discover"}: 11.146.16.180:8081, status: healthy:true;isolate:false;weight:100
2026-08-06 16:22:52.459127Z	info	base	serviceinfo/service_info.go:280	add instance of {namespace: "Polaris", service: "polaris.discover"}: 30.163.61.135:8081, status: healthy:true;isolate:false;weight:100
2026-08-06 16:22:52.459130Z	info	base	serviceinfo/service_info.go:280	add instance of {namespace: "Polaris", service: "polaris.discover"}: 11.143.46.238:8081, status: healthy:true;isolate:false;weight:100
2026-08-06 16:22:52.459133Z	info	base	serviceinfo/service_info.go:280	add instance of {namespace: "Polaris", service: "polaris.discover"}: 9.141.66.92:8081, status: healthy:true;isolate:false;weight:100
2026-08-06 16:22:52.459137Z	info	base	serviceinfo/service_info.go:280	add instance of {namespace: "Polaris", service: "polaris.discover"}: 11.143.46.235:8081, status: healthy:true;isolate:false;weight:100
2026-08-06 16:22:52.459140Z	info	base	serviceinfo/service_info.go:280	add instance of {namespace: "Polaris", service: "polaris.discover"}: 30.163.241.36:8091, status: healthy:true;isolate:false;weight:100
2026-08-06 16:22:52.459143Z	info	base	serviceinfo/service_info.go:280	add instance of {namespace: "Polaris", service: "polaris.discover"}: 9.141.115.86:8081, status: healthy:true;isolate:false;weight:100
2026-08-06 16:22:52.459146Z	info	base	serviceinfo/service_info.go:280	add instance of {namespace: "Polaris", service: "polaris.discover"}: 30.163.241.139:8091, status: healthy:true;isolate:false;weight:100
2026-08-06 16:22:52.459149Z	info	base	serviceinfo/service_info.go:280	add instance of {namespace: "Polaris", service: "polaris.discover"}: 30.163.241.118:8080, status: healthy:true;isolate:false;weight:100
2026-08-06 16:22:52.459153Z	info	base	serviceinfo/service_info.go:280	add instance of {namespace: "Polaris", service: "polaris.discover"}: 30.163.241.148:8081, status: healthy:true;isolate:false;weight:100
2026-08-06 16:22:52.459156Z	info	base	serviceinfo/service_info.go:280	add instance of {namespace: "Polaris", service: "polaris.discover"}: 11.143.46.235:8080, status: healthy:true;isolate:false;weight:100
2026-08-06 16:22:52.459159Z	info	base	serviceinfo/service_info.go:280	add instance of {namespace: "Polaris", service: "polaris.discover"}: 11.143.46.178:8081, status: healthy:true;isolate:false;weight:100
2026-08-06 16:22:52.459162Z	info	base	serviceinfo/service_info.go:280	add instance of {namespace: "Polaris", service: "polaris.discover"}: 30.163.76.175:8081, status: healthy:true;isolate:false;weight:100
2026-08-06 16:22:52.459165Z	info	base	serviceinfo/service_info.go:280	add instance of {namespace: "Polaris", service: "polaris.discover"}: 30.163.241.119:8091, status: healthy:true;isolate:false;weight:100
2026-08-06 16:22:52.459167Z	info	base	serviceinfo/service_info.go:280	add instance of {namespace: "Polaris", service: "polaris.discover"}: 30.163.241.65:8081, status: healthy:true;isolate:false;weight:100
2026-08-06 16:22:52.459175Z	info	base	serviceinfo/service_info.go:280	add instance of {namespace: "Polaris", service: "polaris.discover"}: 30.163.241.118:8081, status: healthy:true;isolate:false;weight:100
2026-08-06 16:22:52.459178Z	info	base	serviceinfo/service_info.go:280	add instance of {namespace: "Polaris", service: "polaris.discover"}: 30.163.241.147:8081, status: healthy:true;isolate:false;weight:100
2026-08-06 16:22:52.459181Z	info	base	serviceinfo/service_info.go:280	add instance of {namespace: "Polaris", service: "polaris.discover"}: 9.141.112.228:8091, status: healthy:true;isolate:false;weight:100
2026-08-06 16:22:52.459184Z	info	base	serviceinfo/service_info.go:280	add instance of {namespace: "Polaris", service: "polaris.discover"}: 11.140.162.11:8091, status: healthy:true;isolate:false;weight:100
2026-08-06 16:22:52.459187Z	info	base	serviceinfo/service_info.go:280	add instance of {namespace: "Polaris", service: "polaris.discover"}: 9.141.64.229:8080, status: healthy:true;isolate:false;weight:100
2026-08-06 16:22:52.459189Z	info	base	serviceinfo/service_info.go:280	add instance of {namespace: "Polaris", service: "polaris.discover"}: 11.143.52.33:8081, status: healthy:true;isolate:false;weight:100
2026-08-06 16:22:52.459192Z	info	base	serviceinfo/service_info.go:280	add instance of {namespace: "Polaris", service: "polaris.discover"}: 11.143.46.177:8081, status: healthy:true;isolate:false;weight:100
2026-08-06 16:22:52.459195Z	info	base	serviceinfo/service_info.go:280	add instance of {namespace: "Polaris", service: "polaris.discover"}: 30.163.241.119:8081, status: healthy:true;isolate:false;weight:100
2026-08-06 16:22:52.459198Z	info	base	serviceinfo/service_info.go:280	add instance of {namespace: "Polaris", service: "polaris.discover"}: 11.140.162.241:8080, status: healthy:true;isolate:false;weight:100
2026-08-06 16:22:52.459201Z	info	base	serviceinfo/service_info.go:280	add instance of {namespace: "Polaris", service: "polaris.discover"}: 9.141.115.145:8080, status: healthy:true;isolate:false;weight:100
2026-08-06 16:22:52.459204Z	info	base	serviceinfo/service_info.go:280	add instance of {namespace: "Polaris", service: "polaris.discover"}: 9.141.115.86:8080, status: healthy:true;isolate:false;weight:100
2026-08-06 16:22:52.459207Z	info	base	serviceinfo/service_info.go:280	add instance of {namespace: "Polaris", service: "polaris.discover"}: 11.146.16.99:8091, status: healthy:true;isolate:false;weight:100
2026-08-06 16:22:52.459210Z	info	base	serviceinfo/service_info.go:280	add instance of {namespace: "Polaris", service: "polaris.discover"}: 30.160.192.175:8091, status: healthy:true;isolate:false;weight:100
2026-08-06 16:22:52.459213Z	info	base	serviceinfo/service_info.go:280	add instance of {namespace: "Polaris", service: "polaris.discover"}: 30.163.241.238:8091, status: healthy:true;isolate:false;weight:100
2026-08-06 16:22:52.459216Z	info	base	serviceinfo/service_info.go:280	add instance of {namespace: "Polaris", service: "polaris.discover"}: 30.163.241.148:8091, status: healthy:true;isolate:false;weight:100
2026-08-06 16:22:52.459219Z	info	base	serviceinfo/service_info.go:280	add instance of {namespace: "Polaris", service: "polaris.discover"}: 30.163.61.120:8091, status: healthy:true;isolate:false;weight:100
2026-08-06 16:22:52.459222Z	info	base	serviceinfo/service_info.go:280	add instance of {namespace: "Polaris", service: "polaris.discover"}: 11.140.162.82:8081, status: healthy:true;isolate:false;weight:100
2026-08-06 16:22:52.459225Z	info	base	serviceinfo/service_info.go:280	add instance of {namespace: "Polaris", service: "polaris.discover"}: 11.143.52.162:8080, status: healthy:true;isolate:false;weight:100
2026-08-06 16:22:52.459227Z	info	base	serviceinfo/service_info.go:280	add instance of {namespace: "Polaris", service: "polaris.discover"}: 30.160.241.254:8091, status: healthy:true;isolate:false;weight:100
2026-08-06 16:22:52.459230Z	info	base	serviceinfo/service_info.go:280	add instance of {namespace: "Polaris", service: "polaris.discover"}: 30.163.241.139:8080, status: healthy:true;isolate:false;weight:100
2026-08-06 16:22:52.459238Z	info	base	serviceinfo/service_info.go:280	add instance of {namespace: "Polaris", service: "polaris.discover"}: 21.200.76.73:8091, status: healthy:true;isolate:false;weight:100
2026-08-06 16:22:52.459241Z	info	base	serviceinfo/service_info.go:280	add instance of {namespace: "Polaris", service: "polaris.discover"}: 9.141.120.202:8080, status: healthy:true;isolate:false;weight:100
2026-08-06 16:22:52.459245Z	info	base	serviceinfo/service_info.go:280	add instance of {namespace: "Polaris", service: "polaris.discover"}: 11.143.46.139:8091, status: healthy:true;isolate:false;weight:100
2026-08-06 16:22:52.459248Z	info	base	serviceinfo/service_info.go:280	add instance of {namespace: "Polaris", service: "polaris.discover"}: 21.200.76.73:8080, status: healthy:true;isolate:false;weight:100
2026-08-06 16:22:52.459250Z	info	base	serviceinfo/service_info.go:280	add instance of {namespace: "Polaris", service: "polaris.discover"}: 11.143.52.113:8091, status: healthy:true;isolate:false;weight:100
2026-08-06 16:22:52.459253Z	info	base	serviceinfo/service_info.go:280	add instance of {namespace: "Polaris", service: "polaris.discover"}: 9.141.115.86:8091, status: healthy:true;isolate:false;weight:100
2026-08-06 16:22:52.459256Z	info	base	serviceinfo/service_info.go:280	add instance of {namespace: "Polaris", service: "polaris.discover"}: 9.141.115.145:8081, status: healthy:true;isolate:false;weight:100
2026-08-06 16:22:52.459259Z	info	base	serviceinfo/service_info.go:280	add instance of {namespace: "Polaris", service: "polaris.discover"}: 11.143.46.201:8081, status: healthy:true;isolate:false;weight:100
2026-08-06 16:22:52.459262Z	info	base	serviceinfo/service_info.go:280	add instance of {namespace: "Polaris", service: "polaris.discover"}: 30.163.241.65:8080, status: healthy:true;isolate:false;weight:100
2026-08-06 16:22:52.459265Z	info	base	serviceinfo/service_info.go:280	add instance of {namespace: "Polaris", service: "polaris.discover"}: 11.140.162.37:8080, status: healthy:true;isolate:false;weight:100
2026-08-06 16:22:52.459268Z	info	base	serviceinfo/service_info.go:280	add instance of {namespace: "Polaris", service: "polaris.discover"}: 30.163.241.9:8081, status: healthy:true;isolate:false;weight:100
2026-08-06 16:22:52.459271Z	info	base	serviceinfo/service_info.go:280	add instance of {namespace: "Polaris", service: "polaris.discover"}: 11.143.52.9:8091, status: healthy:true;isolate:false;weight:100
2026-08-06 16:22:52.459274Z	info	base	serviceinfo/service_info.go:280	add instance of {namespace: "Polaris", service: "polaris.discover"}: 30.163.241.9:8080, status: healthy:true;isolate:false;weight:100
2026-08-06 16:22:52.459277Z	info	base	serviceinfo/service_info.go:280	add instance of {namespace: "Polaris", service: "polaris.discover"}: 9.141.112.108:8091, status: healthy:true;isolate:false;weight:100
2026-08-06 16:22:52.459279Z	info	base	serviceinfo/service_info.go:280	add instance of {namespace: "Polaris", service: "polaris.discover"}: 9.141.115.148:8080, status: healthy:true;isolate:false;weight:100
2026-08-06 16:22:52.459283Z	info	base	serviceinfo/service_info.go:280	add instance of {namespace: "Polaris", service: "polaris.discover"}: 9.141.120.169:8080, status: healthy:true;isolate:false;weight:100
2026-08-06 16:22:52.459285Z	info	base	serviceinfo/service_info.go:280	add instance of {namespace: "Polaris", service: "polaris.discover"}: 9.141.120.202:8081, status: healthy:true;isolate:false;weight:100
2026-08-06 16:22:52.459288Z	info	base	serviceinfo/service_info.go:280	add instance of {namespace: "Polaris", service: "polaris.discover"}: 9.141.100.83:8091, status: healthy:true;isolate:false;weight:100
2026-08-06 16:22:52.459291Z	info	base	serviceinfo/service_info.go:280	add instance of {namespace: "Polaris", service: "polaris.discover"}: 30.160.192.175:8081, status: healthy:true;isolate:false;weight:100
2026-08-06 16:22:52.459294Z	info	base	serviceinfo/service_info.go:280	add instance of {namespace: "Polaris", service: "polaris.discover"}: 9.141.120.2:8080, status: healthy:true;isolate:false;weight:100
2026-08-06 16:22:52.459300Z	info	base	serviceinfo/service_info.go:280	add instance of {namespace: "Polaris", service: "polaris.discover"}: 9.141.66.92:8091, status: healthy:true;isolate:false;weight:100
2026-08-06 16:22:52.459302Z	info	base	serviceinfo/service_info.go:280	add instance of {namespace: "Polaris", service: "polaris.discover"}: 11.143.52.137:8080, status: healthy:true;isolate:false;weight:100
2026-08-06 16:22:52.459306Z	info	base	serviceinfo/service_info.go:280	add instance of {namespace: "Polaris", service: "polaris.discover"}: 30.163.241.78:8081, status: healthy:true;isolate:false;weight:100
2026-08-06 16:22:52.459309Z	info	base	serviceinfo/service_info.go:280	add instance of {namespace: "Polaris", service: "polaris.discover"}: 21.200.76.73:8081, status: healthy:true;isolate:false;weight:100
2026-08-06 16:22:52.459312Z	info	base	serviceinfo/service_info.go:280	add instance of {namespace: "Polaris", service: "polaris.discover"}: 30.160.193.207:8081, status: healthy:true;isolate:false;weight:100
2026-08-06 16:22:52.459315Z	info	base	serviceinfo/service_info.go:280	add instance of {namespace: "Polaris", service: "polaris.discover"}: 11.140.162.82:8080, status: healthy:true;isolate:false;weight:100
2026-08-06 16:22:52.459317Z	info	base	serviceinfo/service_info.go:280	add instance of {namespace: "Polaris", service: "polaris.discover"}: 30.163.241.93:8081, status: healthy:true;isolate:false;weight:100
2026-08-06 16:22:52.459320Z	info	base	serviceinfo/service_info.go:280	add instance of {namespace: "Polaris", service: "polaris.discover"}: 30.163.241.46:8080, status: healthy:true;isolate:false;weight:100
2026-08-06 16:22:52.459323Z	info	base	serviceinfo/service_info.go:280	add instance of {namespace: "Polaris", service: "polaris.discover"}: 11.143.46.186:8091, status: healthy:true;isolate:false;weight:100
2026-08-06 16:22:52.459327Z	info	base	serviceinfo/service_info.go:280	add instance of {namespace: "Polaris", service: "polaris.discover"}: 21.200.76.141:8081, status: healthy:true;isolate:false;weight:100
2026-08-06 16:22:52.459330Z	info	base	serviceinfo/service_info.go:280	add instance of {namespace: "Polaris", service: "polaris.discover"}: 9.141.100.40:8080, status: healthy:true;isolate:false;weight:100
2026-08-06 16:22:52.459332Z	info	base	serviceinfo/service_info.go:280	add instance of {namespace: "Polaris", service: "polaris.discover"}: 9.141.112.101:8091, status: healthy:true;isolate:false;weight:100
2026-08-06 16:22:52.459335Z	info	base	serviceinfo/service_info.go:280	add instance of {namespace: "Polaris", service: "polaris.discover"}: 21.200.76.141:8091, status: healthy:true;isolate:false;weight:100
2026-08-06 16:22:52.459338Z	info	base	serviceinfo/service_info.go:280	add instance of {namespace: "Polaris", service: "polaris.discover"}: 30.163.241.54:8091, status: healthy:true;isolate:false;weight:100
2026-08-06 16:22:52.459341Z	info	base	serviceinfo/service_info.go:280	add instance of {namespace: "Polaris", service: "polaris.discover"}: 9.141.115.114:8091, status: healthy:true;isolate:false;weight:100
2026-08-06 16:22:52.459344Z	info	base	serviceinfo/service_info.go:280	add instance of {namespace: "Polaris", service: "polaris.discover"}: 30.163.241.31:8081, status: healthy:true;isolate:false;weight:100
2026-08-06 16:22:52.459347Z	info	base	serviceinfo/service_info.go:280	add instance of {namespace: "Polaris", service: "polaris.discover"}: 30.163.241.54:8081, status: healthy:true;isolate:false;weight:100
2026-08-06 16:22:52.459350Z	info	base	serviceinfo/service_info.go:280	add instance of {namespace: "Polaris", service: "polaris.discover"}: 30.160.192.175:8080, status: healthy:true;isolate:false;weight:100
2026-08-06 16:22:52.459352Z	info	base	serviceinfo/service_info.go:280	add instance of {namespace: "Polaris", service: "polaris.discover"}: 30.163.241.110:8081, status: healthy:true;isolate:false;weight:100
2026-08-06 16:22:52.459355Z	info	base	serviceinfo/service_info.go:280	add instance of {namespace: "Polaris", service: "polaris.discover"}: 9.141.64.219:8091, status: healthy:true;isolate:false;weight:100
2026-08-06 16:22:52.459361Z	info	base	serviceinfo/service_info.go:280	add instance of {namespace: "Polaris", service: "polaris.discover"}: 11.143.46.130:8080, status: healthy:true;isolate:false;weight:100
2026-08-06 16:22:52.459364Z	info	base	serviceinfo/service_info.go:280	add instance of {namespace: "Polaris", service: "polaris.discover"}: 9.141.112.229:8091, status: healthy:true;isolate:false;weight:100
2026-08-06 16:22:52.459366Z	info	base	serviceinfo/service_info.go:280	add instance of {namespace: "Polaris", service: "polaris.discover"}: 11.143.52.61:8091, status: healthy:true;isolate:false;weight:100
2026-08-06 16:22:52.459369Z	info	base	serviceinfo/service_info.go:280	add instance of {namespace: "Polaris", service: "polaris.discover"}: 30.163.76.200:8080, status: healthy:true;isolate:false;weight:100
2026-08-06 16:22:52.459372Z	info	base	serviceinfo/service_info.go:280	add instance of {namespace: "Polaris", service: "polaris.discover"}: 30.163.241.36:8080, status: healthy:true;isolate:false;weight:100
2026-08-06 16:22:52.459375Z	info	base	serviceinfo/service_info.go:280	add instance of {namespace: "Polaris", service: "polaris.discover"}: 11.181.40.156:8080, status: healthy:true;isolate:false;weight:100
2026-08-06 16:22:52.459378Z	info	base	serviceinfo/service_info.go:280	add instance of {namespace: "Polaris", service: "polaris.discover"}: 30.163.241.147:8080, status: healthy:true;isolate:false;weight:100
2026-08-06 16:22:52.459381Z	info	base	serviceinfo/service_info.go:280	add instance of {namespace: "Polaris", service: "polaris.discover"}: 11.143.52.162:8091, status: healthy:true;isolate:false;weight:100
2026-08-06 16:22:52.459383Z	info	base	serviceinfo/service_info.go:280	add instance of {namespace: "Polaris", service: "polaris.discover"}: 30.163.241.31:8080, status: healthy:true;isolate:false;weight:100
2026-08-06 16:22:52.459386Z	info	base	serviceinfo/service_info.go:280	add instance of {namespace: "Polaris", service: "polaris.discover"}: 9.141.100.40:8081, status: healthy:true;isolate:false;weight:100
2026-08-06 16:22:52.459389Z	info	base	serviceinfo/service_info.go:280	add instance of {namespace: "Polaris", service: "polaris.discover"}: 30.163.241.55:8080, status: healthy:true;isolate:false;weight:100
2026-08-06 16:22:52.459392Z	info	base	serviceinfo/service_info.go:280	add instance of {namespace: "Polaris", service: "polaris.discover"}: 30.163.87.177:8081, status: healthy:true;isolate:false;weight:100
2026-08-06 16:22:52.459395Z	info	base	serviceinfo/service_info.go:280	add instance of {namespace: "Polaris", service: "polaris.discover"}: 9.141.84.195:8091, status: healthy:true;isolate:false;weight:100
2026-08-06 16:22:52.459398Z	info	base	serviceinfo/service_info.go:280	add instance of {namespace: "Polaris", service: "polaris.discover"}: 9.141.112.101:8080, status: healthy:true;isolate:false;weight:100
2026-08-06 16:22:52.459401Z	info	base	serviceinfo/service_info.go:280	add instance of {namespace: "Polaris", service: "polaris.discover"}: 9.141.112.79:8080, status: healthy:true;isolate:false;weight:100
2026-08-06 16:22:52.459403Z	info	base	serviceinfo/service_info.go:280	add instance of {namespace: "Polaris", service: "polaris.discover"}: 30.163.241.12:8081, status: healthy:true;isolate:false;weight:100
2026-08-06 16:22:52.459406Z	info	base	serviceinfo/service_info.go:280	add instance of {namespace: "Polaris", service: "polaris.discover"}: 9.141.120.169:8081, status: healthy:true;isolate:false;weight:100
2026-08-06 16:22:52.459409Z	info	base	serviceinfo/service_info.go:280	add instance of {namespace: "Polaris", service: "polaris.discover"}: 11.146.16.15:8081, status: healthy:true;isolate:false;weight:100
2026-08-06 16:22:52.459412Z	info	base	serviceinfo/service_info.go:280	add instance of {namespace: "Polaris", service: "polaris.discover"}: 30.160.193.207:8080, status: healthy:true;isolate:false;weight:100
2026-08-06 16:22:52.459415Z	info	base	serviceinfo/service_info.go:280	add instance of {namespace: "Polaris", service: "polaris.discover"}: 9.141.115.113:8080, status: healthy:true;isolate:false;weight:100
2026-08-06 16:22:52.459420Z	info	base	serviceinfo/service_info.go:280	add instance of {namespace: "Polaris", service: "polaris.discover"}: 11.181.40.156:8091, status: healthy:true;isolate:false;weight:100
2026-08-06 16:22:52.459423Z	info	base	serviceinfo/service_info.go:280	add instance of {namespace: "Polaris", service: "polaris.discover"}: 11.143.52.9:8080, status: healthy:true;isolate:false;weight:100
2026-08-06 16:22:52.459426Z	info	base	serviceinfo/service_info.go:280	add instance of {namespace: "Polaris", service: "polaris.discover"}: 30.163.241.238:8081, status: healthy:true;isolate:false;weight:100
2026-08-06 16:22:52.459429Z	info	base	serviceinfo/service_info.go:280	add instance of {namespace: "Polaris", service: "polaris.discover"}: 11.143.46.235:8091, status: healthy:true;isolate:false;weight:100
2026-08-06 16:22:52.459432Z	info	base	serviceinfo/service_info.go:280	add instance of {namespace: "Polaris", service: "polaris.discover"}: 30.163.76.200:8081, status: healthy:true;isolate:false;weight:100
2026-08-06 16:22:52.459435Z	info	base	serviceinfo/service_info.go:280	add instance of {namespace: "Polaris", service: "polaris.discover"}: 9.141.64.219:8081, status: healthy:true;isolate:false;weight:100
2026-08-06 16:22:52.459438Z	info	base	serviceinfo/service_info.go:280	add instance of {namespace: "Polaris", service: "polaris.discover"}: 11.181.42.102:8081, status: healthy:true;isolate:false;weight:100
2026-08-06 16:22:52.459441Z	info	base	serviceinfo/service_info.go:280	add instance of {namespace: "Polaris", service: "polaris.discover"}: 11.143.46.201:8091, status: healthy:true;isolate:false;weight:100
2026-08-06 16:22:52.459444Z	info	base	serviceinfo/service_info.go:280	add instance of {namespace: "Polaris", service: "polaris.discover"}: 9.141.112.229:8080, status: healthy:true;isolate:false;weight:100
2026-08-06 16:22:52.459447Z	info	base	serviceinfo/service_info.go:280	add instance of {namespace: "Polaris", service: "polaris.discover"}: 9.141.100.83:8081, status: healthy:true;isolate:false;weight:100
2026-08-06 16:22:52.459450Z	info	base	serviceinfo/service_info.go:280	add instance of {namespace: "Polaris", service: "polaris.discover"}: 30.163.87.177:8091, status: healthy:true;isolate:false;weight:100
2026-08-06 16:22:52.459453Z	info	base	serviceinfo/service_info.go:280	add instance of {namespace: "Polaris", service: "polaris.discover"}: 30.163.241.93:8091, status: healthy:true;isolate:false;weight:100
2026-08-06 16:22:52.459456Z	info	base	serviceinfo/service_info.go:280	add instance of {namespace: "Polaris", service: "polaris.discover"}: 11.143.46.240:8081, status: healthy:true;isolate:false;weight:100
2026-08-06 16:22:52.459459Z	info	base	serviceinfo/service_info.go:280	add instance of {namespace: "Polaris", service: "polaris.discover"}: 11.143.46.238:8091, status: healthy:true;isolate:false;weight:100
2026-08-06 16:22:52.459462Z	info	base	serviceinfo/service_info.go:280	add instance of {namespace: "Polaris", service: "polaris.discover"}: 11.181.40.156:8081, status: healthy:true;isolate:false;weight:100
2026-08-06 16:22:52.459465Z	info	base	serviceinfo/service_info.go:280	add instance of {namespace: "Polaris", service: "polaris.discover"}: 30.160.241.139:8081, status: healthy:true;isolate:false;weight:100
2026-08-06 16:22:52.459468Z	info	base	serviceinfo/service_info.go:280	add instance of {namespace: "Polaris", service: "polaris.discover"}: 30.163.241.125:8081, status: healthy:true;isolate:false;weight:100
2026-08-06 16:22:52.459470Z	info	base	serviceinfo/service_info.go:280	add instance of {namespace: "Polaris", service: "polaris.discover"}: 30.160.241.139:8091, status: healthy:true;isolate:false;weight:100
2026-08-06 16:22:52.459473Z	info	base	serviceinfo/service_info.go:280	add instance of {namespace: "Polaris", service: "polaris.discover"}: 30.163.61.120:8080, status: healthy:true;isolate:false;weight:100
2026-08-06 16:22:52.459476Z	info	base	serviceinfo/service_info.go:280	add instance of {namespace: "Polaris", service: "polaris.discover"}: 9.141.100.70:8081, status: healthy:true;isolate:false;weight:100
2026-08-06 16:22:52.459483Z	info	base	serviceinfo/service_info.go:280	add instance of {namespace: "Polaris", service: "polaris.discover"}: 11.143.46.240:8080, status: healthy:true;isolate:false;weight:100
2026-08-06 16:22:52.459486Z	info	base	serviceinfo/service_info.go:280	add instance of {namespace: "Polaris", service: "polaris.discover"}: 30.163.241.78:8080, status: healthy:true;isolate:false;weight:100
2026-08-06 16:22:52.459489Z	info	base	serviceinfo/service_info.go:280	add instance of {namespace: "Polaris", service: "polaris.discover"}: 30.163.241.118:8091, status: healthy:true;isolate:false;weight:100
2026-08-06 16:22:52.459492Z	info	base	serviceinfo/service_info.go:280	add instance of {namespace: "Polaris", service: "polaris.discover"}: 11.140.162.37:8091, status: healthy:true;isolate:false;weight:100
2026-08-06 16:22:52.459495Z	info	base	serviceinfo/service_info.go:280	add instance of {namespace: "Polaris", service: "polaris.discover"}: 30.163.241.31:8091, status: healthy:true;isolate:false;weight:100
2026-08-06 16:22:52.459498Z	info	base	serviceinfo/service_info.go:280	add instance of {namespace: "Polaris", service: "polaris.discover"}: 30.163.241.40:8080, status: healthy:true;isolate:false;weight:100
2026-08-06 16:22:52.459501Z	info	base	serviceinfo/service_info.go:280	add instance of {namespace: "Polaris", service: "polaris.discover"}: 30.160.241.254:8080, status: healthy:true;isolate:false;weight:100
2026-08-06 16:22:52.459504Z	info	base	serviceinfo/service_info.go:280	add instance of {namespace: "Polaris", service: "polaris.discover"}: 9.141.115.167:8080, status: healthy:true;isolate:false;weight:100
2026-08-06 16:22:52.459507Z	info	base	serviceinfo/service_info.go:280	add instance of {namespace: "Polaris", service: "polaris.discover"}: 9.141.115.148:8091, status: healthy:true;isolate:false;weight:100
2026-08-06 16:22:52.459510Z	info	base	serviceinfo/service_info.go:280	add instance of {namespace: "Polaris", service: "polaris.discover"}: 9.141.115.114:8081, status: healthy:true;isolate:false;weight:100
2026-08-06 16:22:52.459513Z	info	base	serviceinfo/service_info.go:280	add instance of {namespace: "Polaris", service: "polaris.discover"}: 30.163.241.125:8080, status: healthy:true;isolate:false;weight:100
2026-08-06 16:22:52.459516Z	info	base	serviceinfo/service_info.go:280	add instance of {namespace: "Polaris", service: "polaris.discover"}: 11.143.46.139:8080, status: healthy:true;isolate:false;weight:100
2026-08-06 16:22:52.459518Z	info	base	serviceinfo/service_info.go:280	add instance of {namespace: "Polaris", service: "polaris.discover"}: 11.143.46.201:8080, status: healthy:true;isolate:false;weight:100
2026-08-06 16:22:52.459521Z	info	base	serviceinfo/service_info.go:280	add instance of {namespace: "Polaris", service: "polaris.discover"}: 30.163.241.238:8080, status: healthy:true;isolate:false;weight:100
2026-08-06 16:22:52.459524Z	info	base	serviceinfo/service_info.go:280	add instance of {namespace: "Polaris", service: "polaris.discover"}: 11.143.46.237:8080, status: healthy:true;isolate:false;weight:100
2026-08-06 16:22:52.459527Z	info	base	serviceinfo/service_info.go:280	add instance of {namespace: "Polaris", service: "polaris.discover"}: 9.141.115.114:8080, status: healthy:true;isolate:false;weight:100
2026-08-06 16:22:52.459530Z	info	base	serviceinfo/service_info.go:280	add instance of {namespace: "Polaris", service: "polaris.discover"}: 9.141.115.167:8091, status: healthy:true;isolate:false;weight:100
2026-08-06 16:22:52.459532Z	info	base	serviceinfo/service_info.go:280	add instance of {namespace: "Polaris", service: "polaris.discover"}: 9.141.115.148:8081, status: healthy:true;isolate:false;weight:100
2026-08-06 16:22:52.459535Z	info	base	serviceinfo/service_info.go:280	add instance of {namespace: "Polaris", service: "polaris.discover"}: 11.140.162.37:8081, status: healthy:true;isolate:false;weight:100
2026-08-06 16:22:52.459538Z	info	base	serviceinfo/service_info.go:280	add instance of {namespace: "Polaris", service: "polaris.discover"}: 9.141.112.79:8091, status: healthy:true;isolate:false;weight:100
2026-08-06 16:22:52.459543Z	info	base	serviceinfo/service_info.go:280	add instance of {namespace: "Polaris", service: "polaris.discover"}: 9.141.115.167:8081, status: healthy:true;isolate:false;weight:100
2026-08-06 16:22:52.459549Z	info	base	serviceinfo/service_info.go:280	add instance of {namespace: "Polaris", service: "polaris.discover"}: 9.141.84.195:8081, status: healthy:true;isolate:false;weight:100
2026-08-06 16:22:52.459551Z	info	base	serviceinfo/service_info.go:280	add instance of {namespace: "Polaris", service: "polaris.discover"}: 30.163.241.46:8091, status: healthy:true;isolate:false;weight:100
2026-08-06 16:22:52.459554Z	info	base	serviceinfo/service_info.go:280	add instance of {namespace: "Polaris", service: "polaris.discover"}: 9.141.120.201:8091, status: healthy:true;isolate:false;weight:100
2026-08-06 16:22:52.459557Z	info	base	serviceinfo/service_info.go:280	add instance of {namespace: "Polaris", service: "polaris.discover"}: 30.163.87.177:8080, status: healthy:true;isolate:false;weight:100
2026-08-06 16:22:52.459560Z	info	base	serviceinfo/service_info.go:280	add instance of {namespace: "Polaris", service: "polaris.discover"}: 9.141.100.83:8080, status: healthy:true;isolate:false;weight:100
2026-08-06 16:22:52.459563Z	info	base	serviceinfo/service_info.go:280	add instance of {namespace: "Polaris", service: "polaris.discover"}: 30.160.241.254:8081, status: healthy:true;isolate:false;weight:100
2026-08-06 16:22:52.459565Z	info	base	serviceinfo/service_info.go:280	add instance of {namespace: "Polaris", service: "polaris.discover"}: 11.143.46.186:8081, status: healthy:true;isolate:false;weight:100
2026-08-06 16:22:52.459569Z	info	base	serviceinfo/service_info.go:280	add instance of {namespace: "Polaris", service: "polaris.discover"}: 9.141.120.2:8081, status: healthy:true;isolate:false;weight:100
2026-08-06 16:22:52.459571Z	info	base	serviceinfo/service_info.go:280	add instance of {namespace: "Polaris", service: "polaris.discover"}: 11.146.16.99:8081, status: healthy:true;isolate:false;weight:100
2026-08-06 16:22:52.459574Z	info	base	serviceinfo/service_info.go:280	add instance of {namespace: "Polaris", service: "polaris.discover"}: 9.141.64.229:8081, status: healthy:true;isolate:false;weight:100
2026-08-06 16:22:52.459577Z	info	base	serviceinfo/service_info.go:280	add instance of {namespace: "Polaris", service: "polaris.discover"}: 30.163.241.55:8091, status: healthy:true;isolate:false;weight:100
2026-08-06 16:22:52.459580Z	info	base	serviceinfo/service_info.go:280	add instance of {namespace: "Polaris", service: "polaris.discover"}: 30.163.61.101:8091, status: healthy:true;isolate:false;weight:100
2026-08-06 16:22:52.459583Z	info	base	serviceinfo/service_info.go:280	add instance of {namespace: "Polaris", service: "polaris.discover"}: 9.141.112.108:8080, status: healthy:true;isolate:false;weight:100
2026-08-06 16:22:52.459585Z	info	base	serviceinfo/service_info.go:280	add instance of {namespace: "Polaris", service: "polaris.discover"}: 11.146.16.180:8080, status: healthy:true;isolate:false;weight:100
2026-08-06 16:22:52.459588Z	info	base	serviceinfo/service_info.go:280	add instance of {namespace: "Polaris", service: "polaris.discover"}: 9.141.64.229:8091, status: healthy:true;isolate:false;weight:100
2026-08-06 16:22:52.459591Z	info	base	serviceinfo/service_info.go:280	add instance of {namespace: "Polaris", service: "polaris.discover"}: 11.143.46.240:8091, status: healthy:true;isolate:false;weight:100
2026-08-06 16:22:52.459594Z	info	base	serviceinfo/service_info.go:280	add instance of {namespace: "Polaris", service: "polaris.discover"}: 30.163.241.9:8091, status: healthy:true;isolate:false;weight:100
2026-08-06 16:22:52.459597Z	info	base	serviceinfo/service_info.go:280	add instance of {namespace: "Polaris", service: "polaris.discover"}: 11.143.41.233:8080, status: healthy:true;isolate:false;weight:100
2026-08-06 16:22:52.459600Z	info	base	serviceinfo/service_info.go:280	add instance of {namespace: "Polaris", service: "polaris.discover"}: 9.141.64.219:8080, status: healthy:true;isolate:false;weight:100
2026-08-06 16:22:52.459605Z	info	base	serviceinfo/service_info.go:280	add instance of {namespace: "Polaris", service: "polaris.discover"}: 9.141.84.195:8080, status: healthy:true;isolate:false;weight:100
2026-08-06 16:22:52.459608Z	info	base	serviceinfo/service_info.go:280	add instance of {namespace: "Polaris", service: "polaris.discover"}: 30.163.241.40:8091, status: healthy:true;isolate:false;weight:100
2026-08-06 16:22:52.459611Z	info	base	serviceinfo/service_info.go:280	add instance of {namespace: "Polaris", service: "polaris.discover"}: 11.146.16.15:8080, status: healthy:true;isolate:false;weight:100
2026-08-06 16:22:52.459614Z	info	base	serviceinfo/service_info.go:280	add instance of {namespace: "Polaris", service: "polaris.discover"}: 11.143.46.130:8081, status: healthy:true;isolate:false;weight:100
2026-08-06 16:22:52.459617Z	info	base	serviceinfo/service_info.go:280	add instance of {namespace: "Polaris", service: "polaris.discover"}: 11.146.16.99:8080, status: healthy:true;isolate:false;weight:100
2026-08-06 16:22:52.459619Z	info	base	serviceinfo/service_info.go:280	add instance of {namespace: "Polaris", service: "polaris.discover"}: 30.163.241.110:8080, status: healthy:true;isolate:false;weight:100
2026-08-06 16:22:52.459622Z	info	base	serviceinfo/service_info.go:280	add instance of {namespace: "Polaris", service: "polaris.discover"}: 9.141.112.228:8080, status: healthy:true;isolate:false;weight:100
2026-08-06 16:22:52.459625Z	info	base	serviceinfo/service_info.go:280	add instance of {namespace: "Polaris", service: "polaris.discover"}: 9.141.115.113:8091, status: healthy:true;isolate:false;weight:100
2026-08-06 16:22:52.459628Z	info	base	serviceinfo/service_info.go:280	add instance of {namespace: "Polaris", service: "polaris.discover"}: 11.143.46.217:8091, status: healthy:true;isolate:false;weight:100
2026-08-06 16:22:52.459630Z	info	base	serviceinfo/service_info.go:280	add instance of {namespace: "Polaris", service: "polaris.discover"}: 9.141.112.79:8081, status: healthy:true;isolate:false;weight:100
2026-08-06 16:22:52.459634Z	info	base	serviceinfo/service_info.go:280	add instance of {namespace: "Polaris", service: "polaris.discover"}: 30.160.192.7:8081, status: healthy:true;isolate:false;weight:100
2026-08-06 16:22:52.459636Z	info	base	serviceinfo/service_info.go:280	add instance of {namespace: "Polaris", service: "polaris.discover"}: 30.160.192.7:8080, status: healthy:true;isolate:false;weight:100
2026-08-06 16:22:52.459639Z	info	base	serviceinfo/service_info.go:280	add instance of {namespace: "Polaris", service: "polaris.discover"}: 9.141.120.192:8080, status: healthy:true;isolate:false;weight:100
2026-08-06 16:22:52.459642Z	info	base	serviceinfo/service_info.go:280	add instance of {namespace: "Polaris", service: "polaris.discover"}: 30.163.61.120:8081, status: healthy:true;isolate:false;weight:100
2026-08-06 16:22:52.459645Z	info	base	serviceinfo/service_info.go:280	add instance of {namespace: "Polaris", service: "polaris.discover"}: 11.140.162.241:8081, status: healthy:true;isolate:false;weight:100
2026-08-06 16:22:52.459648Z	info	base	serviceinfo/service_info.go:280	add instance of {namespace: "Polaris", service: "polaris.discover"}: 30.163.241.12:8091, status: healthy:true;isolate:false;weight:100
2026-08-06 16:22:52.459651Z	info	base	serviceinfo/service_info.go:280	add instance of {namespace: "Polaris", service: "polaris.discover"}: 9.141.120.201:8081, status: healthy:true;isolate:false;weight:100
2026-08-06 16:22:52.459654Z	info	base	serviceinfo/service_info.go:280	add instance of {namespace: "Polaris", service: "polaris.discover"}: 11.143.52.46:8091, status: healthy:true;isolate:false;weight:100
2026-08-06 16:22:52.459657Z	info	base	serviceinfo/service_info.go:280	add instance of {namespace: "Polaris", service: "polaris.discover"}: 30.163.241.147:8091, status: healthy:true;isolate:false;weight:100
2026-08-06 16:22:52.459660Z	info	base	serviceinfo/service_info.go:280	add instance of {namespace: "Polaris", service: "polaris.discover"}: 30.163.241.148:8080, status: healthy:true;isolate:false;weight:100
2026-08-06 16:22:52.459666Z	info	base	serviceinfo/service_info.go:280	add instance of {namespace: "Polaris", service: "polaris.discover"}: 9.141.112.108:8081, status: healthy:true;isolate:false;weight:100
2026-08-06 16:22:52.459669Z	info	base	serviceinfo/service_info.go:280	add instance of {namespace: "Polaris", service: "polaris.discover"}: 11.146.16.180:8091, status: healthy:true;isolate:false;weight:100
2026-08-06 16:22:52.459671Z	info	base	serviceinfo/service_info.go:280	add instance of {namespace: "Polaris", service: "polaris.discover"}: 9.141.120.201:8080, status: healthy:true;isolate:false;weight:100
2026-08-06 16:22:52.459674Z	info	base	serviceinfo/service_info.go:280	add instance of {namespace: "Polaris", service: "polaris.discover"}: 11.143.52.113:8081, status: healthy:true;isolate:false;weight:100
2026-08-06 16:22:52.459677Z	info	base	serviceinfo/service_info.go:280	add instance of {namespace: "Polaris", service: "polaris.discover"}: 11.143.46.178:8091, status: healthy:true;isolate:false;weight:100
2026-08-06 16:22:52.459680Z	info	base	serviceinfo/service_info.go:280	add instance of {namespace: "Polaris", service: "polaris.discover"}: 9.141.120.202:8091, status: healthy:true;isolate:false;weight:100
2026-08-06 16:22:52.459683Z	info	base	serviceinfo/service_info.go:280	add instance of {namespace: "Polaris", service: "polaris.discover"}: 30.163.61.135:8091, status: healthy:true;isolate:false;weight:100
2026-08-06 16:22:52.459685Z	info	base	serviceinfo/service_info.go:280	add instance of {namespace: "Polaris", service: "polaris.discover"}: 9.141.100.70:8080, status: healthy:true;isolate:false;weight:100
2026-08-06 16:22:52.459688Z	info	base	serviceinfo/service_info.go:280	add instance of {namespace: "Polaris", service: "polaris.discover"}: 9.141.112.55:8081, status: healthy:true;isolate:false;weight:100
2026-08-06 16:22:52.459691Z	info	base	serviceinfo/service_info.go:280	add instance of {namespace: "Polaris", service: "polaris.discover"}: 11.143.52.162:8081, status: healthy:true;isolate:false;weight:100
2026-08-06 16:22:52.459694Z	info	base	serviceinfo/service_info.go:280	add instance of {namespace: "Polaris", service: "polaris.discover"}: 11.143.52.137:8091, status: healthy:true;isolate:false;weight:100
2026-08-06 16:22:52.459697Z	info	base	serviceinfo/service_info.go:280	add instance of {namespace: "Polaris", service: "polaris.discover"}: 9.141.112.229:8081, status: healthy:true;isolate:false;weight:100
2026-08-06 16:22:52.459700Z	info	base	serviceinfo/service_info.go:280	add instance of {namespace: "Polaris", service: "polaris.discover"}: 9.141.66.92:8080, status: healthy:true;isolate:false;weight:100
2026-08-06 16:22:52.459703Z	info	base	serviceinfo/service_info.go:280	add instance of {namespace: "Polaris", service: "polaris.discover"}: 9.141.120.192:8091, status: healthy:true;isolate:false;weight:100
2026-08-06 16:22:52.459706Z	info	base	serviceinfo/service_info.go:280	add instance of {namespace: "Polaris", service: "polaris.discover"}: 30.163.241.125:8091, status: healthy:true;isolate:false;weight:100
2026-08-06 16:22:52.459708Z	info	base	serviceinfo/service_info.go:280	add instance of {namespace: "Polaris", service: "polaris.discover"}: 30.163.241.139:8081, status: healthy:true;isolate:false;weight:100
2026-08-06 16:22:52.459711Z	info	base	serviceinfo/service_info.go:280	add instance of {namespace: "Polaris", service: "polaris.discover"}: 21.200.76.141:8080, status: healthy:true;isolate:false;weight:100
2026-08-06 16:22:52.459714Z	info	base	serviceinfo/service_info.go:280	add instance of {namespace: "Polaris", service: "polaris.discover"}: 30.163.241.54:8080, status: healthy:true;isolate:false;weight:100
2026-08-06 16:22:52.459717Z	info	base	serviceinfo/service_info.go:280	add instance of {namespace: "Polaris", service: "polaris.discover"}: 30.163.241.55:8081, status: healthy:true;isolate:false;weight:100
2026-08-06 16:22:52.459720Z	info	base	serviceinfo/service_info.go:280	add instance of {namespace: "Polaris", service: "polaris.discover"}: 30.160.192.7:8091, status: healthy:true;isolate:false;weight:100
2026-08-06 16:22:52.459726Z	info	base	serviceinfo/service_info.go:280	add instance of {namespace: "Polaris", service: "polaris.discover"}: 11.143.46.130:8091, status: healthy:true;isolate:false;weight:100
2026-08-06 16:22:52.459729Z	info	base	serviceinfo/service_info.go:280	add instance of {namespace: "Polaris", service: "polaris.discover"}: 11.143.52.46:8080, status: healthy:true;isolate:false;weight:100
2026-08-06 16:22:52.459732Z	info	base	serviceinfo/service_info.go:280	add instance of {namespace: "Polaris", service: "polaris.discover"}: 11.143.52.9:8081, status: healthy:true;isolate:false;weight:100
2026-08-06 16:22:52.459735Z	info	base	serviceinfo/service_info.go:280	add instance of {namespace: "Polaris", service: "polaris.discover"}: 9.141.100.70:8091, status: healthy:true;isolate:false;weight:100
2026-08-06 16:22:52.459738Z	info	base	serviceinfo/service_info.go:280	add instance of {namespace: "Polaris", service: "polaris.discover"}: 30.163.61.101:8081, status: healthy:true;isolate:false;weight:100
2026-08-06 16:22:52.459741Z	info	base	serviceinfo/service_info.go:280	add instance of {namespace: "Polaris", service: "polaris.discover"}: 11.143.46.237:8091, status: healthy:true;isolate:false;weight:100
2026-08-06 16:22:52.459744Z	info	base	serviceinfo/service_info.go:280	add instance of {namespace: "Polaris", service: "polaris.discover"}: 11.143.46.217:8080, status: healthy:true;isolate:false;weight:100
2026-08-06 16:22:52.459747Z	info	base	serviceinfo/service_info.go:280	add instance of {namespace: "Polaris", service: "polaris.discover"}: 11.143.52.61:8080, status: healthy:true;isolate:false;weight:100
2026-08-06 16:22:52.459750Z	info	base	serviceinfo/service_info.go:280	add instance of {namespace: "Polaris", service: "polaris.discover"}: 30.163.241.119:8080, status: healthy:true;isolate:false;weight:100
2026-08-06 16:22:52.459752Z	info	base	serviceinfo/service_info.go:280	add instance of {namespace: "Polaris", service: "polaris.discover"}: 30.163.241.110:8091, status: healthy:true;isolate:false;weight:100
2026-08-06 16:22:52.459755Z	info	base	serviceinfo/service_info.go:280	add instance of {namespace: "Polaris", service: "polaris.discover"}: 30.163.241.40:8081, status: healthy:true;isolate:false;weight:100
2026-08-06 16:22:52.459758Z	info	base	serviceinfo/service_info.go:280	add instance of {namespace: "Polaris", service: "polaris.discover"}: 11.143.46.178:8080, status: healthy:true;isolate:false;weight:100
2026-08-06 16:22:52.459761Z	info	base	serviceinfo/service_info.go:280	add instance of {namespace: "Polaris", service: "polaris.discover"}: 11.143.41.233:8091, status: healthy:true;isolate:false;weight:100
2026-08-06 16:22:52.459764Z	info	base	serviceinfo/service_info.go:280	add instance of {namespace: "Polaris", service: "polaris.discover"}: 11.181.42.102:8091, status: healthy:true;isolate:false;weight:100
2026-08-06 16:22:52.459766Z	info	base	serviceinfo/service_info.go:280	add instance of {namespace: "Polaris", service: "polaris.discover"}: 30.163.61.101:8080, status: healthy:true;isolate:false;weight:100
2026-08-06 16:22:52.459769Z	info	base	serviceinfo/service_info.go:280	add instance of {namespace: "Polaris", service: "polaris.discover"}: 30.160.193.207:8091, status: healthy:true;isolate:false;weight:100
2026-08-06 16:22:52.459772Z	info	base	serviceinfo/service_info.go:280	add instance of {namespace: "Polaris", service: "polaris.discover"}: 11.140.162.11:8080, status: healthy:true;isolate:false;weight:100
2026-08-06 16:22:52.459785Z	info	base	schedule/routines.go:229	item {namespace: "Polaris", service: "polaris.discover"} in task circuitBreakTask has added
2026-08-06 16:22:52.459791Z	info	base	schedule/routines.go:113	task circuitBreakTask started priority
2026-08-06 16:22:52.459822Z	error	base	common/cache_persist.go:131	fail to load cache from file svcV2#Polaris#polaris.discover#routing.json, svcKey: {namespace: "Polaris", service: "polaris.discover", event: routing}, error is Fail to Stat the cache file name /Users/zhengbangli/polaris/backup/svcV2#Polaris#polaris.discover#routing.json:  stat /Users/zhengbangli/polaris/backup/svcV2#Polaris#polaris.discover#routing.json: no such file or directory
2026-08-06 16:22:52.460016Z	info	base	common/cache_persist.go:183	Start to load cache from /Users/zhengbangli/polaris/backup/svc#Polaris#polaris.discover#routing.json
2026-08-06 16:22:52.460416Z	info	base	inmemory/inmemory.go:1302	load message for {namespace: "Polaris", service: "polaris.discover", event: routing} from file svc#Polaris#polaris.discover#routing.json, cache file modify time: 2026-08-05 10:37:38.857858 +0800 CST, direct available: false 

2026-08-06 16:22:52.460424Z	info	base	inmemory/inmemory.go:612	D134B2BA-6675-48A8-95E4-F0BC92ACC0CA, start to register event handler for {namespace: "Polaris", service: "polaris.discover", event: routing}
2026-08-06 16:22:52.460429Z	info	base	common/register.go:53	D134B2BA-6675-48A8-95E4-F0BC92ACC0CA, addTask: start to add first task for {namespace: "Polaris", service: "polaris.discover", event: routing, initialized: firstTask}
2026-08-06 16:22:52.460435Z	info	base	common/register.go:66	D134B2BA-6675-48A8-95E4-F0BC92ACC0CA, addTask: finish add first task for {namespace: "Polaris", service: "polaris.discover", event: routing, initialized: firstTask}
2026-08-06 16:22:52.460439Z	info	base	inmemory/inmemory.go:614	D134B2BA-6675-48A8-95E4-F0BC92ACC0CA, finish register event handler for {namespace: "Polaris", service: "polaris.discover", event: routing}, err <nil>
2026-08-06 16:22:52.460452Z	info	base	network/impl.go:413	get connection of builtin for System
2026-08-06 16:22:52.463668Z	info	base	grpc/creator.go:101	localAddress from connection is 30.26.152.44:64258, IP is 30.26.152.44, hashValue is 9814335246260940990
2026-08-06 16:22:52.760813Z	warn	base	flow/sync_flow.go:181	retryTimes 0 equals maxRetryTimes 0, get {namespace: "Polaris", service: "polaris.discover"} from cache
2026-08-06 16:22:52.761167Z	info	base	network/impl.go:587	discover server updated to ready 1, event is {namespace: "Polaris", service: "polaris.discover", event: instance}
2026-08-06 16:22:52.761183Z	info	base	network/impl.go:587	discover server updated to ready 2, event is {namespace: "Polaris", service: "polaris.discover", event: routing}
2026-08-06 16:22:52.762837Z	info	base	inmemory/model.go:465	D134B2BA-6675-48A8-95E4-F0BC92ACC0CA, OnServiceUpdate: {namespace: "Polaris", service: "polaris.discover", event: instance}, status: CacheChanged, pending to update, oldRevision: 00cd6960b47909b72d1c2d5476cef510091cdd37, newRevision: d86a47f2c840a715ab743612502b0053c9e1c04a
2026-08-06 16:22:52.762865Z	info	base	pb/service.go:201	service Polaris::polaris.discover nearby enabled
2026-08-06 16:22:52.763020Z	warn	base	pb/service.go:235	service Polaris:polaris.discover unmarshal slow start config fail EOF
2026-08-06 16:22:52.763031Z	info	base	inmemory/model.go:696	CacheObject: value for {namespace: "Polaris", service: "polaris.discover", event: instance} is updated, revision d86a47f2c840a715ab743612502b0053c9e1c04a
2026-08-06 16:22:52.763087Z	info	base	serviceinfo/service_info.go:277	service instances of {namespace: "Polaris", service: "polaris.discover"} change, oldRevision 00cd6960b47909b72d1c2d5476cef510091cdd37, newRevision d86a47f2c840a715ab743612502b0053c9e1c04a, oldCount 252, newCount 264
2026-08-06 16:22:52.763097Z	info	base	serviceinfo/service_info.go:280	add instance of {namespace: "Polaris", service: "polaris.discover"}: 11.181.52.35:8091, status: healthy:true;isolate:false;weight:100
2026-08-06 16:22:52.763103Z	info	base	serviceinfo/service_info.go:280	add instance of {namespace: "Polaris", service: "polaris.discover"}: 9.141.74.129:8091, status: healthy:true;isolate:false;weight:100
2026-08-06 16:22:52.763109Z	info	base	serviceinfo/service_info.go:280	add instance of {namespace: "Polaris", service: "polaris.discover"}: 11.181.52.173:8091, status: healthy:true;isolate:false;weight:100
2026-08-06 16:22:52.763114Z	info	base	serviceinfo/service_info.go:280	add instance of {namespace: "Polaris", service: "polaris.discover"}: 21.188.158.80:8091, status: healthy:true;isolate:false;weight:100
2026-08-06 16:22:52.763129Z	info	base	serviceinfo/service_info.go:280	add instance of {namespace: "Polaris", service: "polaris.discover"}: 9.141.74.129:8081, status: healthy:true;isolate:false;weight:100
2026-08-06 16:22:52.763133Z	info	base	serviceinfo/service_info.go:280	add instance of {namespace: "Polaris", service: "polaris.discover"}: 21.188.158.80:8080, status: healthy:true;isolate:false;weight:100
2026-08-06 16:22:52.763138Z	info	base	serviceinfo/service_info.go:280	add instance of {namespace: "Polaris", service: "polaris.discover"}: 21.188.158.80:8081, status: healthy:true;isolate:false;weight:100
2026-08-06 16:22:52.763142Z	info	base	serviceinfo/service_info.go:280	add instance of {namespace: "Polaris", service: "polaris.discover"}: 9.141.74.129:8080, status: healthy:true;isolate:false;weight:100
2026-08-06 16:22:52.763147Z	info	base	serviceinfo/service_info.go:280	add instance of {namespace: "Polaris", service: "polaris.discover"}: 11.181.52.35:8081, status: healthy:true;isolate:false;weight:100
2026-08-06 16:22:52.763151Z	info	base	serviceinfo/service_info.go:280	add instance of {namespace: "Polaris", service: "polaris.discover"}: 11.181.52.173:8081, status: healthy:true;isolate:false;weight:100
2026-08-06 16:22:52.763155Z	info	base	serviceinfo/service_info.go:280	add instance of {namespace: "Polaris", service: "polaris.discover"}: 11.181.52.173:8080, status: healthy:true;isolate:false;weight:100
2026-08-06 16:22:52.763159Z	info	base	serviceinfo/service_info.go:280	add instance of {namespace: "Polaris", service: "polaris.discover"}: 11.181.52.35:8080, status: healthy:true;isolate:false;weight:100
2026-08-06 16:22:52.763788Z	info	base	network/conn.go:116	release connection: {ID:2010405112,Address:9.146.200.61:8081,Service:{ServiceKey: {namespace: "Polaris", service: "polaris-default"}, ClusterType: builtin}}
2026-08-06 16:22:52.763836Z	info	base	network/impl.go:413	get connection of builtin for System
2026-08-06 16:22:52.847369Z	info	base	common/cache_persist.go:256	Start to save cache to file /Users/zhengbangli/polaris/backup/svc#Polaris#polaris.discover#instance.json
2026-08-06 16:22:52.858585Z	info	base	common/cache_persist.go:270	Success to write cache file /Users/zhengbangli/polaris/backup/svc#Polaris#polaris.discover#instance.json
2026-08-06 16:22:53.042668Z	info	base	inmemory/model.go:503	D134B2BA-6675-48A8-95E4-F0BC92ACC0CA, OnServiceUpdate: {namespace: "Polaris", service: "polaris.discover", event: routing}, status: CacheNotChanged, set cacheLoaded to false, oldRevision: 6f20d31f220046ccb69f43f51fcabfc3, newRevision: 6f20d31f220046ccb69f43f51fcabfc3
2026-08-06 16:22:53.042705Z	info	base	network/conn.go:116	release connection: {ID:2041247138,Address:9.141.66.244:8081,Service:{ServiceKey: {namespace: "Polaris", service: "polaris-default"}, ClusterType: builtin}}
2026-08-06 16:22:53.448069Z	info	base	network/impl.go:413	get connection of monitor for ReportStat
2026-08-06 16:22:53.448381Z	info	base	common/cache_persist.go:183	Start to load cache from /Users/zhengbangli/polaris/backup/svcV2#Polaris#polaris.monitor#instance.json
2026-08-06 16:22:53.465941Z	info	base	pb/service.go:201	service Polaris::polaris.monitor nearby enabled
2026-08-06 16:22:53.467333Z	warn	base	pb/service.go:235	service Polaris:polaris.monitor unmarshal slow start config fail EOF
2026-08-06 16:22:53.467372Z	info	base	inmemory/inmemory.go:1302	load message for {namespace: "Polaris", service: "polaris.monitor", event: instance} from file svcV2#Polaris#polaris.monitor#instance.json, cache file modify time: 2026-08-05 10:37:39.658046 +0800 CST, direct available: false 

2026-08-06 16:22:53.467388Z	info	base	inmemory/inmemory.go:612	D134B2BA-6675-48A8-95E4-F0BC92ACC0CA, start to register event handler for {namespace: "Polaris", service: "polaris.monitor", event: instance}
2026-08-06 16:22:53.467400Z	info	base	common/register.go:53	D134B2BA-6675-48A8-95E4-F0BC92ACC0CA, addTask: start to add first task for {namespace: "Polaris", service: "polaris.monitor", event: instance, initialized: firstTask}
2026-08-06 16:22:53.467423Z	info	base	common/register.go:66	D134B2BA-6675-48A8-95E4-F0BC92ACC0CA, addTask: finish add first task for {namespace: "Polaris", service: "polaris.monitor", event: instance, initialized: firstTask}
2026-08-06 16:22:53.467431Z	info	base	inmemory/inmemory.go:614	D134B2BA-6675-48A8-95E4-F0BC92ACC0CA, finish register event handler for {namespace: "Polaris", service: "polaris.monitor", event: instance}, err <nil>
2026-08-06 16:22:53.467462Z	info	base	common/discover.go:182	receive init task: {namespace: "Polaris", service: "polaris.monitor", event: instance, initialized: firstTask}
2026-08-06 16:22:53.467496Z	info	base	network/impl.go:413	get connection of discover for Discover
2026-08-06 16:22:53.467516Z	info	base	serviceinfo/service_info.go:277	service instances of {namespace: "Polaris", service: "polaris.monitor"} change, oldRevision , newRevision ea1cf66673b51382afa91b11f3568d001cd1ae9a, oldCount 0, newCount 404
2026-08-06 16:22:53.467526Z	info	base	serviceinfo/service_info.go:280	add instance of {namespace: "Polaris", service: "polaris.monitor"}: 9.136.55.192:8081, status: healthy:true;isolate:false;weight:100
2026-08-06 16:22:53.467531Z	info	base	serviceinfo/service_info.go:280	add instance of {namespace: "Polaris", service: "polaris.monitor"}: 21.106.233.85:8081, status: healthy:true;isolate:false;weight:100
2026-08-06 16:22:53.467537Z	info	base	serviceinfo/service_info.go:280	add instance of {namespace: "Polaris", service: "polaris.monitor"}: 11.142.156.190:8081, status: healthy:true;isolate:false;weight:100
2026-08-06 16:22:53.467542Z	info	base	serviceinfo/service_info.go:280	add instance of {namespace: "Polaris", service: "polaris.monitor"}: 11.142.156.188:8081, status: healthy:true;isolate:false;weight:100
2026-08-06 16:22:53.467546Z	info	base	serviceinfo/service_info.go:280	add instance of {namespace: "Polaris", service: "polaris.monitor"}: 9.141.115.23:8081, status: healthy:true;isolate:false;weight:100
2026-08-06 16:22:53.467550Z	info	base	serviceinfo/service_info.go:280	add instance of {namespace: "Polaris", service: "polaris.monitor"}: 21.21.137.248:8081, status: healthy:true;isolate:false;weight:100
2026-08-06 16:22:53.467554Z	info	base	serviceinfo/service_info.go:280	add instance of {namespace: "Polaris", service: "polaris.monitor"}: 9.136.29.175:8081, status: healthy:true;isolate:false;weight:100
2026-08-06 16:22:53.467558Z	info	base	serviceinfo/service_info.go:280	add instance of {namespace: "Polaris", service: "polaris.monitor"}: 9.141.113.199:8081, status: healthy:true;isolate:false;weight:100
2026-08-06 16:22:53.467562Z	info	base	serviceinfo/service_info.go:280	add instance of {namespace: "Polaris", service: "polaris.monitor"}: 9.141.65.30:8081, status: healthy:true;isolate:false;weight:100
2026-08-06 16:22:53.467566Z	info	base	serviceinfo/service_info.go:280	add instance of {namespace: "Polaris", service: "polaris.monitor"}: 11.135.192.210:8081, status: healthy:true;isolate:false;weight:100
2026-08-06 16:22:53.467570Z	info	base	serviceinfo/service_info.go:280	add instance of {namespace: "Polaris", service: "polaris.monitor"}: 21.21.137.216:8081, status: healthy:true;isolate:false;weight:100
2026-08-06 16:22:53.467574Z	info	base	serviceinfo/service_info.go:280	add instance of {namespace: "Polaris", service: "polaris.monitor"}: 30.160.241.61:8081, status: healthy:true;isolate:false;weight:100
2026-08-06 16:22:53.467578Z	info	base	serviceinfo/service_info.go:280	add instance of {namespace: "Polaris", service: "polaris.monitor"}: 11.59.215.162:8081, status: healthy:true;isolate:false;weight:100
2026-08-06 16:22:53.467582Z	info	base	serviceinfo/service_info.go:280	add instance of {namespace: "Polaris", service: "polaris.monitor"}: 9.141.115.124:8081, status: healthy:true;isolate:false;weight:100
2026-08-06 16:22:53.467586Z	info	base	serviceinfo/service_info.go:280	add instance of {namespace: "Polaris", service: "polaris.monitor"}: 9.141.115.30:8081, status: healthy:true;isolate:false;weight:100
2026-08-06 16:22:53.467590Z	info	base	serviceinfo/service_info.go:280	add instance of {namespace: "Polaris", service: "polaris.monitor"}: 9.136.29.167:8081, status: healthy:true;isolate:false;weight:100
2026-08-06 16:22:53.467596Z	info	base	serviceinfo/service_info.go:280	add instance of {namespace: "Polaris", service: "polaris.monitor"}: 9.141.71.100:8081, status: healthy:true;isolate:false;weight:100
2026-08-06 16:22:53.467601Z	info	base	serviceinfo/service_info.go:280	add instance of {namespace: "Polaris", service: "polaris.monitor"}: 11.135.192.96:8081, status: healthy:true;isolate:false;weight:100
2026-08-06 16:22:53.467605Z	info	base	serviceinfo/service_info.go:280	add instance of {namespace: "Polaris", service: "polaris.monitor"}: 11.140.166.179:8081, status: healthy:true;isolate:false;weight:100
2026-08-06 16:22:53.467609Z	info	base	serviceinfo/service_info.go:280	add instance of {namespace: "Polaris", service: "polaris.monitor"}: 21.21.137.213:8081, status: healthy:true;isolate:false;weight:100
2026-08-06 16:22:53.467613Z	info	base	serviceinfo/service_info.go:280	add instance of {namespace: "Polaris", service: "polaris.monitor"}: 30.160.241.99:8081, status: healthy:true;isolate:false;weight:100
2026-08-06 16:22:53.467617Z	info	base	serviceinfo/service_info.go:280	add instance of {namespace: "Polaris", service: "polaris.monitor"}: 9.141.67.85:8081, status: healthy:true;isolate:false;weight:100
2026-08-06 16:22:53.467620Z	info	base	serviceinfo/service_info.go:280	add instance of {namespace: "Polaris", service: "polaris.monitor"}: 21.21.137.215:8081, status: healthy:true;isolate:false;weight:100
2026-08-06 16:22:53.467624Z	info	base	serviceinfo/service_info.go:280	add instance of {namespace: "Polaris", service: "polaris.monitor"}: 11.142.156.122:8081, status: healthy:true;isolate:false;weight:100
2026-08-06 16:22:53.467629Z	info	base	serviceinfo/service_info.go:280	add instance of {namespace: "Polaris", service: "polaris.monitor"}: 9.136.82.25:8081, status: healthy:true;isolate:false;weight:100
2026-08-06 16:22:53.467632Z	info	base	serviceinfo/service_info.go:280	add instance of {namespace: "Polaris", service: "polaris.monitor"}: 11.140.162.40:8081, status: healthy:true;isolate:false;weight:100
2026-08-06 16:22:53.467636Z	info	base	serviceinfo/service_info.go:280	add instance of {namespace: "Polaris", service: "polaris.monitor"}: 30.160.241.104:8081, status: healthy:true;isolate:false;weight:100
2026-08-06 16:22:53.467640Z	info	base	serviceinfo/service_info.go:280	add instance of {namespace: "Polaris", service: "polaris.monitor"}: 30.175.164.147:8081, status: healthy:true;isolate:false;weight:100
2026-08-06 16:22:53.467644Z	info	base	serviceinfo/service_info.go:280	add instance of {namespace: "Polaris", service: "polaris.monitor"}: 9.141.115.90:8081, status: healthy:true;isolate:false;weight:100
2026-08-06 16:22:53.467647Z	info	base	serviceinfo/service_info.go:280	add instance of {namespace: "Polaris", service: "polaris.monitor"}: 21.106.233.108:8081, status: healthy:true;isolate:false;weight:100
2026-08-06 16:22:53.467651Z	info	base	serviceinfo/service_info.go:280	add instance of {namespace: "Polaris", service: "polaris.monitor"}: 9.136.54.123:8081, status: healthy:true;isolate:false;weight:100
2026-08-06 16:22:53.467655Z	info	base	serviceinfo/service_info.go:280	add instance of {namespace: "Polaris", service: "polaris.monitor"}: 11.150.115.12:8081, status: healthy:true;isolate:false;weight:100
2026-08-06 16:22:53.467659Z	info	base	serviceinfo/service_info.go:280	add instance of {namespace: "Polaris", service: "polaris.monitor"}: 9.141.71.73:8081, status: healthy:true;isolate:false;weight:100
2026-08-06 16:22:53.467663Z	info	base	serviceinfo/service_info.go:280	add instance of {namespace: "Polaris", service: "polaris.monitor"}: 21.21.137.210:8081, status: healthy:true;isolate:false;weight:100
2026-08-06 16:22:53.467666Z	info	base	serviceinfo/service_info.go:280	add instance of {namespace: "Polaris", service: "polaris.monitor"}: 11.140.163.138:8081, status: healthy:true;isolate:false;weight:100
2026-08-06 16:22:53.467671Z	info	base	serviceinfo/service_info.go:280	add instance of {namespace: "Polaris", service: "polaris.monitor"}: 9.141.110.52:8081, status: healthy:true;isolate:false;weight:100
2026-08-06 16:22:53.467675Z	info	base	serviceinfo/service_info.go:280	add instance of {namespace: "Polaris", service: "polaris.monitor"}: 21.21.137.243:8081, status: healthy:true;isolate:false;weight:100
2026-08-06 16:22:53.467679Z	info	base	serviceinfo/service_info.go:280	add instance of {namespace: "Polaris", service: "polaris.monitor"}: 11.135.192.212:8081, status: healthy:true;isolate:false;weight:100
2026-08-06 16:22:53.467683Z	info	base	serviceinfo/service_info.go:280	add instance of {namespace: "Polaris", service: "polaris.monitor"}: 21.21.137.254:8081, status: healthy:true;isolate:false;weight:100
2026-08-06 16:22:53.467687Z	info	base	serviceinfo/service_info.go:280	add instance of {namespace: "Polaris", service: "polaris.monitor"}: 21.106.233.63:8081, status: healthy:true;isolate:false;weight:100
2026-08-06 16:22:53.467691Z	info	base	serviceinfo/service_info.go:280	add instance of {namespace: "Polaris", service: "polaris.monitor"}: 11.135.192.158:8081, status: healthy:true;isolate:false;weight:100
2026-08-06 16:22:53.467694Z	info	base	serviceinfo/service_info.go:280	add instance of {namespace: "Polaris", service: "polaris.monitor"}: 9.136.82.116:8081, status: healthy:true;isolate:false;weight:100
2026-08-06 16:22:53.467698Z	info	base	serviceinfo/service_info.go:280	add instance of {namespace: "Polaris", service: "polaris.monitor"}: 11.142.130.90:8081, status: healthy:true;isolate:false;weight:100
2026-08-06 16:22:53.467702Z	info	base	serviceinfo/service_info.go:280	add instance of {namespace: "Polaris", service: "polaris.monitor"}: 9.141.115.183:8081, status: healthy:true;isolate:false;weight:100
2026-08-06 16:22:53.467706Z	info	base	serviceinfo/service_info.go:280	add instance of {namespace: "Polaris", service: "polaris.monitor"}: 21.21.137.226:8081, status: healthy:true;isolate:false;weight:100
2026-08-06 16:22:53.467709Z	info	base	serviceinfo/service_info.go:280	add instance of {namespace: "Polaris", service: "polaris.monitor"}: 30.160.241.115:8081, status: healthy:true;isolate:false;weight:100
2026-08-06 16:22:53.467713Z	info	base	serviceinfo/service_info.go:280	add instance of {namespace: "Polaris", service: "polaris.monitor"}: 11.135.192.176:8081, status: healthy:true;isolate:false;weight:100
2026-08-06 16:22:53.467717Z	info	base	serviceinfo/service_info.go:280	add instance of {namespace: "Polaris", service: "polaris.monitor"}: 11.140.166.113:8081, status: healthy:true;isolate:false;weight:100
2026-08-06 16:22:53.467721Z	info	base	serviceinfo/service_info.go:280	add instance of {namespace: "Polaris", service: "polaris.monitor"}: 9.136.29.80:8081, status: healthy:true;isolate:false;weight:100
2026-08-06 16:22:53.467724Z	info	base	serviceinfo/service_info.go:280	add instance of {namespace: "Polaris", service: "polaris.monitor"}: 21.106.233.54:8081, status: healthy:true;isolate:false;weight:100
2026-08-06 16:22:53.467728Z	info	base	serviceinfo/service_info.go:280	add instance of {namespace: "Polaris", service: "polaris.monitor"}: 9.141.66.65:8081, status: healthy:true;isolate:false;weight:100
2026-08-06 16:22:53.467732Z	info	base	serviceinfo/service_info.go:280	add instance of {namespace: "Polaris", service: "polaris.monitor"}: 9.141.113.31:8081, status: healthy:true;isolate:false;weight:100
2026-08-06 16:22:53.467736Z	info	base	serviceinfo/service_info.go:280	add instance of {namespace: "Polaris", service: "polaris.monitor"}: 9.141.100.249:8081, status: healthy:true;isolate:false;weight:100
2026-08-06 16:22:53.467740Z	info	base	serviceinfo/service_info.go:280	add instance of {namespace: "Polaris", service: "polaris.monitor"}: 30.160.241.57:8081, status: healthy:true;isolate:false;weight:100
2026-08-06 16:22:53.467744Z	info	base	serviceinfo/service_info.go:280	add instance of {namespace: "Polaris", service: "polaris.monitor"}: 9.141.115.25:8081, status: healthy:true;isolate:false;weight:100
2026-08-06 16:22:53.467748Z	info	base	serviceinfo/service_info.go:280	add instance of {namespace: "Polaris", service: "polaris.monitor"}: 9.141.104.197:8081, status: healthy:true;isolate:false;weight:100
2026-08-06 16:22:53.467752Z	info	base	serviceinfo/service_info.go:280	add instance of {namespace: "Polaris", service: "polaris.monitor"}: 9.141.115.27:8081, status: healthy:true;isolate:false;weight:100
2026-08-06 16:22:53.467756Z	info	base	serviceinfo/service_info.go:280	add instance of {namespace: "Polaris", service: "polaris.monitor"}: 21.21.137.200:8081, status: healthy:true;isolate:false;weight:100
2026-08-06 16:22:53.467760Z	info	base	serviceinfo/service_info.go:280	add instance of {namespace: "Polaris", service: "polaris.monitor"}: 30.160.241.98:8081, status: healthy:true;isolate:false;weight:100
2026-08-06 16:22:53.467763Z	info	base	serviceinfo/service_info.go:280	add instance of {namespace: "Polaris", service: "polaris.monitor"}: 9.141.115.35:8081, status: healthy:true;isolate:false;weight:100
2026-08-06 16:22:53.467785Z	info	base	serviceinfo/service_info.go:280	add instance of {namespace: "Polaris", service: "polaris.monitor"}: 9.141.122.97:8081, status: healthy:true;isolate:false;weight:100
2026-08-06 16:22:53.467815Z	info	base	serviceinfo/service_info.go:280	add instance of {namespace: "Polaris", service: "polaris.monitor"}: 11.142.156.70:8081, status: healthy:true;isolate:false;weight:100
2026-08-06 16:22:53.467827Z	info	base	serviceinfo/service_info.go:280	add instance of {namespace: "Polaris", service: "polaris.monitor"}: 21.106.233.114:8081, status: healthy:true;isolate:false;weight:100
2026-08-06 16:22:53.467833Z	info	base	serviceinfo/service_info.go:280	add instance of {namespace: "Polaris", service: "polaris.monitor"}: 11.142.156.59:8081, status: healthy:true;isolate:false;weight:100
2026-08-06 16:22:53.467839Z	info	base	serviceinfo/service_info.go:280	add instance of {namespace: "Polaris", service: "polaris.monitor"}: 11.142.130.113:8081, status: healthy:true;isolate:false;weight:100
2026-08-06 16:22:53.467844Z	info	base	serviceinfo/service_info.go:280	add instance of {namespace: "Polaris", service: "polaris.monitor"}: 21.21.137.249:8081, status: healthy:true;isolate:false;weight:100
2026-08-06 16:22:53.467849Z	info	base	serviceinfo/service_info.go:280	add instance of {namespace: "Polaris", service: "polaris.monitor"}: 9.141.115.76:8081, status: healthy:true;isolate:false;weight:100
2026-08-06 16:22:53.467853Z	info	base	serviceinfo/service_info.go:280	add instance of {namespace: "Polaris", service: "polaris.monitor"}: 21.106.233.92:8081, status: healthy:true;isolate:false;weight:100
2026-08-06 16:22:53.467859Z	info	base	serviceinfo/service_info.go:280	add instance of {namespace: "Polaris", service: "polaris.monitor"}: 11.142.130.85:8081, status: healthy:true;isolate:false;weight:100
2026-08-06 16:22:53.467864Z	info	base	serviceinfo/service_info.go:280	add instance of {namespace: "Polaris", service: "polaris.monitor"}: 11.135.192.62:8081, status: healthy:true;isolate:false;weight:100
2026-08-06 16:22:53.467868Z	info	base	serviceinfo/service_info.go:280	add instance of {namespace: "Polaris", service: "polaris.monitor"}: 11.150.115.109:8081, status: healthy:true;isolate:false;weight:100
2026-08-06 16:22:53.467873Z	info	base	serviceinfo/service_info.go:280	add instance of {namespace: "Polaris", service: "polaris.monitor"}: 30.160.241.112:8081, status: healthy:true;isolate:false;weight:100
2026-08-06 16:22:53.467878Z	info	base	serviceinfo/service_info.go:280	add instance of {namespace: "Polaris", service: "polaris.monitor"}: 21.106.233.103:8081, status: healthy:true;isolate:false;weight:100
2026-08-06 16:22:53.467882Z	info	base	serviceinfo/service_info.go:280	add instance of {namespace: "Polaris", service: "polaris.monitor"}: 21.106.233.95:8081, status: healthy:true;isolate:false;weight:100
2026-08-06 16:22:53.467887Z	info	base	serviceinfo/service_info.go:280	add instance of {namespace: "Polaris", service: "polaris.monitor"}: 11.135.192.230:8081, status: healthy:true;isolate:false;weight:100
2026-08-06 16:22:53.467891Z	info	base	serviceinfo/service_info.go:280	add instance of {namespace: "Polaris", service: "polaris.monitor"}: 11.150.115.78:8081, status: healthy:true;isolate:false;weight:100
2026-08-06 16:22:53.467895Z	info	base	serviceinfo/service_info.go:280	add instance of {namespace: "Polaris", service: "polaris.monitor"}: 9.141.115.57:8081, status: healthy:true;isolate:false;weight:100
2026-08-06 16:22:53.467899Z	info	base	serviceinfo/service_info.go:280	add instance of {namespace: "Polaris", service: "polaris.monitor"}: 11.135.192.129:8081, status: healthy:true;isolate:false;weight:100
2026-08-06 16:22:53.467903Z	info	base	serviceinfo/service_info.go:280	add instance of {namespace: "Polaris", service: "polaris.monitor"}: 9.141.122.148:8081, status: healthy:true;isolate:false;weight:100
2026-08-06 16:22:53.467907Z	info	base	serviceinfo/service_info.go:280	add instance of {namespace: "Polaris", service: "polaris.monitor"}: 9.141.120.90:8081, status: healthy:true;isolate:false;weight:100
2026-08-06 16:22:53.467911Z	info	base	serviceinfo/service_info.go:280	add instance of {namespace: "Polaris", service: "polaris.monitor"}: 21.21.137.238:8081, status: healthy:true;isolate:false;weight:100
2026-08-06 16:22:53.467915Z	info	base	serviceinfo/service_info.go:280	add instance of {namespace: "Polaris", service: "polaris.monitor"}: 9.141.122.202:8081, status: healthy:true;isolate:false;weight:100
2026-08-06 16:22:53.467920Z	info	base	serviceinfo/service_info.go:280	add instance of {namespace: "Polaris", service: "polaris.monitor"}: 11.135.192.32:8081, status: healthy:true;isolate:false;weight:100
2026-08-06 16:22:53.467923Z	info	base	serviceinfo/service_info.go:280	add instance of {namespace: "Polaris", service: "polaris.monitor"}: 9.141.122.82:8081, status: healthy:true;isolate:false;weight:100
2026-08-06 16:22:53.467927Z	info	base	serviceinfo/service_info.go:280	add instance of {namespace: "Polaris", service: "polaris.monitor"}: 30.160.241.113:8081, status: healthy:true;isolate:false;weight:100
2026-08-06 16:22:53.467932Z	info	base	serviceinfo/service_info.go:280	add instance of {namespace: "Polaris", service: "polaris.monitor"}: 11.59.215.178:8081, status: healthy:true;isolate:false;weight:100
2026-08-06 16:22:53.467936Z	info	base	serviceinfo/service_info.go:280	add instance of {namespace: "Polaris", service: "polaris.monitor"}: 9.141.120.23:8081, status: healthy:true;isolate:false;weight:100
2026-08-06 16:22:53.467940Z	info	base	serviceinfo/service_info.go:280	add instance of {namespace: "Polaris", service: "polaris.monitor"}: 21.21.137.214:8081, status: healthy:true;isolate:false;weight:100
2026-08-06 16:22:53.467944Z	info	base	serviceinfo/service_info.go:280	add instance of {namespace: "Polaris", service: "polaris.monitor"}: 30.160.241.76:8081, status: healthy:true;isolate:false;weight:100
2026-08-06 16:22:53.467948Z	info	base	serviceinfo/service_info.go:280	add instance of {namespace: "Polaris", service: "polaris.monitor"}: 21.21.137.195:8081, status: healthy:true;isolate:false;weight:100
2026-08-06 16:22:53.467952Z	info	base	serviceinfo/service_info.go:280	add instance of {namespace: "Polaris", service: "polaris.monitor"}: 9.141.120.56:8081, status: healthy:true;isolate:false;weight:100
2026-08-06 16:22:53.467958Z	info	base	serviceinfo/service_info.go:280	add instance of {namespace: "Polaris", service: "polaris.monitor"}: 11.142.156.222:8081, status: healthy:true;isolate:false;weight:100
2026-08-06 16:22:53.467962Z	info	base	serviceinfo/service_info.go:280	add instance of {namespace: "Polaris", service: "polaris.monitor"}: 11.150.115.191:8081, status: healthy:true;isolate:false;weight:100
2026-08-06 16:22:53.467968Z	info	base	serviceinfo/service_info.go:280	add instance of {namespace: "Polaris", service: "polaris.monitor"}: 9.141.96.196:8081, status: healthy:true;isolate:false;weight:100
2026-08-06 16:22:53.467973Z	info	base	serviceinfo/service_info.go:280	add instance of {namespace: "Polaris", service: "polaris.monitor"}: 9.141.100.250:8081, status: healthy:true;isolate:false;weight:100
2026-08-06 16:22:53.467977Z	info	base	serviceinfo/service_info.go:280	add instance of {namespace: "Polaris", service: "polaris.monitor"}: 11.150.115.41:8081, status: healthy:true;isolate:false;weight:100
2026-08-06 16:22:53.467983Z	info	base	serviceinfo/service_info.go:280	add instance of {namespace: "Polaris", service: "polaris.monitor"}: 9.141.115.38:8081, status: healthy:true;isolate:false;weight:100
2026-08-06 16:22:53.467988Z	info	base	serviceinfo/service_info.go:280	add instance of {namespace: "Polaris", service: "polaris.monitor"}: 9.136.2.35:8081, status: healthy:true;isolate:false;weight:100
2026-08-06 16:22:53.467992Z	info	base	serviceinfo/service_info.go:280	add instance of {namespace: "Polaris", service: "polaris.monitor"}: 11.135.192.224:8081, status: healthy:true;isolate:false;weight:100
2026-08-06 16:22:53.467996Z	info	base	serviceinfo/service_info.go:280	add instance of {namespace: "Polaris", service: "polaris.monitor"}: 11.135.214.137:8081, status: healthy:true;isolate:false;weight:100
2026-08-06 16:22:53.468000Z	info	base	serviceinfo/service_info.go:280	add instance of {namespace: "Polaris", service: "polaris.monitor"}: 11.135.192.58:8081, status: healthy:true;isolate:false;weight:100
2026-08-06 16:22:53.468005Z	info	base	serviceinfo/service_info.go:280	add instance of {namespace: "Polaris", service: "polaris.monitor"}: 11.135.192.240:8081, status: healthy:true;isolate:false;weight:100
2026-08-06 16:22:53.468009Z	info	base	serviceinfo/service_info.go:280	add instance of {namespace: "Polaris", service: "polaris.monitor"}: 11.140.163.15:8081, status: healthy:true;isolate:false;weight:100
2026-08-06 16:22:53.468014Z	info	base	serviceinfo/service_info.go:280	add instance of {namespace: "Polaris", service: "polaris.monitor"}: 9.141.71.53:8081, status: healthy:true;isolate:false;weight:100
2026-08-06 16:22:53.468018Z	info	base	serviceinfo/service_info.go:280	add instance of {namespace: "Polaris", service: "polaris.monitor"}: 11.135.192.243:8081, status: healthy:true;isolate:false;weight:100
2026-08-06 16:22:53.468022Z	info	base	serviceinfo/service_info.go:280	add instance of {namespace: "Polaris", service: "polaris.monitor"}: 11.140.166.159:8081, status: healthy:true;isolate:false;weight:100
2026-08-06 16:22:53.468026Z	info	base	serviceinfo/service_info.go:280	add instance of {namespace: "Polaris", service: "polaris.monitor"}: 11.135.192.53:8081, status: healthy:true;isolate:false;weight:100
2026-08-06 16:22:53.468030Z	info	base	serviceinfo/service_info.go:280	add instance of {namespace: "Polaris", service: "polaris.monitor"}: 30.160.241.150:8081, status: healthy:true;isolate:false;weight:100
2026-08-06 16:22:53.468034Z	info	base	serviceinfo/service_info.go:280	add instance of {namespace: "Polaris", service: "polaris.monitor"}: 21.21.137.237:8081, status: healthy:true;isolate:false;weight:100
2026-08-06 16:22:53.468038Z	info	base	serviceinfo/service_info.go:280	add instance of {namespace: "Polaris", service: "polaris.monitor"}: 9.141.100.224:8081, status: healthy:true;isolate:false;weight:100
2026-08-06 16:22:53.468042Z	info	base	serviceinfo/service_info.go:280	add instance of {namespace: "Polaris", service: "polaris.monitor"}: 9.136.28.5:8081, status: healthy:true;isolate:false;weight:100
2026-08-06 16:22:53.468045Z	info	base	serviceinfo/service_info.go:280	add instance of {namespace: "Polaris", service: "polaris.monitor"}: 11.140.163.116:8081, status: healthy:true;isolate:false;weight:100
2026-08-06 16:22:53.468049Z	info	base	serviceinfo/service_info.go:280	add instance of {namespace: "Polaris", service: "polaris.monitor"}: 30.160.241.253:8081, status: healthy:true;isolate:false;weight:100
2026-08-06 16:22:53.468053Z	info	base	serviceinfo/service_info.go:280	add instance of {namespace: "Polaris", service: "polaris.monitor"}: 11.142.132.255:8081, status: healthy:true;isolate:false;weight:100
2026-08-06 16:22:53.468057Z	info	base	serviceinfo/service_info.go:280	add instance of {namespace: "Polaris", service: "polaris.monitor"}: 21.21.137.224:8081, status: healthy:true;isolate:false;weight:100
2026-08-06 16:22:53.468061Z	info	base	serviceinfo/service_info.go:280	add instance of {namespace: "Polaris", service: "polaris.monitor"}: 11.135.192.179:8081, status: healthy:true;isolate:false;weight:100
2026-08-06 16:22:53.468064Z	info	base	serviceinfo/service_info.go:280	add instance of {namespace: "Polaris", service: "polaris.monitor"}: 11.142.156.149:8081, status: healthy:true;isolate:false;weight:100
2026-08-06 16:22:53.468069Z	info	base	serviceinfo/service_info.go:280	add instance of {namespace: "Polaris", service: "polaris.monitor"}: 11.135.192.75:8081, status: healthy:true;isolate:false;weight:100
2026-08-06 16:22:53.468073Z	info	base	serviceinfo/service_info.go:280	add instance of {namespace: "Polaris", service: "polaris.monitor"}: 30.47.130.117:8081, status: healthy:true;isolate:false;weight:100
2026-08-06 16:22:53.468077Z	info	base	serviceinfo/service_info.go:280	add instance of {namespace: "Polaris", service: "polaris.monitor"}: 30.160.241.86:8081, status: healthy:true;isolate:false;weight:100
2026-08-06 16:22:53.468081Z	info	base	serviceinfo/service_info.go:280	add instance of {namespace: "Polaris", service: "polaris.monitor"}: 21.21.137.196:8081, status: healthy:true;isolate:false;weight:100
2026-08-06 16:22:53.468085Z	info	base	serviceinfo/service_info.go:280	add instance of {namespace: "Polaris", service: "polaris.monitor"}: 11.135.192.141:8081, status: healthy:true;isolate:false;weight:100
2026-08-06 16:22:53.468089Z	info	base	serviceinfo/service_info.go:280	add instance of {namespace: "Polaris", service: "polaris.monitor"}: 11.135.192.221:8081, status: healthy:true;isolate:false;weight:100
2026-08-06 16:22:53.468092Z	info	base	serviceinfo/service_info.go:280	add instance of {namespace: "Polaris", service: "polaris.monitor"}: 21.106.233.74:8081, status: healthy:true;isolate:false;weight:100
2026-08-06 16:22:53.468096Z	info	base	serviceinfo/service_info.go:280	add instance of {namespace: "Polaris", service: "polaris.monitor"}: 11.135.192.188:8081, status: healthy:true;isolate:false;weight:100
2026-08-06 16:22:53.468101Z	info	base	serviceinfo/service_info.go:280	add instance of {namespace: "Polaris", service: "polaris.monitor"}: 30.160.192.151:8081, status: healthy:true;isolate:false;weight:100
2026-08-06 16:22:53.468104Z	info	base	serviceinfo/service_info.go:280	add instance of {namespace: "Polaris", service: "polaris.monitor"}: 9.141.120.57:8081, status: healthy:true;isolate:false;weight:100
2026-08-06 16:22:53.468108Z	info	base	serviceinfo/service_info.go:280	add instance of {namespace: "Polaris", service: "polaris.monitor"}: 11.142.156.226:8081, status: healthy:true;isolate:false;weight:100
2026-08-06 16:22:53.468112Z	info	base	serviceinfo/service_info.go:280	add instance of {namespace: "Polaris", service: "polaris.monitor"}: 11.142.156.205:8081, status: healthy:true;isolate:false;weight:100
2026-08-06 16:22:53.468116Z	info	base	serviceinfo/service_info.go:280	add instance of {namespace: "Polaris", service: "polaris.monitor"}: 11.140.162.119:8081, status: healthy:true;isolate:false;weight:100
2026-08-06 16:22:53.468120Z	info	base	serviceinfo/service_info.go:280	add instance of {namespace: "Polaris", service: "polaris.monitor"}: 9.141.110.16:8081, status: healthy:true;isolate:false;weight:100
2026-08-06 16:22:53.468124Z	info	base	serviceinfo/service_info.go:280	add instance of {namespace: "Polaris", service: "polaris.monitor"}: 11.142.132.116:8081, status: healthy:true;isolate:false;weight:100
2026-08-06 16:22:53.468128Z	info	base	serviceinfo/service_info.go:280	add instance of {namespace: "Polaris", service: "polaris.monitor"}: 11.135.192.137:8081, status: healthy:true;isolate:false;weight:100
2026-08-06 16:22:53.468132Z	info	base	serviceinfo/service_info.go:280	add instance of {namespace: "Polaris", service: "polaris.monitor"}: 30.175.164.199:8081, status: healthy:true;isolate:false;weight:100
2026-08-06 16:22:53.468137Z	info	base	serviceinfo/service_info.go:280	add instance of {namespace: "Polaris", service: "polaris.monitor"}: 9.141.115.46:8081, status: healthy:true;isolate:false;weight:100
2026-08-06 16:22:53.468141Z	info	base	serviceinfo/service_info.go:280	add instance of {namespace: "Polaris", service: "polaris.monitor"}: 11.135.192.149:8081, status: healthy:true;isolate:false;weight:100
2026-08-06 16:22:53.468145Z	info	base	serviceinfo/service_info.go:280	add instance of {namespace: "Polaris", service: "polaris.monitor"}: 11.135.192.117:8081, status: healthy:true;isolate:false;weight:100
2026-08-06 16:22:53.468148Z	info	base	serviceinfo/service_info.go:280	add instance of {namespace: "Polaris", service: "polaris.monitor"}: 11.135.192.103:8081, status: healthy:true;isolate:false;weight:100
2026-08-06 16:22:53.468152Z	info	base	serviceinfo/service_info.go:280	add instance of {namespace: "Polaris", service: "polaris.monitor"}: 21.21.137.199:8081, status: healthy:true;isolate:false;weight:100
2026-08-06 16:22:53.468156Z	info	base	serviceinfo/service_info.go:280	add instance of {namespace: "Polaris", service: "polaris.monitor"}: 9.141.100.212:8081, status: healthy:true;isolate:false;weight:100
2026-08-06 16:22:53.468160Z	info	base	serviceinfo/service_info.go:280	add instance of {namespace: "Polaris", service: "polaris.monitor"}: 9.136.103.190:8081, status: healthy:true;isolate:false;weight:100
2026-08-06 16:22:53.468164Z	info	base	serviceinfo/service_info.go:280	add instance of {namespace: "Polaris", service: "polaris.monitor"}: 9.141.122.78:8081, status: healthy:true;isolate:false;weight:100
2026-08-06 16:22:53.468168Z	info	base	serviceinfo/service_info.go:280	add instance of {namespace: "Polaris", service: "polaris.monitor"}: 9.141.100.90:8081, status: healthy:true;isolate:false;weight:100
2026-08-06 16:22:53.468172Z	info	base	serviceinfo/service_info.go:280	add instance of {namespace: "Polaris", service: "polaris.monitor"}: 11.135.192.80:8081, status: healthy:true;isolate:false;weight:100
2026-08-06 16:22:53.468177Z	info	base	serviceinfo/service_info.go:280	add instance of {namespace: "Polaris", service: "polaris.monitor"}: 9.141.66.58:8081, status: healthy:true;isolate:false;weight:100
2026-08-06 16:22:53.468181Z	info	base	serviceinfo/service_info.go:280	add instance of {namespace: "Polaris", service: "polaris.monitor"}: 9.141.110.22:8081, status: healthy:true;isolate:false;weight:80
2026-08-06 16:22:53.468185Z	info	base	serviceinfo/service_info.go:280	add instance of {namespace: "Polaris", service: "polaris.monitor"}: 21.106.233.68:8081, status: healthy:true;isolate:false;weight:100
2026-08-06 16:22:53.468189Z	info	base	serviceinfo/service_info.go:280	add instance of {namespace: "Polaris", service: "polaris.monitor"}: 11.135.192.249:8081, status: healthy:true;isolate:false;weight:100
2026-08-06 16:22:53.468194Z	info	base	serviceinfo/service_info.go:280	add instance of {namespace: "Polaris", service: "polaris.monitor"}: 11.135.192.25:8081, status: healthy:true;isolate:false;weight:100
2026-08-06 16:22:53.468198Z	info	base	serviceinfo/service_info.go:280	add instance of {namespace: "Polaris", service: "polaris.monitor"}: 9.136.69.28:8081, status: healthy:true;isolate:false;weight:100
2026-08-06 16:22:53.468202Z	info	base	serviceinfo/service_info.go:280	add instance of {namespace: "Polaris", service: "polaris.monitor"}: 11.135.192.112:8081, status: healthy:true;isolate:false;weight:100
2026-08-06 16:22:53.468205Z	info	base	serviceinfo/service_info.go:280	add instance of {namespace: "Polaris", service: "polaris.monitor"}: 11.140.163.184:8081, status: healthy:true;isolate:false;weight:100
2026-08-06 16:22:53.468209Z	info	base	serviceinfo/service_info.go:280	add instance of {namespace: "Polaris", service: "polaris.monitor"}: 11.135.192.100:8081, status: healthy:true;isolate:false;weight:100
2026-08-06 16:22:53.468213Z	info	base	serviceinfo/service_info.go:280	add instance of {namespace: "Polaris", service: "polaris.monitor"}: 9.141.67.87:8081, status: healthy:true;isolate:false;weight:100
2026-08-06 16:22:53.468217Z	info	base	serviceinfo/service_info.go:280	add instance of {namespace: "Polaris", service: "polaris.monitor"}: 9.141.122.139:8081, status: healthy:true;isolate:false;weight:100
2026-08-06 16:22:53.468220Z	info	base	serviceinfo/service_info.go:280	add instance of {namespace: "Polaris", service: "polaris.monitor"}: 30.160.241.109:8081, status: healthy:true;isolate:false;weight:100
2026-08-06 16:22:53.468224Z	info	base	serviceinfo/service_info.go:280	add instance of {namespace: "Polaris", service: "polaris.monitor"}: 11.135.192.198:8081, status: healthy:true;isolate:false;weight:100
2026-08-06 16:22:53.468228Z	info	base	serviceinfo/service_info.go:280	add instance of {namespace: "Polaris", service: "polaris.monitor"}: 9.141.113.247:8081, status: healthy:true;isolate:false;weight:100
2026-08-06 16:22:53.468232Z	info	base	serviceinfo/service_info.go:280	add instance of {namespace: "Polaris", service: "polaris.monitor"}: 11.135.192.153:8081, status: healthy:true;isolate:false;weight:100
2026-08-06 16:22:53.468236Z	info	base	serviceinfo/service_info.go:280	add instance of {namespace: "Polaris", service: "polaris.monitor"}: 11.135.192.244:8081, status: healthy:true;isolate:false;weight:100
2026-08-06 16:22:53.468240Z	info	base	serviceinfo/service_info.go:280	add instance of {namespace: "Polaris", service: "polaris.monitor"}: 9.141.120.43:8081, status: healthy:true;isolate:false;weight:100
2026-08-06 16:22:53.468244Z	info	base	serviceinfo/service_info.go:280	add instance of {namespace: "Polaris", service: "polaris.monitor"}: 9.141.122.191:8081, status: healthy:true;isolate:false;weight:100
2026-08-06 16:22:53.468248Z	info	base	serviceinfo/service_info.go:280	add instance of {namespace: "Polaris", service: "polaris.monitor"}: 9.141.122.86:8081, status: healthy:true;isolate:false;weight:100
2026-08-06 16:22:53.468252Z	info	base	serviceinfo/service_info.go:280	add instance of {namespace: "Polaris", service: "polaris.monitor"}: 11.140.162.109:8081, status: healthy:true;isolate:false;weight:100
2026-08-06 16:22:53.468256Z	info	base	serviceinfo/service_info.go:280	add instance of {namespace: "Polaris", service: "polaris.monitor"}: 21.21.137.209:8081, status: healthy:true;isolate:false;weight:100
2026-08-06 16:22:53.468260Z	info	base	serviceinfo/service_info.go:280	add instance of {namespace: "Polaris", service: "polaris.monitor"}: 11.135.192.253:8081, status: healthy:true;isolate:false;weight:100
2026-08-06 16:22:53.468264Z	info	base	serviceinfo/service_info.go:280	add instance of {namespace: "Polaris", service: "polaris.monitor"}: 21.21.137.240:8081, status: healthy:true;isolate:false;weight:100
2026-08-06 16:22:53.468269Z	info	base	serviceinfo/service_info.go:280	add instance of {namespace: "Polaris", service: "polaris.monitor"}: 9.141.66.111:8081, status: healthy:true;isolate:false;weight:100
2026-08-06 16:22:53.468273Z	info	base	serviceinfo/service_info.go:280	add instance of {namespace: "Polaris", service: "polaris.monitor"}: 11.142.156.152:8081, status: healthy:true;isolate:false;weight:100
2026-08-06 16:22:53.468277Z	info	base	serviceinfo/service_info.go:280	add instance of {namespace: "Polaris", service: "polaris.monitor"}: 9.141.115.15:8081, status: healthy:true;isolate:false;weight:100
2026-08-06 16:22:53.468282Z	info	base	serviceinfo/service_info.go:280	add instance of {namespace: "Polaris", service: "polaris.monitor"}: 21.106.233.101:8081, status: healthy:true;isolate:false;weight:100
2026-08-06 16:22:53.468285Z	info	base	serviceinfo/service_info.go:280	add instance of {namespace: "Polaris", service: "polaris.monitor"}: 21.21.137.228:8081, status: healthy:true;isolate:false;weight:100
2026-08-06 16:22:53.468289Z	info	base	serviceinfo/service_info.go:280	add instance of {namespace: "Polaris", service: "polaris.monitor"}: 11.135.192.216:8081, status: healthy:true;isolate:false;weight:100
2026-08-06 16:22:53.468293Z	info	base	serviceinfo/service_info.go:280	add instance of {namespace: "Polaris", service: "polaris.monitor"}: 9.136.103.248:8081, status: healthy:true;isolate:false;weight:100
2026-08-06 16:22:53.468297Z	info	base	serviceinfo/service_info.go:280	add instance of {namespace: "Polaris", service: "polaris.monitor"}: 11.140.163.170:8081, status: healthy:true;isolate:false;weight:100
2026-08-06 16:22:53.468301Z	info	base	serviceinfo/service_info.go:280	add instance of {namespace: "Polaris", service: "polaris.monitor"}: 11.135.192.127:8081, status: healthy:true;isolate:false;weight:100
2026-08-06 16:22:53.468307Z	info	base	serviceinfo/service_info.go:280	add instance of {namespace: "Polaris", service: "polaris.monitor"}: 11.140.163.111:8081, status: healthy:true;isolate:false;weight:100
2026-08-06 16:22:53.468311Z	info	base	serviceinfo/service_info.go:280	add instance of {namespace: "Polaris", service: "polaris.monitor"}: 9.136.55.105:8081, status: healthy:true;isolate:false;weight:100
2026-08-06 16:22:53.468315Z	info	base	serviceinfo/service_info.go:280	add instance of {namespace: "Polaris", service: "polaris.monitor"}: 11.135.192.151:8081, status: healthy:true;isolate:false;weight:100
2026-08-06 16:22:53.468319Z	info	base	serviceinfo/service_info.go:280	add instance of {namespace: "Polaris", service: "polaris.monitor"}: 21.21.137.247:8081, status: healthy:true;isolate:false;weight:100
2026-08-06 16:22:53.468323Z	info	base	serviceinfo/service_info.go:280	add instance of {namespace: "Polaris", service: "polaris.monitor"}: 21.21.137.225:8081, status: healthy:true;isolate:false;weight:100
2026-08-06 16:22:53.468327Z	info	base	serviceinfo/service_info.go:280	add instance of {namespace: "Polaris", service: "polaris.monitor"}: 9.141.122.157:8081, status: healthy:true;isolate:false;weight:100
2026-08-06 16:22:53.468330Z	info	base	serviceinfo/service_info.go:280	add instance of {namespace: "Polaris", service: "polaris.monitor"}: 11.140.162.152:8081, status: healthy:true;isolate:false;weight:100
2026-08-06 16:22:53.468334Z	info	base	serviceinfo/service_info.go:280	add instance of {namespace: "Polaris", service: "polaris.monitor"}: 9.141.122.163:8081, status: healthy:true;isolate:false;weight:100
2026-08-06 16:22:53.468338Z	info	base	serviceinfo/service_info.go:280	add instance of {namespace: "Polaris", service: "polaris.monitor"}: 11.135.192.3:8081, status: healthy:true;isolate:false;weight:100
2026-08-06 16:22:53.468341Z	info	base	serviceinfo/service_info.go:280	add instance of {namespace: "Polaris", service: "polaris.monitor"}: 21.21.137.230:8081, status: healthy:true;isolate:false;weight:100
2026-08-06 16:22:53.468345Z	info	base	serviceinfo/service_info.go:280	add instance of {namespace: "Polaris", service: "polaris.monitor"}: 9.141.113.25:8081, status: healthy:true;isolate:false;weight:100
2026-08-06 16:22:53.468349Z	info	base	serviceinfo/service_info.go:280	add instance of {namespace: "Polaris", service: "polaris.monitor"}: 9.136.31.223:8081, status: healthy:true;isolate:false;weight:100
2026-08-06 16:22:53.468353Z	info	base	serviceinfo/service_info.go:280	add instance of {namespace: "Polaris", service: "polaris.monitor"}: 11.135.192.250:8081, status: healthy:true;isolate:false;weight:100
2026-08-06 16:22:53.468357Z	info	base	serviceinfo/service_info.go:280	add instance of {namespace: "Polaris", service: "polaris.monitor"}: 9.141.115.37:8081, status: healthy:true;isolate:false;weight:100
2026-08-06 16:22:53.468361Z	info	base	serviceinfo/service_info.go:280	add instance of {namespace: "Polaris", service: "polaris.monitor"}: 9.141.120.253:8081, status: healthy:true;isolate:false;weight:100
2026-08-06 16:22:53.468365Z	info	base	serviceinfo/service_info.go:280	add instance of {namespace: "Polaris", service: "polaris.monitor"}: 11.135.192.2:8081, status: healthy:true;isolate:false;weight:100
2026-08-06 16:22:53.468369Z	info	base	serviceinfo/service_info.go:280	add instance of {namespace: "Polaris", service: "polaris.monitor"}: 11.135.192.46:8081, status: healthy:true;isolate:false;weight:100
2026-08-06 16:22:53.468372Z	info	base	serviceinfo/service_info.go:280	add instance of {namespace: "Polaris", service: "polaris.monitor"}: 21.21.137.208:8081, status: healthy:true;isolate:false;weight:100
2026-08-06 16:22:53.468377Z	info	base	serviceinfo/service_info.go:280	add instance of {namespace: "Polaris", service: "polaris.monitor"}: 21.21.137.231:8081, status: healthy:true;isolate:false;weight:100
2026-08-06 16:22:53.468381Z	info	base	serviceinfo/service_info.go:280	add instance of {namespace: "Polaris", service: "polaris.monitor"}: 9.141.66.69:8081, status: healthy:true;isolate:false;weight:100
2026-08-06 16:22:53.468384Z	info	base	serviceinfo/service_info.go:280	add instance of {namespace: "Polaris", service: "polaris.monitor"}: 30.160.192.13:8081, status: healthy:true;isolate:false;weight:100
2026-08-06 16:22:53.468388Z	info	base	serviceinfo/service_info.go:280	add instance of {namespace: "Polaris", service: "polaris.monitor"}: 11.140.162.155:8081, status: healthy:true;isolate:false;weight:100
2026-08-06 16:22:53.468392Z	info	base	serviceinfo/service_info.go:280	add instance of {namespace: "Polaris", service: "polaris.monitor"}: 21.106.233.79:8081, status: healthy:true;isolate:false;weight:100
2026-08-06 16:22:53.468397Z	info	base	serviceinfo/service_info.go:280	add instance of {namespace: "Polaris", service: "polaris.monitor"}: 11.135.192.218:8081, status: healthy:true;isolate:false;weight:100
2026-08-06 16:22:53.468401Z	info	base	serviceinfo/service_info.go:280	add instance of {namespace: "Polaris", service: "polaris.monitor"}: 11.142.130.77:8081, status: healthy:true;isolate:false;weight:100
2026-08-06 16:22:53.468405Z	info	base	serviceinfo/service_info.go:280	add instance of {namespace: "Polaris", service: "polaris.monitor"}: 30.160.241.60:8081, status: healthy:true;isolate:false;weight:100
2026-08-06 16:22:53.468409Z	info	base	serviceinfo/service_info.go:280	add instance of {namespace: "Polaris", service: "polaris.monitor"}: 9.141.122.125:8081, status: healthy:true;isolate:false;weight:100
2026-08-06 16:22:53.468413Z	info	base	serviceinfo/service_info.go:280	add instance of {namespace: "Polaris", service: "polaris.monitor"}: 11.135.192.54:8081, status: healthy:true;isolate:false;weight:100
2026-08-06 16:22:53.468417Z	info	base	serviceinfo/service_info.go:280	add instance of {namespace: "Polaris", service: "polaris.monitor"}: 9.141.100.221:8081, status: healthy:true;isolate:false;weight:100
2026-08-06 16:22:53.468421Z	info	base	serviceinfo/service_info.go:280	add instance of {namespace: "Polaris", service: "polaris.monitor"}: 30.160.241.156:8081, status: healthy:true;isolate:false;weight:100
2026-08-06 16:22:53.468425Z	info	base	serviceinfo/service_info.go:280	add instance of {namespace: "Polaris", service: "polaris.monitor"}: 21.106.233.65:8081, status: healthy:true;isolate:false;weight:100
2026-08-06 16:22:53.468429Z	info	base	serviceinfo/service_info.go:280	add instance of {namespace: "Polaris", service: "polaris.monitor"}: 30.175.164.150:8081, status: healthy:true;isolate:false;weight:100
2026-08-06 16:22:53.468432Z	info	base	serviceinfo/service_info.go:280	add instance of {namespace: "Polaris", service: "polaris.monitor"}: 11.150.115.149:8081, status: healthy:true;isolate:false;weight:100
2026-08-06 16:22:53.468436Z	info	base	serviceinfo/service_info.go:280	add instance of {namespace: "Polaris", service: "polaris.monitor"}: 9.136.77.197:8081, status: healthy:true;isolate:false;weight:100
2026-08-06 16:22:53.468440Z	info	base	serviceinfo/service_info.go:280	add instance of {namespace: "Polaris", service: "polaris.monitor"}: 21.21.137.244:8081, status: healthy:true;isolate:false;weight:100
2026-08-06 16:22:53.468444Z	info	base	serviceinfo/service_info.go:280	add instance of {namespace: "Polaris", service: "polaris.monitor"}: 9.141.104.199:8081, status: healthy:true;isolate:false;weight:100
2026-08-06 16:22:53.468447Z	info	base	serviceinfo/service_info.go:280	add instance of {namespace: "Polaris", service: "polaris.monitor"}: 11.135.192.200:8081, status: healthy:true;isolate:false;weight:100
2026-08-06 16:22:53.468451Z	info	base	serviceinfo/service_info.go:280	add instance of {namespace: "Polaris", service: "polaris.monitor"}: 11.135.192.77:8081, status: healthy:true;isolate:false;weight:100
2026-08-06 16:22:53.468455Z	info	base	serviceinfo/service_info.go:280	add instance of {namespace: "Polaris", service: "polaris.monitor"}: 11.142.135.1:8081, status: healthy:true;isolate:false;weight:100
2026-08-06 16:22:53.468459Z	info	base	serviceinfo/service_info.go:280	add instance of {namespace: "Polaris", service: "polaris.monitor"}: 21.21.137.202:8081, status: healthy:true;isolate:false;weight:100
2026-08-06 16:22:53.468463Z	info	base	serviceinfo/service_info.go:280	add instance of {namespace: "Polaris", service: "polaris.monitor"}: 11.135.192.108:8081, status: healthy:true;isolate:false;weight:100
2026-08-06 16:22:53.468467Z	info	base	serviceinfo/service_info.go:280	add instance of {namespace: "Polaris", service: "polaris.monitor"}: 21.106.233.120:8081, status: healthy:true;isolate:false;weight:100
2026-08-06 16:22:53.468471Z	info	base	serviceinfo/service_info.go:280	add instance of {namespace: "Polaris", service: "polaris.monitor"}: 11.135.192.73:8081, status: healthy:true;isolate:false;weight:100
2026-08-06 16:22:53.468474Z	info	base	serviceinfo/service_info.go:280	add instance of {namespace: "Polaris", service: "polaris.monitor"}: 9.141.115.33:8081, status: healthy:true;isolate:false;weight:100
2026-08-06 16:22:53.468478Z	info	base	serviceinfo/service_info.go:280	add instance of {namespace: "Polaris", service: "polaris.monitor"}: 11.135.192.121:8081, status: healthy:true;isolate:false;weight:100
2026-08-06 16:22:53.468482Z	info	base	serviceinfo/service_info.go:280	add instance of {namespace: "Polaris", service: "polaris.monitor"}: 21.21.137.207:8081, status: healthy:true;isolate:false;weight:100
2026-08-06 16:22:53.468487Z	info	base	serviceinfo/service_info.go:280	add instance of {namespace: "Polaris", service: "polaris.monitor"}: 21.21.137.204:8081, status: healthy:true;isolate:false;weight:100
2026-08-06 16:22:53.468491Z	info	base	serviceinfo/service_info.go:280	add instance of {namespace: "Polaris", service: "polaris.monitor"}: 11.142.132.99:8081, status: healthy:true;isolate:false;weight:100
2026-08-06 16:22:53.468496Z	info	base	serviceinfo/service_info.go:280	add instance of {namespace: "Polaris", service: "polaris.monitor"}: 21.21.137.198:8081, status: healthy:true;isolate:false;weight:100
2026-08-06 16:22:53.468500Z	info	base	serviceinfo/service_info.go:280	add instance of {namespace: "Polaris", service: "polaris.monitor"}: 9.141.115.36:8081, status: healthy:true;isolate:false;weight:100
2026-08-06 16:22:53.468504Z	info	base	serviceinfo/service_info.go:280	add instance of {namespace: "Polaris", service: "polaris.monitor"}: 11.140.162.110:8081, status: healthy:true;isolate:false;weight:100
2026-08-06 16:22:53.468508Z	info	base	serviceinfo/service_info.go:280	add instance of {namespace: "Polaris", service: "polaris.monitor"}: 30.160.241.137:8081, status: healthy:true;isolate:false;weight:100
2026-08-06 16:22:53.468511Z	info	base	serviceinfo/service_info.go:280	add instance of {namespace: "Polaris", service: "polaris.monitor"}: 9.141.115.6:8081, status: healthy:true;isolate:false;weight:100
2026-08-06 16:22:53.468515Z	info	base	serviceinfo/service_info.go:280	add instance of {namespace: "Polaris", service: "polaris.monitor"}: 9.141.113.113:8081, status: healthy:true;isolate:false;weight:100
2026-08-06 16:22:53.468519Z	info	base	serviceinfo/service_info.go:280	add instance of {namespace: "Polaris", service: "polaris.monitor"}: 21.21.137.241:8081, status: healthy:true;isolate:false;weight:100
2026-08-06 16:22:53.468523Z	info	base	serviceinfo/service_info.go:280	add instance of {namespace: "Polaris", service: "polaris.monitor"}: 11.140.163.46:8081, status: healthy:true;isolate:false;weight:100
2026-08-06 16:22:53.468527Z	info	base	serviceinfo/service_info.go:280	add instance of {namespace: "Polaris", service: "polaris.monitor"}: 11.140.166.207:8081, status: healthy:true;isolate:false;weight:100
2026-08-06 16:22:53.468531Z	info	base	serviceinfo/service_info.go:280	add instance of {namespace: "Polaris", service: "polaris.monitor"}: 11.135.192.85:8081, status: healthy:true;isolate:false;weight:100
2026-08-06 16:22:53.468535Z	info	base	serviceinfo/service_info.go:280	add instance of {namespace: "Polaris", service: "polaris.monitor"}: 9.136.54.43:8081, status: healthy:true;isolate:false;weight:100
2026-08-06 16:22:53.468539Z	info	base	serviceinfo/service_info.go:280	add instance of {namespace: "Polaris", service: "polaris.monitor"}: 9.141.66.89:8081, status: healthy:true;isolate:false;weight:100
2026-08-06 16:22:53.468543Z	info	base	serviceinfo/service_info.go:280	add instance of {namespace: "Polaris", service: "polaris.monitor"}: 9.136.31.182:8081, status: healthy:true;isolate:false;weight:100
2026-08-06 16:22:53.468547Z	info	base	serviceinfo/service_info.go:280	add instance of {namespace: "Polaris", service: "polaris.monitor"}: 9.141.115.184:8081, status: healthy:true;isolate:false;weight:100
2026-08-06 16:22:53.468550Z	info	base	serviceinfo/service_info.go:280	add instance of {namespace: "Polaris", service: "polaris.monitor"}: 9.141.64.235:8081, status: healthy:true;isolate:false;weight:100
2026-08-06 16:22:53.468554Z	info	base	serviceinfo/service_info.go:280	add instance of {namespace: "Polaris", service: "polaris.monitor"}: 9.141.113.190:8081, status: healthy:true;isolate:false;weight:100
2026-08-06 16:22:53.468558Z	info	base	serviceinfo/service_info.go:280	add instance of {namespace: "Polaris", service: "polaris.monitor"}: 9.141.115.69:8081, status: healthy:true;isolate:false;weight:100
2026-08-06 16:22:53.468562Z	info	base	serviceinfo/service_info.go:280	add instance of {namespace: "Polaris", service: "polaris.monitor"}: 9.136.82.84:8081, status: healthy:true;isolate:false;weight:100
2026-08-06 16:22:53.468566Z	info	base	serviceinfo/service_info.go:280	add instance of {namespace: "Polaris", service: "polaris.monitor"}: 30.160.192.130:8081, status: healthy:true;isolate:false;weight:100
2026-08-06 16:22:53.468570Z	info	base	serviceinfo/service_info.go:280	add instance of {namespace: "Polaris", service: "polaris.monitor"}: 21.21.137.217:8081, status: healthy:true;isolate:false;weight:100
2026-08-06 16:22:53.468574Z	info	base	serviceinfo/service_info.go:280	add instance of {namespace: "Polaris", service: "polaris.monitor"}: 9.141.104.208:8081, status: healthy:true;isolate:false;weight:100
2026-08-06 16:22:53.468579Z	info	base	serviceinfo/service_info.go:280	add instance of {namespace: "Polaris", service: "polaris.monitor"}: 9.136.82.204:8081, status: healthy:true;isolate:false;weight:100
2026-08-06 16:22:53.468584Z	info	base	serviceinfo/service_info.go:280	add instance of {namespace: "Polaris", service: "polaris.monitor"}: 9.141.65.3:8081, status: healthy:true;isolate:false;weight:100
2026-08-06 16:22:53.468589Z	info	base	serviceinfo/service_info.go:280	add instance of {namespace: "Polaris", service: "polaris.monitor"}: 21.21.137.220:8081, status: healthy:true;isolate:false;weight:100
2026-08-06 16:22:53.468597Z	info	base	serviceinfo/service_info.go:280	add instance of {namespace: "Polaris", service: "polaris.monitor"}: 11.135.192.122:8081, status: healthy:true;isolate:false;weight:100
2026-08-06 16:22:53.468603Z	info	base	serviceinfo/service_info.go:280	add instance of {namespace: "Polaris", service: "polaris.monitor"}: 9.141.110.90:8081, status: healthy:true;isolate:false;weight:100
2026-08-06 16:22:53.468607Z	info	base	serviceinfo/service_info.go:280	add instance of {namespace: "Polaris", service: "polaris.monitor"}: 9.141.113.130:8081, status: healthy:true;isolate:false;weight:100
2026-08-06 16:22:53.468613Z	info	base	serviceinfo/service_info.go:280	add instance of {namespace: "Polaris", service: "polaris.monitor"}: 21.106.233.81:8081, status: healthy:true;isolate:false;weight:100
2026-08-06 16:22:53.468617Z	info	base	serviceinfo/service_info.go:280	add instance of {namespace: "Polaris", service: "polaris.monitor"}: 9.141.71.113:8081, status: healthy:true;isolate:false;weight:100
2026-08-06 16:22:53.468621Z	info	base	serviceinfo/service_info.go:280	add instance of {namespace: "Polaris", service: "polaris.monitor"}: 11.140.162.50:8081, status: healthy:true;isolate:false;weight:100
2026-08-06 16:22:53.468624Z	info	base	serviceinfo/service_info.go:280	add instance of {namespace: "Polaris", service: "polaris.monitor"}: 9.141.100.246:8081, status: healthy:true;isolate:false;weight:100
2026-08-06 16:22:53.468628Z	info	base	serviceinfo/service_info.go:280	add instance of {namespace: "Polaris", service: "polaris.monitor"}: 9.141.100.87:8081, status: healthy:true;isolate:false;weight:100
2026-08-06 16:22:53.468632Z	info	base	serviceinfo/service_info.go:280	add instance of {namespace: "Polaris", service: "polaris.monitor"}: 9.141.110.111:8081, status: healthy:true;isolate:false;weight:100
2026-08-06 16:22:53.468637Z	info	base	serviceinfo/service_info.go:280	add instance of {namespace: "Polaris", service: "polaris.monitor"}: 11.140.163.44:8081, status: healthy:true;isolate:false;weight:100
2026-08-06 16:22:53.468641Z	info	base	serviceinfo/service_info.go:280	add instance of {namespace: "Polaris", service: "polaris.monitor"}: 21.106.233.118:8081, status: healthy:true;isolate:false;weight:100
2026-08-06 16:22:53.468645Z	info	base	serviceinfo/service_info.go:280	add instance of {namespace: "Polaris", service: "polaris.monitor"}: 9.141.66.15:8081, status: healthy:true;isolate:false;weight:100
2026-08-06 16:22:53.468649Z	info	base	serviceinfo/service_info.go:280	add instance of {namespace: "Polaris", service: "polaris.monitor"}: 21.21.137.201:8081, status: healthy:true;isolate:false;weight:100
2026-08-06 16:22:53.468652Z	info	base	serviceinfo/service_info.go:280	add instance of {namespace: "Polaris", service: "polaris.monitor"}: 9.136.53.240:8081, status: healthy:true;isolate:false;weight:100
2026-08-06 16:22:53.468656Z	info	base	serviceinfo/service_info.go:280	add instance of {namespace: "Polaris", service: "polaris.monitor"}: 9.141.104.192:8081, status: healthy:true;isolate:false;weight:100
2026-08-06 16:22:53.468660Z	info	base	serviceinfo/service_info.go:280	add instance of {namespace: "Polaris", service: "polaris.monitor"}: 9.141.115.70:8081, status: healthy:true;isolate:false;weight:100
2026-08-06 16:22:53.468664Z	info	base	serviceinfo/service_info.go:280	add instance of {namespace: "Polaris", service: "polaris.monitor"}: 11.140.162.189:8081, status: healthy:true;isolate:false;weight:100
2026-08-06 16:22:53.468668Z	info	base	serviceinfo/service_info.go:280	add instance of {namespace: "Polaris", service: "polaris.monitor"}: 9.141.104.162:8081, status: healthy:true;isolate:false;weight:100
2026-08-06 16:22:53.468673Z	info	base	serviceinfo/service_info.go:280	add instance of {namespace: "Polaris", service: "polaris.monitor"}: 11.150.115.69:8081, status: healthy:true;isolate:false;weight:100
2026-08-06 16:22:53.468677Z	info	base	serviceinfo/service_info.go:280	add instance of {namespace: "Polaris", service: "polaris.monitor"}: 9.141.100.46:8081, status: healthy:true;isolate:false;weight:100
2026-08-06 16:22:53.468681Z	info	base	serviceinfo/service_info.go:280	add instance of {namespace: "Polaris", service: "polaris.monitor"}: 9.141.115.129:8081, status: healthy:true;isolate:false;weight:100
2026-08-06 16:22:53.468684Z	info	base	serviceinfo/service_info.go:280	add instance of {namespace: "Polaris", service: "polaris.monitor"}: 21.21.137.211:8081, status: healthy:true;isolate:false;weight:100
2026-08-06 16:22:53.468688Z	info	base	serviceinfo/service_info.go:280	add instance of {namespace: "Polaris", service: "polaris.monitor"}: 21.21.137.194:8081, status: healthy:true;isolate:false;weight:100
2026-08-06 16:22:53.468692Z	info	base	serviceinfo/service_info.go:280	add instance of {namespace: "Polaris", service: "polaris.monitor"}: 9.136.102.110:8081, status: healthy:true;isolate:false;weight:100
2026-08-06 16:22:53.468696Z	info	base	serviceinfo/service_info.go:280	add instance of {namespace: "Polaris", service: "polaris.monitor"}: 9.141.115.42:8081, status: healthy:true;isolate:false;weight:100
2026-08-06 16:22:53.468700Z	info	base	serviceinfo/service_info.go:280	add instance of {namespace: "Polaris", service: "polaris.monitor"}: 11.135.192.99:8081, status: healthy:true;isolate:false;weight:100
2026-08-06 16:22:53.468703Z	info	base	serviceinfo/service_info.go:280	add instance of {namespace: "Polaris", service: "polaris.monitor"}: 9.141.115.142:8081, status: healthy:true;isolate:false;weight:100
2026-08-06 16:22:53.468707Z	info	base	serviceinfo/service_info.go:280	add instance of {namespace: "Polaris", service: "polaris.monitor"}: 11.135.192.173:8081, status: healthy:true;isolate:false;weight:100
2026-08-06 16:22:53.468711Z	info	base	serviceinfo/service_info.go:280	add instance of {namespace: "Polaris", service: "polaris.monitor"}: 11.140.166.19:8081, status: healthy:true;isolate:false;weight:100
2026-08-06 16:22:53.468715Z	info	base	serviceinfo/service_info.go:280	add instance of {namespace: "Polaris", service: "polaris.monitor"}: 9.141.122.230:8081, status: healthy:true;isolate:false;weight:100
2026-08-06 16:22:53.468718Z	info	base	serviceinfo/service_info.go:280	add instance of {namespace: "Polaris", service: "polaris.monitor"}: 9.141.113.136:8081, status: healthy:true;isolate:false;weight:100
2026-08-06 16:22:53.468722Z	info	base	serviceinfo/service_info.go:280	add instance of {namespace: "Polaris", service: "polaris.monitor"}: 9.136.78.14:8081, status: healthy:true;isolate:false;weight:100
2026-08-06 16:22:53.468728Z	info	base	serviceinfo/service_info.go:280	add instance of {namespace: "Polaris", service: "polaris.monitor"}: 11.135.192.251:8081, status: healthy:true;isolate:false;weight:100
2026-08-06 16:22:53.468735Z	info	base	serviceinfo/service_info.go:280	add instance of {namespace: "Polaris", service: "polaris.monitor"}: 11.135.192.48:8081, status: healthy:true;isolate:false;weight:100
2026-08-06 16:22:53.468740Z	info	base	serviceinfo/service_info.go:280	add instance of {namespace: "Polaris", service: "polaris.monitor"}: 11.135.192.63:8081, status: healthy:true;isolate:false;weight:100
2026-08-06 16:22:53.468744Z	info	base	serviceinfo/service_info.go:280	add instance of {namespace: "Polaris", service: "polaris.monitor"}: 30.175.164.146:8081, status: healthy:true;isolate:false;weight:100
2026-08-06 16:22:53.468747Z	info	base	serviceinfo/service_info.go:280	add instance of {namespace: "Polaris", service: "polaris.monitor"}: 11.135.192.105:8081, status: healthy:true;isolate:false;weight:100
2026-08-06 16:22:53.468751Z	info	base	serviceinfo/service_info.go:280	add instance of {namespace: "Polaris", service: "polaris.monitor"}: 11.140.163.199:8081, status: healthy:true;isolate:false;weight:100
2026-08-06 16:22:53.468755Z	info	base	serviceinfo/service_info.go:280	add instance of {namespace: "Polaris", service: "polaris.monitor"}: 9.136.31.230:8081, status: healthy:true;isolate:false;weight:100
2026-08-06 16:22:53.468759Z	info	base	serviceinfo/service_info.go:280	add instance of {namespace: "Polaris", service: "polaris.monitor"}: 11.142.130.64:8081, status: healthy:true;isolate:false;weight:100
2026-08-06 16:22:53.468762Z	info	base	serviceinfo/service_info.go:280	add instance of {namespace: "Polaris", service: "polaris.monitor"}: 9.141.120.39:8081, status: healthy:true;isolate:false;weight:100
2026-08-06 16:22:53.468766Z	info	base	serviceinfo/service_info.go:280	add instance of {namespace: "Polaris", service: "polaris.monitor"}: 9.141.115.31:8081, status: healthy:true;isolate:false;weight:100
2026-08-06 16:22:53.468770Z	info	base	serviceinfo/service_info.go:280	add instance of {namespace: "Polaris", service: "polaris.monitor"}: 11.135.192.217:8081, status: healthy:true;isolate:false;weight:100
2026-08-06 16:22:53.468774Z	info	base	serviceinfo/service_info.go:280	add instance of {namespace: "Polaris", service: "polaris.monitor"}: 11.135.192.140:8081, status: healthy:true;isolate:false;weight:100
2026-08-06 16:22:53.468777Z	info	base	serviceinfo/service_info.go:280	add instance of {namespace: "Polaris", service: "polaris.monitor"}: 11.140.163.251:8081, status: healthy:true;isolate:false;weight:100
2026-08-06 16:22:53.468781Z	info	base	serviceinfo/service_info.go:280	add instance of {namespace: "Polaris", service: "polaris.monitor"}: 11.135.192.133:8081, status: healthy:true;isolate:false;weight:100
2026-08-06 16:22:53.468784Z	info	base	serviceinfo/service_info.go:280	add instance of {namespace: "Polaris", service: "polaris.monitor"}: 11.135.192.106:8081, status: healthy:true;isolate:false;weight:100
2026-08-06 16:22:53.468788Z	info	base	serviceinfo/service_info.go:280	add instance of {namespace: "Polaris", service: "polaris.monitor"}: 9.141.115.201:8081, status: healthy:true;isolate:false;weight:100
2026-08-06 16:22:53.468792Z	info	base	serviceinfo/service_info.go:280	add instance of {namespace: "Polaris", service: "polaris.monitor"}: 11.140.163.160:8081, status: healthy:true;isolate:false;weight:100
2026-08-06 16:22:53.468796Z	info	base	serviceinfo/service_info.go:280	add instance of {namespace: "Polaris", service: "polaris.monitor"}: 9.141.120.34:8081, status: healthy:true;isolate:false;weight:100
2026-08-06 16:22:53.468800Z	info	base	serviceinfo/service_info.go:280	add instance of {namespace: "Polaris", service: "polaris.monitor"}: 30.160.241.131:8081, status: healthy:true;isolate:false;weight:100
2026-08-06 16:22:53.468804Z	info	base	serviceinfo/service_info.go:280	add instance of {namespace: "Polaris", service: "polaris.monitor"}: 9.141.110.41:8081, status: healthy:true;isolate:false;weight:100
2026-08-06 16:22:53.468808Z	info	base	serviceinfo/service_info.go:280	add instance of {namespace: "Polaris", service: "polaris.monitor"}: 11.135.192.215:8081, status: healthy:true;isolate:false;weight:100
2026-08-06 16:22:53.468812Z	info	base	serviceinfo/service_info.go:280	add instance of {namespace: "Polaris", service: "polaris.monitor"}: 30.160.241.142:8081, status: healthy:true;isolate:false;weight:100
2026-08-06 16:22:53.468815Z	info	base	serviceinfo/service_info.go:280	add instance of {namespace: "Polaris", service: "polaris.monitor"}: 9.141.122.221:8081, status: healthy:true;isolate:false;weight:100
2026-08-06 16:22:53.468819Z	info	base	serviceinfo/service_info.go:280	add instance of {namespace: "Polaris", service: "polaris.monitor"}: 21.21.137.242:8081, status: healthy:true;isolate:false;weight:100
2026-08-06 16:22:53.468823Z	info	base	serviceinfo/service_info.go:280	add instance of {namespace: "Polaris", service: "polaris.monitor"}: 11.142.134.99:8081, status: healthy:true;isolate:false;weight:100
2026-08-06 16:22:53.468827Z	info	base	serviceinfo/service_info.go:280	add instance of {namespace: "Polaris", service: "polaris.monitor"}: 9.141.110.31:8081, status: healthy:true;isolate:false;weight:100
2026-08-06 16:22:53.468831Z	info	base	serviceinfo/service_info.go:280	add instance of {namespace: "Polaris", service: "polaris.monitor"}: 21.21.137.227:8081, status: healthy:true;isolate:false;weight:100
2026-08-06 16:22:53.468834Z	info	base	serviceinfo/service_info.go:280	add instance of {namespace: "Polaris", service: "polaris.monitor"}: 9.141.113.29:8081, status: healthy:true;isolate:false;weight:100
2026-08-06 16:22:53.468838Z	info	base	serviceinfo/service_info.go:280	add instance of {namespace: "Polaris", service: "polaris.monitor"}: 21.106.233.80:8081, status: healthy:true;isolate:false;weight:100
2026-08-06 16:22:53.468842Z	info	base	serviceinfo/service_info.go:280	add instance of {namespace: "Polaris", service: "polaris.monitor"}: 11.142.132.163:8081, status: healthy:true;isolate:false;weight:100
2026-08-06 16:22:53.468845Z	info	base	serviceinfo/service_info.go:280	add instance of {namespace: "Polaris", service: "polaris.monitor"}: 9.141.115.173:8081, status: healthy:true;isolate:false;weight:100
2026-08-06 16:22:53.468849Z	info	base	serviceinfo/service_info.go:280	add instance of {namespace: "Polaris", service: "polaris.monitor"}: 11.135.192.186:8081, status: healthy:true;isolate:false;weight:100
2026-08-06 16:22:53.468853Z	info	base	serviceinfo/service_info.go:280	add instance of {namespace: "Polaris", service: "polaris.monitor"}: 11.135.192.191:8081, status: healthy:true;isolate:false;weight:100
2026-08-06 16:22:53.468856Z	info	base	serviceinfo/service_info.go:280	add instance of {namespace: "Polaris", service: "polaris.monitor"}: 9.136.15.144:8081, status: healthy:true;isolate:false;weight:100
2026-08-06 16:22:53.468861Z	info	base	serviceinfo/service_info.go:280	add instance of {namespace: "Polaris", service: "polaris.monitor"}: 30.160.241.219:8081, status: healthy:true;isolate:false;weight:100
2026-08-06 16:22:53.468864Z	info	base	serviceinfo/service_info.go:280	add instance of {namespace: "Polaris", service: "polaris.monitor"}: 11.135.192.233:8081, status: healthy:true;isolate:false;weight:100
2026-08-06 16:22:53.468868Z	info	base	serviceinfo/service_info.go:280	add instance of {namespace: "Polaris", service: "polaris.monitor"}: 11.135.192.245:8081, status: healthy:true;isolate:false;weight:100
2026-08-06 16:22:53.468884Z	info	base	serviceinfo/service_info.go:280	add instance of {namespace: "Polaris", service: "polaris.monitor"}: 9.141.110.19:8081, status: healthy:true;isolate:false;weight:100
2026-08-06 16:22:53.468892Z	info	base	serviceinfo/service_info.go:280	add instance of {namespace: "Polaris", service: "polaris.monitor"}: 9.141.120.58:8081, status: healthy:true;isolate:false;weight:100
2026-08-06 16:22:53.468896Z	info	base	serviceinfo/service_info.go:280	add instance of {namespace: "Polaris", service: "polaris.monitor"}: 9.141.120.25:8081, status: healthy:true;isolate:false;weight:100
2026-08-06 16:22:53.468901Z	info	base	serviceinfo/service_info.go:280	add instance of {namespace: "Polaris", service: "polaris.monitor"}: 21.21.137.197:8081, status: healthy:true;isolate:false;weight:100
2026-08-06 16:22:53.468905Z	info	base	serviceinfo/service_info.go:280	add instance of {namespace: "Polaris", service: "polaris.monitor"}: 9.141.113.140:8081, status: healthy:true;isolate:false;weight:100
2026-08-06 16:22:53.468908Z	info	base	serviceinfo/service_info.go:280	add instance of {namespace: "Polaris", service: "polaris.monitor"}: 11.140.163.213:8081, status: healthy:true;isolate:false;weight:100
2026-08-06 16:22:53.468912Z	info	base	serviceinfo/service_info.go:280	add instance of {namespace: "Polaris", service: "polaris.monitor"}: 11.135.192.235:8081, status: healthy:true;isolate:false;weight:100
2026-08-06 16:22:53.468916Z	info	base	serviceinfo/service_info.go:280	add instance of {namespace: "Polaris", service: "polaris.monitor"}: 9.141.115.5:8081, status: healthy:true;isolate:false;weight:100
2026-08-06 16:22:53.468920Z	info	base	serviceinfo/service_info.go:280	add instance of {namespace: "Polaris", service: "polaris.monitor"}: 9.141.115.63:8081, status: healthy:true;isolate:false;weight:100
2026-08-06 16:22:53.468923Z	info	base	serviceinfo/service_info.go:280	add instance of {namespace: "Polaris", service: "polaris.monitor"}: 9.141.115.72:8081, status: healthy:true;isolate:false;weight:100
2026-08-06 16:22:53.468928Z	info	base	serviceinfo/service_info.go:280	add instance of {namespace: "Polaris", service: "polaris.monitor"}: 9.141.96.247:8081, status: healthy:true;isolate:false;weight:100
2026-08-06 16:22:53.468934Z	info	base	serviceinfo/service_info.go:280	add instance of {namespace: "Polaris", service: "polaris.monitor"}: 21.21.137.222:8081, status: healthy:true;isolate:false;weight:100
2026-08-06 16:22:53.468941Z	info	base	serviceinfo/service_info.go:280	add instance of {namespace: "Polaris", service: "polaris.monitor"}: 30.160.241.87:8081, status: healthy:true;isolate:false;weight:100
2026-08-06 16:22:53.468945Z	info	base	serviceinfo/service_info.go:280	add instance of {namespace: "Polaris", service: "polaris.monitor"}: 9.141.122.12:8081, status: healthy:true;isolate:false;weight:100
2026-08-06 16:22:53.468949Z	info	base	serviceinfo/service_info.go:280	add instance of {namespace: "Polaris", service: "polaris.monitor"}: 21.106.233.70:8081, status: healthy:true;isolate:false;weight:100
2026-08-06 16:22:53.468953Z	info	base	serviceinfo/service_info.go:280	add instance of {namespace: "Polaris", service: "polaris.monitor"}: 21.21.137.235:8081, status: healthy:true;isolate:false;weight:100
2026-08-06 16:22:53.468957Z	info	base	serviceinfo/service_info.go:280	add instance of {namespace: "Polaris", service: "polaris.monitor"}: 9.141.66.96:8081, status: healthy:true;isolate:false;weight:100
2026-08-06 16:22:53.468961Z	info	base	serviceinfo/service_info.go:280	add instance of {namespace: "Polaris", service: "polaris.monitor"}: 9.141.115.10:8081, status: healthy:true;isolate:false;weight:100
2026-08-06 16:22:53.468965Z	info	base	serviceinfo/service_info.go:280	add instance of {namespace: "Polaris", service: "polaris.monitor"}: 11.135.192.130:8081, status: healthy:true;isolate:false;weight:100
2026-08-06 16:22:53.468969Z	info	base	serviceinfo/service_info.go:280	add instance of {namespace: "Polaris", service: "polaris.monitor"}: 9.141.113.119:8081, status: healthy:true;isolate:false;weight:100
2026-08-06 16:22:53.468974Z	info	base	serviceinfo/service_info.go:280	add instance of {namespace: "Polaris", service: "polaris.monitor"}: 21.21.137.218:8081, status: healthy:true;isolate:false;weight:100
2026-08-06 16:22:53.468978Z	info	base	serviceinfo/service_info.go:280	add instance of {namespace: "Polaris", service: "polaris.monitor"}: 11.150.115.185:8081, status: healthy:true;isolate:false;weight:100
2026-08-06 16:22:53.468982Z	info	base	serviceinfo/service_info.go:280	add instance of {namespace: "Polaris", service: "polaris.monitor"}: 11.135.192.185:8081, status: healthy:true;isolate:false;weight:100
2026-08-06 16:22:53.468986Z	info	base	serviceinfo/service_info.go:280	add instance of {namespace: "Polaris", service: "polaris.monitor"}: 21.106.233.55:8081, status: healthy:true;isolate:false;weight:100
2026-08-06 16:22:53.468990Z	info	base	serviceinfo/service_info.go:280	add instance of {namespace: "Polaris", service: "polaris.monitor"}: 9.141.120.40:8081, status: healthy:true;isolate:false;weight:100
2026-08-06 16:22:53.468995Z	info	base	serviceinfo/service_info.go:280	add instance of {namespace: "Polaris", service: "polaris.monitor"}: 11.135.192.146:8081, status: healthy:true;isolate:false;weight:100
2026-08-06 16:22:53.468999Z	info	base	serviceinfo/service_info.go:280	add instance of {namespace: "Polaris", service: "polaris.monitor"}: 21.106.233.106:8081, status: healthy:true;isolate:false;weight:100
2026-08-06 16:22:53.469003Z	info	base	serviceinfo/service_info.go:280	add instance of {namespace: "Polaris", service: "polaris.monitor"}: 9.136.104.103:8081, status: healthy:true;isolate:false;weight:100
2026-08-06 16:22:53.469007Z	info	base	serviceinfo/service_info.go:280	add instance of {namespace: "Polaris", service: "polaris.monitor"}: 9.141.115.20:8081, status: healthy:true;isolate:false;weight:100
2026-08-06 16:22:53.469011Z	info	base	serviceinfo/service_info.go:280	add instance of {namespace: "Polaris", service: "polaris.monitor"}: 9.141.120.236:8081, status: healthy:true;isolate:false;weight:100
2026-08-06 16:22:53.469015Z	info	base	serviceinfo/service_info.go:280	add instance of {namespace: "Polaris", service: "polaris.monitor"}: 11.135.192.183:8081, status: healthy:true;isolate:false;weight:100
2026-08-06 16:22:53.469019Z	info	base	serviceinfo/service_info.go:280	add instance of {namespace: "Polaris", service: "polaris.monitor"}: 9.141.100.35:8081, status: healthy:true;isolate:false;weight:100
2026-08-06 16:22:53.469023Z	info	base	serviceinfo/service_info.go:280	add instance of {namespace: "Polaris", service: "polaris.monitor"}: 11.140.162.28:8081, status: healthy:true;isolate:false;weight:100
2026-08-06 16:22:53.469027Z	info	base	serviceinfo/service_info.go:280	add instance of {namespace: "Polaris", service: "polaris.monitor"}: 30.160.241.93:8081, status: healthy:true;isolate:false;weight:100
2026-08-06 16:22:53.469032Z	info	base	serviceinfo/service_info.go:280	add instance of {namespace: "Polaris", service: "polaris.monitor"}: 21.21.137.251:8081, status: healthy:true;isolate:false;weight:100
2026-08-06 16:22:53.469036Z	info	base	serviceinfo/service_info.go:280	add instance of {namespace: "Polaris", service: "polaris.monitor"}: 21.21.137.221:8081, status: healthy:true;isolate:false;weight:100
2026-08-06 16:22:53.469040Z	info	base	serviceinfo/service_info.go:280	add instance of {namespace: "Polaris", service: "polaris.monitor"}: 9.141.115.126:8081, status: healthy:true;isolate:false;weight:100
2026-08-06 16:22:53.469044Z	info	base	serviceinfo/service_info.go:280	add instance of {namespace: "Polaris", service: "polaris.monitor"}: 30.175.164.155:8081, status: healthy:true;isolate:false;weight:100
2026-08-06 16:22:53.469048Z	info	base	serviceinfo/service_info.go:280	add instance of {namespace: "Polaris", service: "polaris.monitor"}: 21.21.137.203:8081, status: healthy:true;isolate:false;weight:100
2026-08-06 16:22:53.469051Z	info	base	serviceinfo/service_info.go:280	add instance of {namespace: "Polaris", service: "polaris.monitor"}: 11.135.192.90:8081, status: healthy:true;isolate:false;weight:100
2026-08-06 16:22:53.469055Z	info	base	serviceinfo/service_info.go:280	add instance of {namespace: "Polaris", service: "polaris.monitor"}: 11.142.156.139:8081, status: healthy:true;isolate:false;weight:100
2026-08-06 16:22:53.469059Z	info	base	serviceinfo/service_info.go:280	add instance of {namespace: "Polaris", service: "polaris.monitor"}: 11.140.166.215:8081, status: healthy:true;isolate:false;weight:100
2026-08-06 16:22:53.469063Z	info	base	serviceinfo/service_info.go:280	add instance of {namespace: "Polaris", service: "polaris.monitor"}: 21.21.137.250:8081, status: healthy:true;isolate:false;weight:100
2026-08-06 16:22:53.469067Z	info	base	serviceinfo/service_info.go:280	add instance of {namespace: "Polaris", service: "polaris.monitor"}: 11.142.156.160:8081, status: healthy:true;isolate:false;weight:100
2026-08-06 16:22:53.469071Z	info	base	serviceinfo/service_info.go:280	add instance of {namespace: "Polaris", service: "polaris.monitor"}: 21.21.137.223:8081, status: healthy:true;isolate:false;weight:100
2026-08-06 16:22:53.469075Z	info	base	serviceinfo/service_info.go:280	add instance of {namespace: "Polaris", service: "polaris.monitor"}: 9.141.113.131:8081, status: healthy:true;isolate:false;weight:100
2026-08-06 16:22:53.469079Z	info	base	serviceinfo/service_info.go:280	add instance of {namespace: "Polaris", service: "polaris.monitor"}: 9.141.122.116:8081, status: healthy:true;isolate:false;weight:100
2026-08-06 16:22:53.469083Z	info	base	serviceinfo/service_info.go:280	add instance of {namespace: "Polaris", service: "polaris.monitor"}: 9.141.104.250:8081, status: healthy:true;isolate:false;weight:100
2026-08-06 16:22:53.469087Z	info	base	serviceinfo/service_info.go:280	add instance of {namespace: "Polaris", service: "polaris.monitor"}: 11.135.192.119:8081, status: healthy:true;isolate:false;weight:100
2026-08-06 16:22:53.469091Z	info	base	serviceinfo/service_info.go:280	add instance of {namespace: "Polaris", service: "polaris.monitor"}: 9.141.115.48:8081, status: healthy:true;isolate:false;weight:100
2026-08-06 16:22:53.469095Z	info	base	serviceinfo/service_info.go:280	add instance of {namespace: "Polaris", service: "polaris.monitor"}: 11.135.192.47:8081, status: healthy:true;isolate:false;weight:100
2026-08-06 16:22:53.469099Z	info	base	serviceinfo/service_info.go:280	add instance of {namespace: "Polaris", service: "polaris.monitor"}: 9.141.120.50:8081, status: healthy:true;isolate:false;weight:100
2026-08-06 16:22:53.469102Z	info	base	serviceinfo/service_info.go:280	add instance of {namespace: "Polaris", service: "polaris.monitor"}: 21.21.137.246:8081, status: healthy:true;isolate:false;weight:100
2026-08-06 16:22:53.469106Z	info	base	serviceinfo/service_info.go:280	add instance of {namespace: "Polaris", service: "polaris.monitor"}: 9.141.115.127:8081, status: healthy:true;isolate:false;weight:100
2026-08-06 16:22:53.469110Z	info	base	serviceinfo/service_info.go:280	add instance of {namespace: "Polaris", service: "polaris.monitor"}: 9.136.69.245:8081, status: healthy:true;isolate:false;weight:100
2026-08-06 16:22:53.469114Z	info	base	serviceinfo/service_info.go:280	add instance of {namespace: "Polaris", service: "polaris.monitor"}: 11.135.192.61:8081, status: healthy:true;isolate:false;weight:100
2026-08-06 16:22:53.469118Z	info	base	serviceinfo/service_info.go:280	add instance of {namespace: "Polaris", service: "polaris.monitor"}: 11.142.156.231:8081, status: healthy:true;isolate:false;weight:100
2026-08-06 16:22:53.469121Z	info	base	serviceinfo/service_info.go:280	add instance of {namespace: "Polaris", service: "polaris.monitor"}: 11.142.156.167:8081, status: healthy:true;isolate:false;weight:100
2026-08-06 16:22:53.469125Z	info	base	serviceinfo/service_info.go:280	add instance of {namespace: "Polaris", service: "polaris.monitor"}: 9.141.113.252:8081, status: healthy:true;isolate:false;weight:100
2026-08-06 16:22:53.469129Z	info	base	serviceinfo/service_info.go:280	add instance of {namespace: "Polaris", service: "polaris.monitor"}: 11.135.192.229:8081, status: healthy:true;isolate:false;weight:100
2026-08-06 16:22:53.469133Z	info	base	serviceinfo/service_info.go:280	add instance of {namespace: "Polaris", service: "polaris.monitor"}: 21.21.137.205:8081, status: healthy:true;isolate:false;weight:100
2026-08-06 16:22:53.469136Z	info	base	serviceinfo/service_info.go:280	add instance of {namespace: "Polaris", service: "polaris.monitor"}: 11.142.156.228:8081, status: healthy:true;isolate:false;weight:100
2026-08-06 16:22:53.469140Z	info	base	serviceinfo/service_info.go:280	add instance of {namespace: "Polaris", service: "polaris.monitor"}: 11.142.156.175:8081, status: healthy:true;isolate:false;weight:100
2026-08-06 16:22:53.469144Z	info	base	serviceinfo/service_info.go:280	add instance of {namespace: "Polaris", service: "polaris.monitor"}: 21.106.233.111:8081, status: healthy:true;isolate:false;weight:100
2026-08-06 16:22:53.469148Z	info	base	serviceinfo/service_info.go:280	add instance of {namespace: "Polaris", service: "polaris.monitor"}: 21.21.137.234:8081, status: healthy:true;isolate:false;weight:100
2026-08-06 16:22:53.469152Z	info	base	serviceinfo/service_info.go:280	add instance of {namespace: "Polaris", service: "polaris.monitor"}: 9.141.120.37:8081, status: healthy:true;isolate:false;weight:100
2026-08-06 16:22:53.469156Z	info	base	serviceinfo/service_info.go:280	add instance of {namespace: "Polaris", service: "polaris.monitor"}: 11.140.163.242:8081, status: healthy:true;isolate:false;weight:100
2026-08-06 16:22:53.469160Z	info	base	serviceinfo/service_info.go:280	add instance of {namespace: "Polaris", service: "polaris.monitor"}: 9.141.113.203:8081, status: healthy:true;isolate:false;weight:100
2026-08-06 16:22:53.469163Z	info	base	serviceinfo/service_info.go:280	add instance of {namespace: "Polaris", service: "polaris.monitor"}: 9.141.113.100:8081, status: healthy:true;isolate:false;weight:100
2026-08-06 16:22:53.469167Z	info	base	serviceinfo/service_info.go:280	add instance of {namespace: "Polaris", service: "polaris.monitor"}: 11.140.163.106:8081, status: healthy:true;isolate:false;weight:100
2026-08-06 16:22:53.469171Z	info	base	serviceinfo/service_info.go:280	add instance of {namespace: "Polaris", service: "polaris.monitor"}: 21.21.137.239:8081, status: healthy:true;isolate:false;weight:100
2026-08-06 16:22:53.469174Z	info	base	serviceinfo/service_info.go:280	add instance of {namespace: "Polaris", service: "polaris.monitor"}: 21.21.137.236:8081, status: healthy:true;isolate:false;weight:100
2026-08-06 16:22:53.469179Z	info	base	serviceinfo/service_info.go:280	add instance of {namespace: "Polaris", service: "polaris.monitor"}: 30.160.241.158:8081, status: healthy:true;isolate:false;weight:100
2026-08-06 16:22:53.469182Z	info	base	serviceinfo/service_info.go:280	add instance of {namespace: "Polaris", service: "polaris.monitor"}: 11.135.192.60:8081, status: healthy:true;isolate:false;weight:100
2026-08-06 16:22:53.469186Z	info	base	serviceinfo/service_info.go:280	add instance of {namespace: "Polaris", service: "polaris.monitor"}: 9.141.71.77:8081, status: healthy:true;isolate:false;weight:100
2026-08-06 16:22:53.469190Z	info	base	serviceinfo/service_info.go:280	add instance of {namespace: "Polaris", service: "polaris.monitor"}: 21.21.137.206:8081, status: healthy:true;isolate:false;weight:100
2026-08-06 16:22:53.469194Z	info	base	serviceinfo/service_info.go:280	add instance of {namespace: "Polaris", service: "polaris.monitor"}: 11.135.192.150:8081, status: healthy:true;isolate:false;weight:100
2026-08-06 16:22:53.469197Z	info	base	serviceinfo/service_info.go:280	add instance of {namespace: "Polaris", service: "polaris.monitor"}: 21.21.137.253:8081, status: healthy:true;isolate:false;weight:100
2026-08-06 16:22:53.469201Z	info	base	serviceinfo/service_info.go:280	add instance of {namespace: "Polaris", service: "polaris.monitor"}: 30.160.241.63:8081, status: healthy:true;isolate:false;weight:100
2026-08-06 16:22:53.469205Z	info	base	serviceinfo/service_info.go:280	add instance of {namespace: "Polaris", service: "polaris.monitor"}: 21.21.137.245:8081, status: healthy:true;isolate:false;weight:100
2026-08-06 16:22:53.469208Z	info	base	serviceinfo/service_info.go:280	add instance of {namespace: "Polaris", service: "polaris.monitor"}: 9.141.113.103:8081, status: healthy:true;isolate:false;weight:100
2026-08-06 16:22:53.469213Z	info	base	serviceinfo/service_info.go:280	add instance of {namespace: "Polaris", service: "polaris.monitor"}: 11.140.162.202:8081, status: healthy:true;isolate:false;weight:100
2026-08-06 16:22:53.469216Z	info	base	serviceinfo/service_info.go:280	add instance of {namespace: "Polaris", service: "polaris.monitor"}: 21.21.137.229:8081, status: healthy:true;isolate:false;weight:100
2026-08-06 16:22:53.469220Z	info	base	serviceinfo/service_info.go:280	add instance of {namespace: "Polaris", service: "polaris.monitor"}: 9.141.110.23:8081, status: healthy:true;isolate:false;weight:100
2026-08-06 16:22:53.469224Z	info	base	serviceinfo/service_info.go:280	add instance of {namespace: "Polaris", service: "polaris.monitor"}: 11.135.192.83:8081, status: healthy:true;isolate:false;weight:100
2026-08-06 16:22:53.469227Z	info	base	serviceinfo/service_info.go:280	add instance of {namespace: "Polaris", service: "polaris.monitor"}: 9.141.115.188:8081, status: healthy:true;isolate:false;weight:100
2026-08-06 16:22:53.469231Z	info	base	serviceinfo/service_info.go:280	add instance of {namespace: "Polaris", service: "polaris.monitor"}: 11.135.192.102:8081, status: healthy:true;isolate:false;weight:100
2026-08-06 16:22:53.469240Z	info	base	schedule/routines.go:229	item {namespace: "Polaris", service: "polaris.monitor"} in task circuitBreakTask has added
2026-08-06 16:22:53.469296Z	info	base	common/cache_persist.go:183	Start to load cache from /Users/zhengbangli/polaris/backup/svcV2#Polaris#polaris.monitor#routing.json
2026-08-06 16:22:53.469911Z	info	base	inmemory/inmemory.go:1302	load message for {namespace: "Polaris", service: "polaris.monitor", event: routing} from file svcV2#Polaris#polaris.monitor#routing.json, cache file modify time: 2026-08-05 10:37:39.657821 +0800 CST, direct available: false 

2026-08-06 16:22:53.469923Z	info	base	inmemory/inmemory.go:612	D134B2BA-6675-48A8-95E4-F0BC92ACC0CA, start to register event handler for {namespace: "Polaris", service: "polaris.monitor", event: routing}
2026-08-06 16:22:53.469931Z	info	base	common/register.go:53	D134B2BA-6675-48A8-95E4-F0BC92ACC0CA, addTask: start to add first task for {namespace: "Polaris", service: "polaris.monitor", event: routing, initialized: firstTask}
2026-08-06 16:22:53.469937Z	info	base	common/register.go:66	D134B2BA-6675-48A8-95E4-F0BC92ACC0CA, addTask: finish add first task for {namespace: "Polaris", service: "polaris.monitor", event: routing, initialized: firstTask}
2026-08-06 16:22:53.469943Z	info	base	inmemory/inmemory.go:614	D134B2BA-6675-48A8-95E4-F0BC92ACC0CA, finish register event handler for {namespace: "Polaris", service: "polaris.monitor", event: routing}, err <nil>
2026-08-06 16:22:53.676313Z	info	base	common/discover.go:182	receive init task: {namespace: "Polaris", service: "polaris.monitor", event: routing, initialized: firstTask}
2026-08-06 16:22:53.695141Z	info	base	inmemory/model.go:503	D134B2BA-6675-48A8-95E4-F0BC92ACC0CA, OnServiceUpdate: {namespace: "Polaris", service: "polaris.monitor", event: instance}, status: CacheNotChanged, set cacheLoaded to false, oldRevision: ea1cf66673b51382afa91b11f3568d001cd1ae9a, newRevision: ea1cf66673b51382afa91b11f3568d001cd1ae9a
2026-08-06 16:22:53.695362Z	info	base	inmemory/model.go:503	D134B2BA-6675-48A8-95E4-F0BC92ACC0CA, OnServiceUpdate: {namespace: "Polaris", service: "polaris.monitor", event: routing}, status: CacheNotChanged, set cacheLoaded to false, oldRevision: 3a00e45a08dc4b45b5b3dd83110835e9, newRevision: 3a00e45a08dc4b45b5b3dd83110835e9
2026-08-06 16:22:53.695506Z	warn	base	flow/sync_flow.go:181	retryTimes 0 equals maxRetryTimes 0, get {namespace: "Polaris", service: "polaris.monitor"} from cache
2026-08-06 16:22:53.903340Z	info	base	network/conn.go:116	release connection: {ID:3456206612,Address:11.135.192.186:8081,Service:{ServiceKey: {namespace: "Polaris", service: "polaris.monitor"}, ClusterType: monitor}}
2026-08-06 16:22:57.449531Z	info	base	common/cache_persist.go:183	Start to load cache from /Users/zhengbangli/polaris/backup/svcV2#Test#lzb_nearby_router#instance.json
2026-08-06 16:22:57.450696Z	info	base	pb/service.go:201	service Test::lzb_nearby_router nearby enabled
2026-08-06 16:22:57.450773Z	warn	base	pb/service.go:235	service Test:lzb_nearby_router unmarshal slow start config fail EOF
2026-08-06 16:22:57.450800Z	info	base	inmemory/inmemory.go:1302	load message for {namespace: "Test", service: "lzb_nearby_router", event: instance} from file svcV2#Test#lzb_nearby_router#instance.json, cache file modify time: 2026-07-24 16:46:30.015835965 +0800 CST, direct available: false 

2026-08-06 16:22:57.450814Z	info	base	inmemory/inmemory.go:612	D134B2BA-6675-48A8-95E4-F0BC92ACC0CA, start to register event handler for {namespace: "Test", service: "lzb_nearby_router", event: instance}
2026-08-06 16:22:57.450827Z	info	base	common/register.go:53	D134B2BA-6675-48A8-95E4-F0BC92ACC0CA, addTask: start to add first task for {namespace: "Test", service: "lzb_nearby_router", event: instance, initialized: firstTask}
2026-08-06 16:22:57.450840Z	info	base	common/register.go:66	D134B2BA-6675-48A8-95E4-F0BC92ACC0CA, addTask: finish add first task for {namespace: "Test", service: "lzb_nearby_router", event: instance, initialized: firstTask}
2026-08-06 16:22:57.450848Z	info	base	inmemory/inmemory.go:614	D134B2BA-6675-48A8-95E4-F0BC92ACC0CA, finish register event handler for {namespace: "Test", service: "lzb_nearby_router", event: instance}, err <nil>
2026-08-06 16:22:57.450867Z	info	base	common/discover.go:182	receive init task: {namespace: "Test", service: "lzb_nearby_router", event: instance, initialized: firstTask}
2026-08-06 16:22:57.450870Z	info	base	serviceinfo/service_info.go:277	service instances of {namespace: "Test", service: "lzb_nearby_router"} change, oldRevision , newRevision ac5dc607bdd8072e2d316283e3d2a8b4f1466546, oldCount 0, newCount 20
2026-08-06 16:22:57.450914Z	info	base	serviceinfo/service_info.go:280	add instance of {namespace: "Test", service: "lzb_nearby_router"}: 1.1.1.7:8000, status: healthy:false;isolate:false;weight:100
2026-08-06 16:22:57.450922Z	info	base	serviceinfo/service_info.go:280	add instance of {namespace: "Test", service: "lzb_nearby_router"}: 1.1.1.5:8000, status: healthy:true;isolate:false;weight:100
2026-08-06 16:22:57.450928Z	info	base	serviceinfo/service_info.go:280	add instance of {namespace: "Test", service: "lzb_nearby_router"}: 1.1.2.9:8000, status: healthy:true;isolate:false;weight:100
2026-08-06 16:22:57.450937Z	info	base	serviceinfo/service_info.go:280	add instance of {namespace: "Test", service: "lzb_nearby_router"}: 1.1.1.8:8000, status: healthy:false;isolate:false;weight:100
2026-08-06 16:22:57.450942Z	info	base	serviceinfo/service_info.go:280	add instance of {namespace: "Test", service: "lzb_nearby_router"}: 1.1.1.4:8000, status: healthy:true;isolate:false;weight:100
2026-08-06 16:22:57.450947Z	info	base	serviceinfo/service_info.go:280	add instance of {namespace: "Test", service: "lzb_nearby_router"}: 1.1.2.3:8000, status: healthy:false;isolate:false;weight:100
2026-08-06 16:22:57.450952Z	info	base	serviceinfo/service_info.go:280	add instance of {namespace: "Test", service: "lzb_nearby_router"}: 1.1.2.7:8000, status: healthy:true;isolate:false;weight:100
2026-08-06 16:22:57.450959Z	info	base	serviceinfo/service_info.go:280	add instance of {namespace: "Test", service: "lzb_nearby_router"}: 1.1.2.6:8000, status: healthy:true;isolate:false;weight:100
2026-08-06 16:22:57.450964Z	info	base	serviceinfo/service_info.go:280	add instance of {namespace: "Test", service: "lzb_nearby_router"}: 1.1.2.4:8000, status: healthy:true;isolate:false;weight:200
2026-08-06 16:22:57.450969Z	info	base	serviceinfo/service_info.go:280	add instance of {namespace: "Test", service: "lzb_nearby_router"}: 1.1.2.1:8000, status: healthy:false;isolate:false;weight:100
2026-08-06 16:22:57.450974Z	info	base	serviceinfo/service_info.go:280	add instance of {namespace: "Test", service: "lzb_nearby_router"}: 1.1.1.9:8000, status: healthy:false;isolate:false;weight:100
2026-08-06 16:22:57.450979Z	info	base	serviceinfo/service_info.go:280	add instance of {namespace: "Test", service: "lzb_nearby_router"}: 1.1.1.10:8000, status: healthy:false;isolate:false;weight:100
2026-08-06 16:22:57.450983Z	info	base	serviceinfo/service_info.go:280	add instance of {namespace: "Test", service: "lzb_nearby_router"}: 1.1.2.5:8000, status: healthy:true;isolate:false;weight:1000
2026-08-06 16:22:57.450988Z	info	base	serviceinfo/service_info.go:280	add instance of {namespace: "Test", service: "lzb_nearby_router"}: 1.1.2.2:8000, status: healthy:false;isolate:false;weight:100
2026-08-06 16:22:57.450993Z	info	base	serviceinfo/service_info.go:280	add instance of {namespace: "Test", service: "lzb_nearby_router"}: 1.1.1.6:8000, status: healthy:false;isolate:false;weight:100
2026-08-06 16:22:57.450998Z	info	base	serviceinfo/service_info.go:280	add instance of {namespace: "Test", service: "lzb_nearby_router"}: 1.1.1.2:8000, status: healthy:true;isolate:false;weight:100
2026-08-06 16:22:57.451002Z	info	base	serviceinfo/service_info.go:280	add instance of {namespace: "Test", service: "lzb_nearby_router"}: 1.1.1.1:8000, status: healthy:true;isolate:false;weight:100
2026-08-06 16:22:57.451007Z	info	base	serviceinfo/service_info.go:280	add instance of {namespace: "Test", service: "lzb_nearby_router"}: 1.1.1.3:8000, status: healthy:true;isolate:false;weight:100
2026-08-06 16:22:57.451012Z	info	base	serviceinfo/service_info.go:280	add instance of {namespace: "Test", service: "lzb_nearby_router"}: 1.1.2.8:8000, status: healthy:true;isolate:false;weight:100
2026-08-06 16:22:57.451016Z	info	base	serviceinfo/service_info.go:280	add instance of {namespace: "Test", service: "lzb_nearby_router"}: 1.1.2.10:8000, status: healthy:true;isolate:false;weight:100
2026-08-06 16:22:57.451027Z	info	base	schedule/routines.go:229	item {namespace: "Test", service: "lzb_nearby_router"} in task circuitBreakTask has added
2026-08-06 16:22:57.451417Z	info	base	common/cache_persist.go:183	Start to load cache from /Users/zhengbangli/polaris/backup/svcV2#Test#lzb_nearby_router#routing.json
2026-08-06 16:22:57.451979Z	info	base	inmemory/inmemory.go:1302	load message for {namespace: "Test", service: "lzb_nearby_router", event: routing} from file svcV2#Test#lzb_nearby_router#routing.json, cache file modify time: 2026-07-24 16:46:30.013937 +0800 CST, direct available: false 

2026-08-06 16:22:57.451989Z	info	base	inmemory/inmemory.go:612	D134B2BA-6675-48A8-95E4-F0BC92ACC0CA, start to register event handler for {namespace: "Test", service: "lzb_nearby_router", event: routing}
2026-08-06 16:22:57.451997Z	info	base	common/register.go:53	D134B2BA-6675-48A8-95E4-F0BC92ACC0CA, addTask: start to add first task for {namespace: "Test", service: "lzb_nearby_router", event: routing, initialized: firstTask}
2026-08-06 16:22:57.452009Z	info	base	common/register.go:66	D134B2BA-6675-48A8-95E4-F0BC92ACC0CA, addTask: finish add first task for {namespace: "Test", service: "lzb_nearby_router", event: routing, initialized: firstTask}
2026-08-06 16:22:57.452016Z	info	base	inmemory/inmemory.go:614	D134B2BA-6675-48A8-95E4-F0BC92ACC0CA, finish register event handler for {namespace: "Test", service: "lzb_nearby_router", event: routing}, err <nil>
2026-08-06 16:22:57.452035Z	info	base	common/discover.go:182	receive init task: {namespace: "Test", service: "lzb_nearby_router", event: routing, initialized: firstTask}
2026-08-06 16:22:57.515008Z	info	base	inmemory/model.go:503	D134B2BA-6675-48A8-95E4-F0BC92ACC0CA, OnServiceUpdate: {namespace: "Test", service: "lzb_nearby_router", event: instance}, status: CacheNotChanged, set cacheLoaded to false, oldRevision: ac5dc607bdd8072e2d316283e3d2a8b4f1466546, newRevision: ac5dc607bdd8072e2d316283e3d2a8b4f1466546
2026-08-06 16:22:57.517486Z	info	base	inmemory/model.go:503	D134B2BA-6675-48A8-95E4-F0BC92ACC0CA, OnServiceUpdate: {namespace: "Test", service: "lzb_nearby_router", event: routing}, status: CacheNotChanged, set cacheLoaded to false, oldRevision: f678b8a3d1514d19aac90100c3ac0f88, newRevision: f678b8a3d1514d19aac90100c3ac0f88
2026-08-06 16:23:00.547427Z	info	base	network/impl.go:413	get connection of discover for Discover
2026-08-06 16:23:02.527572Z	info	base	network/conn.go:116	release connection: {ID:108774091,Address:11.181.42.102:8081,Service:{ServiceKey: {namespace: "Polaris", service: "polaris.discover"}, ClusterType: discover}}
2026-08-06 16:23:20.401124Z	info	base	schedule/routines.go:84	task quota-metric has been destroy
2026-08-06 16:23:20.402027Z	info	base	schedule/routines.go:84	task circuitBreakTask has been destroy
2026-08-06 16:23:20.402072Z	info	base	schedule/routines.go:84	task sdkConfigReportTask has been destroy
2026-08-06 16:23:20.402091Z	info	base	schedule/routines.go:143	task circuitBreakTask has done
2026-08-06 16:23:20.402137Z	info	base	inmemory/inmemory.go:244	logServiceMap of inmemory localRegistry has been terminated
2026-08-06 16:23:40.133585Z	warn	base	config/default.go:413	no IP or interface name configured
2026-08-06 16:23:40.134352Z	info	base	api/config.go:293	global clock started
2026-08-06 16:23:40.134518Z	warn	base	config/default.go:413	no IP or interface name configured
2026-08-06 16:23:40.134536Z	info	base	api/config.go:321	
-------Start to init SDKContext of version 2.6.10, IP: , PID: 74733, UID: 4747DF69-F4CD-4718-9EAB-2511CF1C7D97, CONTAINER: , HOSTNAME:-------
2026-08-06 16:23:40.134797Z	info	base	grpc/operation_async.go:100	set grpc plugin as connectionCreator
2026-08-06 16:23:40.134869Z	info	base	plugin/manage.go:241	Initialized plugin type serverConnector, name grpc, id 30
2026-08-06 16:23:40.134904Z	info	base	plugin/manage.go:241	Initialized plugin type serviceRouter, name canaryRouter, id 6
2026-08-06 16:23:40.134909Z	info	base	plugin/manage.go:241	Initialized plugin type serviceRouter, name dstMetaRouter, id 7
2026-08-06 16:23:40.134915Z	info	base	plugin/manage.go:241	Initialized plugin type serviceRouter, name filterOnlyRouter, id 8
2026-08-06 16:23:40.135071Z	info	base	plugin/manage.go:241	Initialized plugin type serviceRouter, name nearbyBasedRouter, id 9
2026-08-06 16:23:40.135221Z	info	base	plugin/manage.go:241	Initialized plugin type serviceRouter, name ruleBasedRouter, id 10
2026-08-06 16:23:40.135227Z	info	base	plugin/manage.go:241	Initialized plugin type serviceRouter, name setDivisionRouter, id 11
2026-08-06 16:23:40.135231Z	info	base	plugin/manage.go:241	Initialized plugin type loadBalancer, name l5cst, id 19
2026-08-06 16:23:40.135237Z	info	base	plugin/manage.go:241	Initialized plugin type loadBalancer, name ringHash, id 20
2026-08-06 16:23:40.135385Z	info	base	plugin/manage.go:241	Initialized plugin type loadBalancer, name weightedRandom, id 21
2026-08-06 16:23:40.135548Z	info	base	plugin/manage.go:241	Initialized plugin type loadBalancer, name dynamicWeightedRandom, id 15
2026-08-06 16:23:40.135558Z	info	base	plugin/manage.go:241	Initialized plugin type loadBalancer, name hash, id 16
2026-08-06 16:23:40.135562Z	info	base	plugin/manage.go:241	Initialized plugin type loadBalancer, name maglev, id 17
2026-08-06 16:23:40.135568Z	info	base	plugin/manage.go:241	Initialized plugin type loadBalancer, name cMurmurHash, id 18
2026-08-06 16:23:40.135575Z	info	base	plugin/manage.go:241	Initialized plugin type outlierDetector, name udp, id 4
2026-08-06 16:23:40.135578Z	info	base	plugin/manage.go:241	Initialized plugin type outlierDetector, name http, id 2
2026-08-06 16:23:40.135582Z	info	base	plugin/manage.go:241	Initialized plugin type outlierDetector, name tcp, id 3
2026-08-06 16:23:40.135586Z	info	base	plugin/manage.go:241	Initialized plugin type circuitBreaker, name errorCount, id 13
2026-08-06 16:23:40.135590Z	info	base	plugin/manage.go:241	Initialized plugin type circuitBreaker, name errorRate, id 14
2026-08-06 16:23:40.135594Z	info	base	plugin/manage.go:241	Initialized plugin type circuitBreaker, name errorCheck, id 12
2026-08-06 16:23:40.135598Z	info	base	plugin/manage.go:241	Initialized plugin type weightAdjuster, name slowStart, id 24
2026-08-06 16:23:40.136651Z	info	base	plugin/manage.go:241	Initialized plugin type statReporter, name stat2Monitor, id 25
2026-08-06 16:23:40.136661Z	info	base	plugin/manage.go:241	Initialized plugin type statReporter, name rateLimitRecord, id 26
2026-08-06 16:23:40.136668Z	info	base	plugin/manage.go:241	Initialized plugin type statReporter, name serviceCache, id 27
2026-08-06 16:23:40.136672Z	info	base	plugin/manage.go:241	Initialized plugin type statReporter, name serviceRoute, id 28
2026-08-06 16:23:40.136676Z	info	base	plugin/manage.go:241	Initialized plugin type alarmReporter, name alarm2file, id 1
2026-08-06 16:23:40.136681Z	info	base	inmemory/inmemory.go:191	LocalCache Real persistDir:/Users/zhengbangli/polaris/backup
2026-08-06 16:23:40.136736Z	info	base	plugin/manage.go:241	Initialized plugin type localRegistry, name inmemory, id 29
2026-08-06 16:23:40.136741Z	info	base	plugin/manage.go:241	Initialized plugin type rateLimiter, name unirate, id 22
2026-08-06 16:23:40.136745Z	info	base	plugin/manage.go:241	Initialized plugin type rateLimiter, name reject, id 5
2026-08-06 16:23:40.136749Z	info	base	plugin/manage.go:241	Initialized plugin type subScribe, name subscribeLocalChannel, id 23
2026-08-06 16:23:40.137675Z	info	base	api/config.go:348	
4747DF69-F4CD-4718-9EAB-2511CF1C7D97, -------Configuration with default value-------
global:
  system:
    mode: 0
    discoverCluster:
      namespace: Polaris
      service: polaris.discover
      refreshInterval: 10m0s
    healthCheckCluster:
      namespace: Polaris
      service: polaris.healthcheck
      refreshInterval: 10m0s
    monitorCluster:
      namespace: Polaris
      service: polaris.monitor
      refreshInterval: 10m0s
    rateLimitCluster: null
    metricCluster: null
    dynamicWeightCluster:
      namespace: Polaris
      service: polaris.dynamic.weight
      refreshInterval: 10m0s
    variables: {}
    apiVersion: v2
  api:
    timeout: 1s
    bindIf: ""
    bindIP: ""
    reportInterval: 10m0s
    maxRetryTimes: 1
    retryInterval: 1s
    location:
      region: 华南
      zone: 深圳
      campus: 深圳一区
      enableUpdate: false
  serverConnector:
    addresses: []
    backupAddresses: []
    protocol: grpc
    connectTimeout: 500ms
    messageTimeout: 1.5s
    watchTimeout: 1m0s
    connectionIdleTimeout: 5s
    requestQueueSize: 1000
    serverSwitchInterval: 10m0s
    reconnectInterval: 500ms
    apiVersion: v2
    joinPoint: ""
    plugin:
      grpc:
        maxCallRecvMsgSize: 52428800
  statReporter:
    enable: true
    chain:
    - stat2Monitor
    - serviceCache
    - rateLimitRecord
    - serviceRoute
    plugin:
      rateLimitRecord:
        reportInterval: 1m0s
      serviceCache:
        reportInterval: 3m0s
      serviceRoute:
        reportInterval: 5m0s
      stat2Monitor:
        metricsReportWindow: 1m0s
        metricsNumBuckets: 12
  authority:
    appId: ""
    appToken: ""
  dataExpiredCheck:
    syncRetryTimes: 5
consumer:
  localCache:
    serviceExpireTime: 24h0m0s
    serviceRefreshInterval: 2s
    persistDir: $HOME/polaris/backup
    enablePersistence: null
    type: inmemory
    persistMaxWriteRetry: 5
    persistMaxReadRetry: 1
    persistRetryInterval: 1s
    persistAvailableInterval: 2m0s
    upgradeWaitTime: 2s
    startUseFileCache: true
    pushEmptyProtection: false
    plugin: {}
  serviceRouter:
    chain:
    - ruleBasedRouter
    - nearbyBasedRouter
    plugin:
      nearbyBasedRouter:
        matchLevel: zone
        maxMatchLevel: ""
        strictNearby: false
        enableDegradeByUnhealthyPercent: true
        unhealthyPercentToDegrade: 40
    percentOfMinInstances: 0
    disableRouteSourceContinue: false
    enableRecoverAll: true
  loadbalancer:
    type: weightedRandom
    plugin:
      hash:
        hashFunction: murmur3
      maglev:
        hashFunction: murmur3
        tableSize: 65537
      ringHash:
        hashFunction: murmur3
        vnodeCount: 10
  circuitBreaker:
    enable: true
    checkPeriod: 2s
    chain:
    - errorCount
    - errorRate
    - errorCheck
    sleepWindow: 30s
    maxSleepWindow: 30s
    expansionFactor: 2
    requestCountAfterHalfOpen: 10
    successCountAfterHalfOpen: 8
    recoverWindow: 1m0s
    recoverNumBuckets: 10
    plugin:
      errorCount:
        continuousErrorThreshold: 10
        metricStatTimeWindow: 1m0s
        metricNumBuckets: 10
      errorRate:
        requestVolumeThreshold: 10
        errorRatePercent: 50
        errorRateThreshold: 0
        metricStatTimeWindow: 1m0s
        metricNumBuckets: 5
  healthCheck:
    interval: 10s
    chain: []
    plugin:
      http:
        timeout: 100ms
        path: ""
      tcp:
        timeout: 100ms
        retry: 0
        send: ""
        receive: ""
      udp:
        timeout: 100ms
        retry: 0
        send: ""
        receive: ""
    when: never
    concurrency: 0
  weightAdjuster:
    chain:
    - slowStart
    plugin: {}
  subscribe:
    type: subscribeLocalChannel
    plugin:
      subscribeLocalChannel:
        channelBufferSize: 30
  servicesSpecific:
  - namespace: Polaris
    service: polaris.discover
    serviceRouter:
      chain:
      - dstMetaRouter
      - nearbyBasedRouter
      plugin:
        nearbyBasedRouter:
          matchLevel: region
          maxMatchLevel: ""
          strictNearby: false
          enableDegradeByUnhealthyPercent: true
          unhealthyPercentToDegrade: 100
      percentOfMinInstances: 0
      disableRouteSourceContinue: false
      enableRecoverAll: true
    circuitBreaker:
      enable: true
      checkPeriod: 2s
      chain:
      - errorCount
      - errorRate
      - errorCheck
      sleepWindow: 30s
      maxSleepWindow: 30s
      expansionFactor: 2
      requestCountAfterHalfOpen: 10
      successCountAfterHalfOpen: 8
      recoverWindow: 1m0s
      recoverNumBuckets: 10
      plugin:
        errorCount:
          continuousErrorThreshold: 1
          metricStatTimeWindow: 1m0s
          metricNumBuckets: 10
        errorRate:
          requestVolumeThreshold: 10
          errorRatePercent: 50
          errorRateThreshold: 0
          metricStatTimeWindow: 1m0s
          metricNumBuckets: 5
    healthCheck:
      interval: 10s
      chain: []
      plugin:
        http:
          timeout: 100ms
          path: ""
        tcp:
          timeout: 100ms
          retry: 0
          send: ""
          receive: ""
        udp:
          timeout: 100ms
          retry: 0
          send: ""
          receive: ""
      when: never
      concurrency: 0
  - namespace: Polaris
    service: polaris.healthcheck
    serviceRouter:
      chain:
      - dstMetaRouter
      - nearbyBasedRouter
      plugin:
        nearbyBasedRouter:
          matchLevel: region
          maxMatchLevel: ""
          strictNearby: false
          enableDegradeByUnhealthyPercent: true
          unhealthyPercentToDegrade: 100
      percentOfMinInstances: 0
      disableRouteSourceContinue: false
      enableRecoverAll: true
    circuitBreaker:
      enable: true
      checkPeriod: 2s
      chain:
      - errorCount
      - errorRate
      - errorCheck
      sleepWindow: 30s
      maxSleepWindow: 30s
      expansionFactor: 2
      requestCountAfterHalfOpen: 10
      successCountAfterHalfOpen: 8
      recoverWindow: 1m0s
      recoverNumBuckets: 10
      plugin:
        errorCount:
          continuousErrorThreshold: 1
          metricStatTimeWindow: 1m0s
          metricNumBuckets: 10
        errorRate:
          requestVolumeThreshold: 10
          errorRatePercent: 50
          errorRateThreshold: 0
          metricStatTimeWindow: 1m0s
          metricNumBuckets: 5
    healthCheck:
      interval: 10s
      chain: []
      plugin:
        http:
          timeout: 100ms
          path: ""
        tcp:
          timeout: 100ms
          retry: 0
          send: ""
          receive: ""
        udp:
          timeout: 100ms
          retry: 0
          send: ""
          receive: ""
      when: never
      concurrency: 0
  - namespace: Polaris
    service: polaris.monitor
    serviceRouter:
      chain:
      - dstMetaRouter
      - nearbyBasedRouter
      plugin:
        nearbyBasedRouter:
          matchLevel: region
          maxMatchLevel: ""
          strictNearby: false
          enableDegradeByUnhealthyPercent: true
          unhealthyPercentToDegrade: 100
      percentOfMinInstances: 0
      disableRouteSourceContinue: false
      enableRecoverAll: true
    circuitBreaker:
      enable: true
      checkPeriod: 2s
      chain:
      - errorCount
      - errorRate
      - errorCheck
      sleepWindow: 30s
      maxSleepWindow: 30s
      expansionFactor: 2
      requestCountAfterHalfOpen: 10
      successCountAfterHalfOpen: 8
      recoverWindow: 1m0s
      recoverNumBuckets: 10
      plugin:
        errorCount:
          continuousErrorThreshold: 1
          metricStatTimeWindow: 1m0s
          metricNumBuckets: 10
        errorRate:
          requestVolumeThreshold: 10
          errorRatePercent: 50
          errorRateThreshold: 0
          metricStatTimeWindow: 1m0s
          metricNumBuckets: 5
    healthCheck:
      interval: 10s
      chain: []
      plugin:
        http:
          timeout: 100ms
          path: ""
        tcp:
          timeout: 100ms
          retry: 0
          send: ""
          receive: ""
        udp:
          timeout: 100ms
          retry: 0
          send: ""
          receive: ""
      when: never
      concurrency: 0
  - namespace: Polaris
    service: polaris.dynamic.weight
    serviceRouter:
      chain:
      - dstMetaRouter
      - nearbyBasedRouter
      plugin:
        nearbyBasedRouter:
          matchLevel: region
          maxMatchLevel: ""
          strictNearby: false
          enableDegradeByUnhealthyPercent: true
          unhealthyPercentToDegrade: 100
      percentOfMinInstances: 0
      disableRouteSourceContinue: false
      enableRecoverAll: true
    circuitBreaker:
      enable: true
      checkPeriod: 2s
      chain:
      - errorCount
      - errorRate
      - errorCheck
      sleepWindow: 30s
      maxSleepWindow: 30s
      expansionFactor: 2
      requestCountAfterHalfOpen: 10
      successCountAfterHalfOpen: 8
      recoverWindow: 1m0s
      recoverNumBuckets: 10
      plugin:
        errorCount:
          continuousErrorThreshold: 1
          metricStatTimeWindow: 1m0s
          metricNumBuckets: 10
        errorRate:
          requestVolumeThreshold: 10
          errorRatePercent: 50
          errorRateThreshold: 0
          metricStatTimeWindow: 1m0s
          metricNumBuckets: 5
    healthCheck:
      interval: 10s
      chain: []
      plugin:
        http:
          timeout: 100ms
          path: ""
        tcp:
          timeout: 100ms
          retry: 0
          send: ""
          receive: ""
        udp:
          timeout: 100ms
          retry: 0
          send: ""
          receive: ""
      when: never
      concurrency: 0
provider:
  rateLimit:
    enable: true
    plugin:
      unirate:
        maxQueuingTime: 1s
    mode: "\x01"
    rateLimitCluster:
      namespace: ""
      service: ""
      refreshInterval: 10m0s
    maxWindowSize: 20000
    purgeInterval: 1m0s
    expireFactor: 10s
    degradeWithTotalToken: false
    timeZone: ""

2026-08-06 16:23:40.137691Z	info	base	api/config.go:353	
-------4747DF69-F4CD-4718-9EAB-2511CF1C7D97, All plugins and engine initialized successfully-------
2026-08-06 16:23:40.137833Z	info	base	schedule/routines.go:229	item sdkConfigReportTask in task sdkConfigReportTask has added
2026-08-06 16:23:40.137876Z	info	base	schedule/routines.go:116	task sdkConfigReportTask started period 2m30s
2026-08-06 16:23:40.137901Z	info	base	schedule/routines.go:280	task sdkConfigReportTask has been started
2026-08-06 16:23:40.137907Z	info	base	api/config.go:363	
-------4747DF69-F4CD-4718-9EAB-2511CF1C7D97, All plugins and engine started successfully-------
2026-08-06 16:23:40.137914Z	info	base	api/config.go:371	
-------4747DF69-F4CD-4718-9EAB-2511CF1C7D97, SDKContext init successfully-------
2026-08-06 16:23:40.137927Z	info	base	network/impl.go:373	connectionManager start updateDiscover
2026-08-06 16:23:40.138071Z	error	base	common/cache_persist.go:131	fail to load cache from file svcV2#Polaris#polaris.discover#instance.json, svcKey: {namespace: "Polaris", service: "polaris.discover", event: instance}, error is Fail to Stat the cache file name /Users/zhengbangli/polaris/backup/svcV2#Polaris#polaris.discover#instance.json:  stat /Users/zhengbangli/polaris/backup/svcV2#Polaris#polaris.discover#instance.json: no such file or directory
2026-08-06 16:23:40.138156Z	info	base	common/cache_persist.go:183	Start to load cache from /Users/zhengbangli/polaris/backup/svc#Polaris#polaris.discover#instance.json
2026-08-06 16:23:40.147224Z	info	base	pb/service.go:201	service Polaris::polaris.discover nearby enabled
2026-08-06 16:23:40.147995Z	warn	base	pb/service.go:235	service Polaris:polaris.discover unmarshal slow start config fail EOF
2026-08-06 16:23:40.148034Z	info	base	inmemory/inmemory.go:1302	load message for {namespace: "Polaris", service: "polaris.discover", event: instance} from file svc#Polaris#polaris.discover#instance.json, cache file modify time: 2026-08-06 16:22:52.850692061 +0800 CST, direct available: true 

2026-08-06 16:23:40.148045Z	info	base	inmemory/inmemory.go:612	4747DF69-F4CD-4718-9EAB-2511CF1C7D97, start to register event handler for {namespace: "Polaris", service: "polaris.discover", event: instance}
2026-08-06 16:23:40.148065Z	info	base	common/register.go:53	4747DF69-F4CD-4718-9EAB-2511CF1C7D97, addTask: start to add first task for {namespace: "Polaris", service: "polaris.discover", event: instance, initialized: firstTask}
2026-08-06 16:23:40.148073Z	info	base	common/register.go:66	4747DF69-F4CD-4718-9EAB-2511CF1C7D97, addTask: finish add first task for {namespace: "Polaris", service: "polaris.discover", event: instance, initialized: firstTask}
2026-08-06 16:23:40.148079Z	info	base	inmemory/inmemory.go:614	4747DF69-F4CD-4718-9EAB-2511CF1C7D97, finish register event handler for {namespace: "Polaris", service: "polaris.discover", event: instance}, err <nil>
2026-08-06 16:23:40.148125Z	info	base	serviceinfo/service_info.go:277	service instances of {namespace: "Polaris", service: "polaris.discover"} change, oldRevision , newRevision d86a47f2c840a715ab743612502b0053c9e1c04a, oldCount 0, newCount 264
2026-08-06 16:23:40.148131Z	info	base	serviceinfo/service_info.go:280	add instance of {namespace: "Polaris", service: "polaris.discover"}: 11.143.46.238:8080, status: healthy:true;isolate:false;weight:100
2026-08-06 16:23:40.148135Z	info	base	serviceinfo/service_info.go:280	add instance of {namespace: "Polaris", service: "polaris.discover"}: 9.141.120.2:8091, status: healthy:true;isolate:false;weight:100
2026-08-06 16:23:40.148139Z	info	base	serviceinfo/service_info.go:280	add instance of {namespace: "Polaris", service: "polaris.discover"}: 11.181.52.35:8091, status: healthy:true;isolate:false;weight:100
2026-08-06 16:23:40.148142Z	info	base	serviceinfo/service_info.go:280	add instance of {namespace: "Polaris", service: "polaris.discover"}: 30.163.61.135:8080, status: healthy:true;isolate:false;weight:100
2026-08-06 16:23:40.148146Z	info	base	serviceinfo/service_info.go:280	add instance of {namespace: "Polaris", service: "polaris.discover"}: 30.160.241.139:8080, status: healthy:true;isolate:false;weight:100
2026-08-06 16:23:40.148149Z	info	base	serviceinfo/service_info.go:280	add instance of {namespace: "Polaris", service: "polaris.discover"}: 11.143.46.177:8091, status: healthy:true;isolate:false;weight:100
2026-08-06 16:23:40.148153Z	info	base	serviceinfo/service_info.go:280	add instance of {namespace: "Polaris", service: "polaris.discover"}: 9.141.120.169:8091, status: healthy:true;isolate:false;weight:100
2026-08-06 16:23:40.148156Z	info	base	serviceinfo/service_info.go:280	add instance of {namespace: "Polaris", service: "polaris.discover"}: 30.163.241.12:8080, status: healthy:true;isolate:false;weight:100
2026-08-06 16:23:40.148159Z	info	base	serviceinfo/service_info.go:280	add instance of {namespace: "Polaris", service: "polaris.discover"}: 9.141.112.55:8080, status: healthy:true;isolate:false;weight:100
2026-08-06 16:23:40.148163Z	info	base	serviceinfo/service_info.go:280	add instance of {namespace: "Polaris", service: "polaris.discover"}: 11.143.52.61:8081, status: healthy:true;isolate:false;weight:100
2026-08-06 16:23:40.148169Z	info	base	serviceinfo/service_info.go:280	add instance of {namespace: "Polaris", service: "polaris.discover"}: 30.163.241.65:8091, status: healthy:true;isolate:false;weight:100
2026-08-06 16:23:40.148172Z	info	base	serviceinfo/service_info.go:280	add instance of {namespace: "Polaris", service: "polaris.discover"}: 9.141.115.145:8091, status: healthy:true;isolate:false;weight:100
2026-08-06 16:23:40.148175Z	info	base	serviceinfo/service_info.go:280	add instance of {namespace: "Polaris", service: "polaris.discover"}: 11.140.162.11:8081, status: healthy:true;isolate:false;weight:100
2026-08-06 16:23:40.148178Z	info	base	serviceinfo/service_info.go:280	add instance of {namespace: "Polaris", service: "polaris.discover"}: 11.143.52.113:8080, status: healthy:true;isolate:false;weight:100
2026-08-06 16:23:40.148181Z	info	base	serviceinfo/service_info.go:280	add instance of {namespace: "Polaris", service: "polaris.discover"}: 9.141.115.113:8081, status: healthy:true;isolate:false;weight:100
2026-08-06 16:23:40.148185Z	info	base	serviceinfo/service_info.go:280	add instance of {namespace: "Polaris", service: "polaris.discover"}: 30.163.76.175:8080, status: healthy:true;isolate:false;weight:100
2026-08-06 16:23:40.148188Z	info	base	serviceinfo/service_info.go:280	add instance of {namespace: "Polaris", service: "polaris.discover"}: 11.143.46.186:8080, status: healthy:true;isolate:false;weight:100
2026-08-06 16:23:40.148191Z	info	base	serviceinfo/service_info.go:280	add instance of {namespace: "Polaris", service: "polaris.discover"}: 9.141.120.192:8081, status: healthy:true;isolate:false;weight:100
2026-08-06 16:23:40.148194Z	info	base	serviceinfo/service_info.go:280	add instance of {namespace: "Polaris", service: "polaris.discover"}: 30.163.76.200:8091, status: healthy:true;isolate:false;weight:100
2026-08-06 16:23:40.148197Z	info	base	serviceinfo/service_info.go:280	add instance of {namespace: "Polaris", service: "polaris.discover"}: 9.141.74.129:8091, status: healthy:true;isolate:false;weight:100
2026-08-06 16:23:40.148200Z	info	base	serviceinfo/service_info.go:280	add instance of {namespace: "Polaris", service: "polaris.discover"}: 11.143.46.217:8081, status: healthy:true;isolate:false;weight:100
2026-08-06 16:23:40.148203Z	info	base	serviceinfo/service_info.go:280	add instance of {namespace: "Polaris", service: "polaris.discover"}: 11.181.52.173:8091, status: healthy:true;isolate:false;weight:100
2026-08-06 16:23:40.148206Z	info	base	serviceinfo/service_info.go:280	add instance of {namespace: "Polaris", service: "polaris.discover"}: 11.140.162.82:8091, status: healthy:true;isolate:false;weight:100
2026-08-06 16:23:40.148209Z	info	base	serviceinfo/service_info.go:280	add instance of {namespace: "Polaris", service: "polaris.discover"}: 30.163.241.36:8081, status: healthy:true;isolate:false;weight:100
2026-08-06 16:23:40.148213Z	info	base	serviceinfo/service_info.go:280	add instance of {namespace: "Polaris", service: "polaris.discover"}: 11.143.46.139:8081, status: healthy:true;isolate:false;weight:100
2026-08-06 16:23:40.148216Z	info	base	serviceinfo/service_info.go:280	add instance of {namespace: "Polaris", service: "polaris.discover"}: 21.188.158.80:8091, status: healthy:true;isolate:false;weight:100
2026-08-06 16:23:40.148219Z	info	base	serviceinfo/service_info.go:280	add instance of {namespace: "Polaris", service: "polaris.discover"}: 30.163.241.93:8080, status: healthy:true;isolate:false;weight:100
2026-08-06 16:23:40.148222Z	info	base	serviceinfo/service_info.go:280	add instance of {namespace: "Polaris", service: "polaris.discover"}: 11.143.52.33:8080, status: healthy:true;isolate:false;weight:100
2026-08-06 16:23:40.148225Z	info	base	serviceinfo/service_info.go:280	add instance of {namespace: "Polaris", service: "polaris.discover"}: 9.141.112.101:8081, status: healthy:true;isolate:false;weight:100
2026-08-06 16:23:40.148228Z	info	base	serviceinfo/service_info.go:280	add instance of {namespace: "Polaris", service: "polaris.discover"}: 11.143.41.233:8081, status: healthy:true;isolate:false;weight:100
2026-08-06 16:23:40.148236Z	info	base	serviceinfo/service_info.go:280	add instance of {namespace: "Polaris", service: "polaris.discover"}: 11.143.52.137:8081, status: healthy:true;isolate:false;weight:100
2026-08-06 16:23:40.148239Z	info	base	serviceinfo/service_info.go:280	add instance of {namespace: "Polaris", service: "polaris.discover"}: 11.143.52.46:8081, status: healthy:true;isolate:false;weight:100
2026-08-06 16:23:40.148242Z	info	base	serviceinfo/service_info.go:280	add instance of {namespace: "Polaris", service: "polaris.discover"}: 11.143.52.33:8091, status: healthy:true;isolate:false;weight:100
2026-08-06 16:23:40.148245Z	info	base	serviceinfo/service_info.go:280	add instance of {namespace: "Polaris", service: "polaris.discover"}: 9.141.74.129:8081, status: healthy:true;isolate:false;weight:100
2026-08-06 16:23:40.148248Z	info	base	serviceinfo/service_info.go:280	add instance of {namespace: "Polaris", service: "polaris.discover"}: 11.140.162.241:8091, status: healthy:true;isolate:false;weight:100
2026-08-06 16:23:40.148251Z	info	base	serviceinfo/service_info.go:280	add instance of {namespace: "Polaris", service: "polaris.discover"}: 30.163.241.78:8091, status: healthy:true;isolate:false;weight:100
2026-08-06 16:23:40.148254Z	info	base	serviceinfo/service_info.go:280	add instance of {namespace: "Polaris", service: "polaris.discover"}: 30.163.241.46:8081, status: healthy:true;isolate:false;weight:100
2026-08-06 16:23:40.148257Z	info	base	serviceinfo/service_info.go:280	add instance of {namespace: "Polaris", service: "polaris.discover"}: 11.143.46.237:8081, status: healthy:true;isolate:false;weight:100
2026-08-06 16:23:40.148260Z	info	base	serviceinfo/service_info.go:280	add instance of {namespace: "Polaris", service: "polaris.discover"}: 11.181.42.102:8080, status: healthy:true;isolate:false;weight:100
2026-08-06 16:23:40.148263Z	info	base	serviceinfo/service_info.go:280	add instance of {namespace: "Polaris", service: "polaris.discover"}: 21.188.158.80:8080, status: healthy:true;isolate:false;weight:100
2026-08-06 16:23:40.148266Z	info	base	serviceinfo/service_info.go:280	add instance of {namespace: "Polaris", service: "polaris.discover"}: 30.163.76.175:8091, status: healthy:true;isolate:false;weight:100
2026-08-06 16:23:40.148269Z	info	base	serviceinfo/service_info.go:280	add instance of {namespace: "Polaris", service: "polaris.discover"}: 9.141.112.228:8081, status: healthy:true;isolate:false;weight:100
2026-08-06 16:23:40.148273Z	info	base	serviceinfo/service_info.go:280	add instance of {namespace: "Polaris", service: "polaris.discover"}: 11.143.46.177:8080, status: healthy:true;isolate:false;weight:100
2026-08-06 16:23:40.148276Z	info	base	serviceinfo/service_info.go:280	add instance of {namespace: "Polaris", service: "polaris.discover"}: 9.141.100.40:8091, status: healthy:true;isolate:false;weight:100
2026-08-06 16:23:40.148279Z	info	base	serviceinfo/service_info.go:280	add instance of {namespace: "Polaris", service: "polaris.discover"}: 11.146.16.15:8091, status: healthy:true;isolate:false;weight:100
2026-08-06 16:23:40.148282Z	info	base	serviceinfo/service_info.go:280	add instance of {namespace: "Polaris", service: "polaris.discover"}: 9.141.112.55:8091, status: healthy:true;isolate:false;weight:100
2026-08-06 16:23:40.148285Z	info	base	serviceinfo/service_info.go:280	add instance of {namespace: "Polaris", service: "polaris.discover"}: 11.146.16.180:8081, status: healthy:true;isolate:false;weight:100
2026-08-06 16:23:40.148289Z	info	base	serviceinfo/service_info.go:280	add instance of {namespace: "Polaris", service: "polaris.discover"}: 30.163.61.135:8081, status: healthy:true;isolate:false;weight:100
2026-08-06 16:23:40.148292Z	info	base	serviceinfo/service_info.go:280	add instance of {namespace: "Polaris", service: "polaris.discover"}: 11.143.46.238:8081, status: healthy:true;isolate:false;weight:100
2026-08-06 16:23:40.148295Z	info	base	serviceinfo/service_info.go:280	add instance of {namespace: "Polaris", service: "polaris.discover"}: 9.141.66.92:8081, status: healthy:true;isolate:false;weight:100
2026-08-06 16:23:40.148298Z	info	base	serviceinfo/service_info.go:280	add instance of {namespace: "Polaris", service: "polaris.discover"}: 11.143.46.235:8081, status: healthy:true;isolate:false;weight:100
2026-08-06 16:23:40.148301Z	info	base	serviceinfo/service_info.go:280	add instance of {namespace: "Polaris", service: "polaris.discover"}: 30.163.241.36:8091, status: healthy:true;isolate:false;weight:100
2026-08-06 16:23:40.148304Z	info	base	serviceinfo/service_info.go:280	add instance of {namespace: "Polaris", service: "polaris.discover"}: 9.141.115.86:8081, status: healthy:true;isolate:false;weight:100
2026-08-06 16:23:40.148307Z	info	base	serviceinfo/service_info.go:280	add instance of {namespace: "Polaris", service: "polaris.discover"}: 21.188.158.80:8081, status: healthy:true;isolate:false;weight:100
2026-08-06 16:23:40.148310Z	info	base	serviceinfo/service_info.go:280	add instance of {namespace: "Polaris", service: "polaris.discover"}: 30.163.241.139:8091, status: healthy:true;isolate:false;weight:100
2026-08-06 16:23:40.148313Z	info	base	serviceinfo/service_info.go:280	add instance of {namespace: "Polaris", service: "polaris.discover"}: 30.163.241.118:8080, status: healthy:true;isolate:false;weight:100
2026-08-06 16:23:40.148316Z	info	base	serviceinfo/service_info.go:280	add instance of {namespace: "Polaris", service: "polaris.discover"}: 30.163.241.148:8081, status: healthy:true;isolate:false;weight:100
2026-08-06 16:23:40.148319Z	info	base	serviceinfo/service_info.go:280	add instance of {namespace: "Polaris", service: "polaris.discover"}: 11.143.46.235:8080, status: healthy:true;isolate:false;weight:100
2026-08-06 16:23:40.148322Z	info	base	serviceinfo/service_info.go:280	add instance of {namespace: "Polaris", service: "polaris.discover"}: 11.143.46.178:8081, status: healthy:true;isolate:false;weight:100
2026-08-06 16:23:40.148325Z	info	base	serviceinfo/service_info.go:280	add instance of {namespace: "Polaris", service: "polaris.discover"}: 30.163.76.175:8081, status: healthy:true;isolate:false;weight:100
2026-08-06 16:23:40.148328Z	info	base	serviceinfo/service_info.go:280	add instance of {namespace: "Polaris", service: "polaris.discover"}: 30.163.241.119:8091, status: healthy:true;isolate:false;weight:100
2026-08-06 16:23:40.148330Z	info	base	serviceinfo/service_info.go:280	add instance of {namespace: "Polaris", service: "polaris.discover"}: 30.163.241.65:8081, status: healthy:true;isolate:false;weight:100
2026-08-06 16:23:40.148337Z	info	base	serviceinfo/service_info.go:280	add instance of {namespace: "Polaris", service: "polaris.discover"}: 30.163.241.118:8081, status: healthy:true;isolate:false;weight:100
2026-08-06 16:23:40.148340Z	info	base	serviceinfo/service_info.go:280	add instance of {namespace: "Polaris", service: "polaris.discover"}: 30.163.241.147:8081, status: healthy:true;isolate:false;weight:100
2026-08-06 16:23:40.148343Z	info	base	serviceinfo/service_info.go:280	add instance of {namespace: "Polaris", service: "polaris.discover"}: 9.141.112.228:8091, status: healthy:true;isolate:false;weight:100
2026-08-06 16:23:40.148345Z	info	base	serviceinfo/service_info.go:280	add instance of {namespace: "Polaris", service: "polaris.discover"}: 11.140.162.11:8091, status: healthy:true;isolate:false;weight:100
2026-08-06 16:23:40.148349Z	info	base	serviceinfo/service_info.go:280	add instance of {namespace: "Polaris", service: "polaris.discover"}: 9.141.64.229:8080, status: healthy:true;isolate:false;weight:100
2026-08-06 16:23:40.148352Z	info	base	serviceinfo/service_info.go:280	add instance of {namespace: "Polaris", service: "polaris.discover"}: 11.143.52.33:8081, status: healthy:true;isolate:false;weight:100
2026-08-06 16:23:40.148355Z	info	base	serviceinfo/service_info.go:280	add instance of {namespace: "Polaris", service: "polaris.discover"}: 11.143.46.177:8081, status: healthy:true;isolate:false;weight:100
2026-08-06 16:23:40.148357Z	info	base	serviceinfo/service_info.go:280	add instance of {namespace: "Polaris", service: "polaris.discover"}: 30.163.241.119:8081, status: healthy:true;isolate:false;weight:100
2026-08-06 16:23:40.148360Z	info	base	serviceinfo/service_info.go:280	add instance of {namespace: "Polaris", service: "polaris.discover"}: 11.140.162.241:8080, status: healthy:true;isolate:false;weight:100
2026-08-06 16:23:40.148363Z	info	base	serviceinfo/service_info.go:280	add instance of {namespace: "Polaris", service: "polaris.discover"}: 9.141.115.145:8080, status: healthy:true;isolate:false;weight:100
2026-08-06 16:23:40.148366Z	info	base	serviceinfo/service_info.go:280	add instance of {namespace: "Polaris", service: "polaris.discover"}: 9.141.115.86:8080, status: healthy:true;isolate:false;weight:100
2026-08-06 16:23:40.148369Z	info	base	serviceinfo/service_info.go:280	add instance of {namespace: "Polaris", service: "polaris.discover"}: 11.146.16.99:8091, status: healthy:true;isolate:false;weight:100
2026-08-06 16:23:40.148372Z	info	base	serviceinfo/service_info.go:280	add instance of {namespace: "Polaris", service: "polaris.discover"}: 30.160.192.175:8091, status: healthy:true;isolate:false;weight:100
2026-08-06 16:23:40.148375Z	info	base	serviceinfo/service_info.go:280	add instance of {namespace: "Polaris", service: "polaris.discover"}: 30.163.241.238:8091, status: healthy:true;isolate:false;weight:100
2026-08-06 16:23:40.148378Z	info	base	serviceinfo/service_info.go:280	add instance of {namespace: "Polaris", service: "polaris.discover"}: 30.163.241.148:8091, status: healthy:true;isolate:false;weight:100
2026-08-06 16:23:40.148381Z	info	base	serviceinfo/service_info.go:280	add instance of {namespace: "Polaris", service: "polaris.discover"}: 30.163.61.120:8091, status: healthy:true;isolate:false;weight:100
2026-08-06 16:23:40.148389Z	info	base	serviceinfo/service_info.go:280	add instance of {namespace: "Polaris", service: "polaris.discover"}: 11.140.162.82:8081, status: healthy:true;isolate:false;weight:100
2026-08-06 16:23:40.148392Z	info	base	serviceinfo/service_info.go:280	add instance of {namespace: "Polaris", service: "polaris.discover"}: 11.143.52.162:8080, status: healthy:true;isolate:false;weight:100
2026-08-06 16:23:40.148396Z	info	base	serviceinfo/service_info.go:280	add instance of {namespace: "Polaris", service: "polaris.discover"}: 30.160.241.254:8091, status: healthy:true;isolate:false;weight:100
2026-08-06 16:23:40.148399Z	info	base	serviceinfo/service_info.go:280	add instance of {namespace: "Polaris", service: "polaris.discover"}: 30.163.241.139:8080, status: healthy:true;isolate:false;weight:100
2026-08-06 16:23:40.148402Z	info	base	serviceinfo/service_info.go:280	add instance of {namespace: "Polaris", service: "polaris.discover"}: 21.200.76.73:8091, status: healthy:true;isolate:false;weight:100
2026-08-06 16:23:40.148405Z	info	base	serviceinfo/service_info.go:280	add instance of {namespace: "Polaris", service: "polaris.discover"}: 9.141.120.202:8080, status: healthy:true;isolate:false;weight:100
2026-08-06 16:23:40.148408Z	info	base	serviceinfo/service_info.go:280	add instance of {namespace: "Polaris", service: "polaris.discover"}: 11.143.46.139:8091, status: healthy:true;isolate:false;weight:100
2026-08-06 16:23:40.148414Z	info	base	serviceinfo/service_info.go:280	add instance of {namespace: "Polaris", service: "polaris.discover"}: 21.200.76.73:8080, status: healthy:true;isolate:false;weight:100
2026-08-06 16:23:40.148417Z	info	base	serviceinfo/service_info.go:280	add instance of {namespace: "Polaris", service: "polaris.discover"}: 9.141.74.129:8080, status: healthy:true;isolate:false;weight:100
2026-08-06 16:23:40.148420Z	info	base	serviceinfo/service_info.go:280	add instance of {namespace: "Polaris", service: "polaris.discover"}: 11.143.52.113:8091, status: healthy:true;isolate:false;weight:100
2026-08-06 16:23:40.148423Z	info	base	serviceinfo/service_info.go:280	add instance of {namespace: "Polaris", service: "polaris.discover"}: 9.141.115.86:8091, status: healthy:true;isolate:false;weight:100
2026-08-06 16:23:40.148426Z	info	base	serviceinfo/service_info.go:280	add instance of {namespace: "Polaris", service: "polaris.discover"}: 9.141.115.145:8081, status: healthy:true;isolate:false;weight:100
2026-08-06 16:23:40.148437Z	info	base	serviceinfo/service_info.go:280	add instance of {namespace: "Polaris", service: "polaris.discover"}: 11.143.46.201:8081, status: healthy:true;isolate:false;weight:100
2026-08-06 16:23:40.148439Z	info	base	serviceinfo/service_info.go:280	add instance of {namespace: "Polaris", service: "polaris.discover"}: 30.163.241.65:8080, status: healthy:true;isolate:false;weight:100
2026-08-06 16:23:40.148442Z	info	base	serviceinfo/service_info.go:280	add instance of {namespace: "Polaris", service: "polaris.discover"}: 11.140.162.37:8080, status: healthy:true;isolate:false;weight:100
2026-08-06 16:23:40.148444Z	info	base	serviceinfo/service_info.go:280	add instance of {namespace: "Polaris", service: "polaris.discover"}: 30.163.241.9:8081, status: healthy:true;isolate:false;weight:100
2026-08-06 16:23:40.148447Z	info	base	serviceinfo/service_info.go:280	add instance of {namespace: "Polaris", service: "polaris.discover"}: 11.143.52.9:8091, status: healthy:true;isolate:false;weight:100
2026-08-06 16:23:40.148449Z	info	base	serviceinfo/service_info.go:280	add instance of {namespace: "Polaris", service: "polaris.discover"}: 30.163.241.9:8080, status: healthy:true;isolate:false;weight:100
2026-08-06 16:23:40.148451Z	info	base	serviceinfo/service_info.go:280	add instance of {namespace: "Polaris", service: "polaris.discover"}: 9.141.112.108:8091, status: healthy:true;isolate:false;weight:100
2026-08-06 16:23:40.148454Z	info	base	serviceinfo/service_info.go:280	add instance of {namespace: "Polaris", service: "polaris.discover"}: 9.141.115.148:8080, status: healthy:true;isolate:false;weight:100
2026-08-06 16:23:40.148456Z	info	base	serviceinfo/service_info.go:280	add instance of {namespace: "Polaris", service: "polaris.discover"}: 9.141.120.169:8080, status: healthy:true;isolate:false;weight:100
2026-08-06 16:23:40.148458Z	info	base	serviceinfo/service_info.go:280	add instance of {namespace: "Polaris", service: "polaris.discover"}: 9.141.120.202:8081, status: healthy:true;isolate:false;weight:100
2026-08-06 16:23:40.148461Z	info	base	serviceinfo/service_info.go:280	add instance of {namespace: "Polaris", service: "polaris.discover"}: 9.141.100.83:8091, status: healthy:true;isolate:false;weight:100
2026-08-06 16:23:40.148463Z	info	base	serviceinfo/service_info.go:280	add instance of {namespace: "Polaris", service: "polaris.discover"}: 30.160.192.175:8081, status: healthy:true;isolate:false;weight:100
2026-08-06 16:23:40.148466Z	info	base	serviceinfo/service_info.go:280	add instance of {namespace: "Polaris", service: "polaris.discover"}: 9.141.120.2:8080, status: healthy:true;isolate:false;weight:100
2026-08-06 16:23:40.148469Z	info	base	serviceinfo/service_info.go:280	add instance of {namespace: "Polaris", service: "polaris.discover"}: 11.181.52.35:8081, status: healthy:true;isolate:false;weight:100
2026-08-06 16:23:40.148471Z	info	base	serviceinfo/service_info.go:280	add instance of {namespace: "Polaris", service: "polaris.discover"}: 9.141.66.92:8091, status: healthy:true;isolate:false;weight:100
2026-08-06 16:23:40.148473Z	info	base	serviceinfo/service_info.go:280	add instance of {namespace: "Polaris", service: "polaris.discover"}: 11.143.52.137:8080, status: healthy:true;isolate:false;weight:100
2026-08-06 16:23:40.148476Z	info	base	serviceinfo/service_info.go:280	add instance of {namespace: "Polaris", service: "polaris.discover"}: 30.163.241.78:8081, status: healthy:true;isolate:false;weight:100
2026-08-06 16:23:40.148478Z	info	base	serviceinfo/service_info.go:280	add instance of {namespace: "Polaris", service: "polaris.discover"}: 21.200.76.73:8081, status: healthy:true;isolate:false;weight:100
2026-08-06 16:23:40.148480Z	info	base	serviceinfo/service_info.go:280	add instance of {namespace: "Polaris", service: "polaris.discover"}: 30.160.193.207:8081, status: healthy:true;isolate:false;weight:100
2026-08-06 16:23:40.148483Z	info	base	serviceinfo/service_info.go:280	add instance of {namespace: "Polaris", service: "polaris.discover"}: 11.140.162.82:8080, status: healthy:true;isolate:false;weight:100
2026-08-06 16:23:40.148486Z	info	base	serviceinfo/service_info.go:280	add instance of {namespace: "Polaris", service: "polaris.discover"}: 30.163.241.93:8081, status: healthy:true;isolate:false;weight:100
2026-08-06 16:23:40.148491Z	info	base	serviceinfo/service_info.go:280	add instance of {namespace: "Polaris", service: "polaris.discover"}: 30.163.241.46:8080, status: healthy:true;isolate:false;weight:100
2026-08-06 16:23:40.148494Z	info	base	serviceinfo/service_info.go:280	add instance of {namespace: "Polaris", service: "polaris.discover"}: 11.143.46.186:8091, status: healthy:true;isolate:false;weight:100
2026-08-06 16:23:40.148496Z	info	base	serviceinfo/service_info.go:280	add instance of {namespace: "Polaris", service: "polaris.discover"}: 21.200.76.141:8081, status: healthy:true;isolate:false;weight:100
2026-08-06 16:23:40.148499Z	info	base	serviceinfo/service_info.go:280	add instance of {namespace: "Polaris", service: "polaris.discover"}: 9.141.100.40:8080, status: healthy:true;isolate:false;weight:100
2026-08-06 16:23:40.148505Z	info	base	serviceinfo/service_info.go:280	add instance of {namespace: "Polaris", service: "polaris.discover"}: 9.141.112.101:8091, status: healthy:true;isolate:false;weight:100
2026-08-06 16:23:40.148508Z	info	base	serviceinfo/service_info.go:280	add instance of {namespace: "Polaris", service: "polaris.discover"}: 21.200.76.141:8091, status: healthy:true;isolate:false;weight:100
2026-08-06 16:23:40.148510Z	info	base	serviceinfo/service_info.go:280	add instance of {namespace: "Polaris", service: "polaris.discover"}: 30.163.241.54:8091, status: healthy:true;isolate:false;weight:100
2026-08-06 16:23:40.148513Z	info	base	serviceinfo/service_info.go:280	add instance of {namespace: "Polaris", service: "polaris.discover"}: 9.141.115.114:8091, status: healthy:true;isolate:false;weight:100
2026-08-06 16:23:40.148515Z	info	base	serviceinfo/service_info.go:280	add instance of {namespace: "Polaris", service: "polaris.discover"}: 30.163.241.31:8081, status: healthy:true;isolate:false;weight:100
2026-08-06 16:23:40.148517Z	info	base	serviceinfo/service_info.go:280	add instance of {namespace: "Polaris", service: "polaris.discover"}: 30.163.241.54:8081, status: healthy:true;isolate:false;weight:100
2026-08-06 16:23:40.148519Z	info	base	serviceinfo/service_info.go:280	add instance of {namespace: "Polaris", service: "polaris.discover"}: 30.160.192.175:8080, status: healthy:true;isolate:false;weight:100
2026-08-06 16:23:40.148522Z	info	base	serviceinfo/service_info.go:280	add instance of {namespace: "Polaris", service: "polaris.discover"}: 30.163.241.110:8081, status: healthy:true;isolate:false;weight:100
2026-08-06 16:23:40.148524Z	info	base	serviceinfo/service_info.go:280	add instance of {namespace: "Polaris", service: "polaris.discover"}: 9.141.64.219:8091, status: healthy:true;isolate:false;weight:100
2026-08-06 16:23:40.148526Z	info	base	serviceinfo/service_info.go:280	add instance of {namespace: "Polaris", service: "polaris.discover"}: 11.143.46.130:8080, status: healthy:true;isolate:false;weight:100
2026-08-06 16:23:40.148529Z	info	base	serviceinfo/service_info.go:280	add instance of {namespace: "Polaris", service: "polaris.discover"}: 9.141.112.229:8091, status: healthy:true;isolate:false;weight:100
2026-08-06 16:23:40.148531Z	info	base	serviceinfo/service_info.go:280	add instance of {namespace: "Polaris", service: "polaris.discover"}: 11.143.52.61:8091, status: healthy:true;isolate:false;weight:100
2026-08-06 16:23:40.148533Z	info	base	serviceinfo/service_info.go:280	add instance of {namespace: "Polaris", service: "polaris.discover"}: 30.163.76.200:8080, status: healthy:true;isolate:false;weight:100
2026-08-06 16:23:40.148536Z	info	base	serviceinfo/service_info.go:280	add instance of {namespace: "Polaris", service: "polaris.discover"}: 30.163.241.36:8080, status: healthy:true;isolate:false;weight:100
2026-08-06 16:23:40.148538Z	info	base	serviceinfo/service_info.go:280	add instance of {namespace: "Polaris", service: "polaris.discover"}: 11.181.40.156:8080, status: healthy:true;isolate:false;weight:100
2026-08-06 16:23:40.148540Z	info	base	serviceinfo/service_info.go:280	add instance of {namespace: "Polaris", service: "polaris.discover"}: 30.163.241.147:8080, status: healthy:true;isolate:false;weight:100
2026-08-06 16:23:40.148543Z	info	base	serviceinfo/service_info.go:280	add instance of {namespace: "Polaris", service: "polaris.discover"}: 11.143.52.162:8091, status: healthy:true;isolate:false;weight:100
2026-08-06 16:23:40.148545Z	info	base	serviceinfo/service_info.go:280	add instance of {namespace: "Polaris", service: "polaris.discover"}: 30.163.241.31:8080, status: healthy:true;isolate:false;weight:100
2026-08-06 16:23:40.148548Z	info	base	serviceinfo/service_info.go:280	add instance of {namespace: "Polaris", service: "polaris.discover"}: 9.141.100.40:8081, status: healthy:true;isolate:false;weight:100
2026-08-06 16:23:40.148550Z	info	base	serviceinfo/service_info.go:280	add instance of {namespace: "Polaris", service: "polaris.discover"}: 30.163.241.55:8080, status: healthy:true;isolate:false;weight:100
2026-08-06 16:23:40.148552Z	info	base	serviceinfo/service_info.go:280	add instance of {namespace: "Polaris", service: "polaris.discover"}: 30.163.87.177:8081, status: healthy:true;isolate:false;weight:100
2026-08-06 16:23:40.148555Z	info	base	serviceinfo/service_info.go:280	add instance of {namespace: "Polaris", service: "polaris.discover"}: 9.141.84.195:8091, status: healthy:true;isolate:false;weight:100
2026-08-06 16:23:40.148557Z	info	base	serviceinfo/service_info.go:280	add instance of {namespace: "Polaris", service: "polaris.discover"}: 9.141.112.101:8080, status: healthy:true;isolate:false;weight:100
2026-08-06 16:23:40.148559Z	info	base	serviceinfo/service_info.go:280	add instance of {namespace: "Polaris", service: "polaris.discover"}: 9.141.112.79:8080, status: healthy:true;isolate:false;weight:100
2026-08-06 16:23:40.148561Z	info	base	serviceinfo/service_info.go:280	add instance of {namespace: "Polaris", service: "polaris.discover"}: 30.163.241.12:8081, status: healthy:true;isolate:false;weight:100
2026-08-06 16:23:40.148564Z	info	base	serviceinfo/service_info.go:280	add instance of {namespace: "Polaris", service: "polaris.discover"}: 9.141.120.169:8081, status: healthy:true;isolate:false;weight:100
2026-08-06 16:23:40.148566Z	info	base	serviceinfo/service_info.go:280	add instance of {namespace: "Polaris", service: "polaris.discover"}: 11.146.16.15:8081, status: healthy:true;isolate:false;weight:100
2026-08-06 16:23:40.148568Z	info	base	serviceinfo/service_info.go:280	add instance of {namespace: "Polaris", service: "polaris.discover"}: 30.160.193.207:8080, status: healthy:true;isolate:false;weight:100
2026-08-06 16:23:40.148571Z	info	base	serviceinfo/service_info.go:280	add instance of {namespace: "Polaris", service: "polaris.discover"}: 9.141.115.113:8080, status: healthy:true;isolate:false;weight:100
2026-08-06 16:23:40.148575Z	info	base	serviceinfo/service_info.go:280	add instance of {namespace: "Polaris", service: "polaris.discover"}: 11.181.40.156:8091, status: healthy:true;isolate:false;weight:100
2026-08-06 16:23:40.148578Z	info	base	serviceinfo/service_info.go:280	add instance of {namespace: "Polaris", service: "polaris.discover"}: 11.143.52.9:8080, status: healthy:true;isolate:false;weight:100
2026-08-06 16:23:40.148580Z	info	base	serviceinfo/service_info.go:280	add instance of {namespace: "Polaris", service: "polaris.discover"}: 30.163.241.238:8081, status: healthy:true;isolate:false;weight:100
2026-08-06 16:23:40.148582Z	info	base	serviceinfo/service_info.go:280	add instance of {namespace: "Polaris", service: "polaris.discover"}: 11.143.46.235:8091, status: healthy:true;isolate:false;weight:100
2026-08-06 16:23:40.148585Z	info	base	serviceinfo/service_info.go:280	add instance of {namespace: "Polaris", service: "polaris.discover"}: 30.163.76.200:8081, status: healthy:true;isolate:false;weight:100
2026-08-06 16:23:40.148587Z	info	base	serviceinfo/service_info.go:280	add instance of {namespace: "Polaris", service: "polaris.discover"}: 9.141.64.219:8081, status: healthy:true;isolate:false;weight:100
2026-08-06 16:23:40.148589Z	info	base	serviceinfo/service_info.go:280	add instance of {namespace: "Polaris", service: "polaris.discover"}: 11.181.42.102:8081, status: healthy:true;isolate:false;weight:100
2026-08-06 16:23:40.148591Z	info	base	serviceinfo/service_info.go:280	add instance of {namespace: "Polaris", service: "polaris.discover"}: 11.143.46.201:8091, status: healthy:true;isolate:false;weight:100
2026-08-06 16:23:40.148594Z	info	base	serviceinfo/service_info.go:280	add instance of {namespace: "Polaris", service: "polaris.discover"}: 9.141.112.229:8080, status: healthy:true;isolate:false;weight:100
2026-08-06 16:23:40.148596Z	info	base	serviceinfo/service_info.go:280	add instance of {namespace: "Polaris", service: "polaris.discover"}: 9.141.100.83:8081, status: healthy:true;isolate:false;weight:100
2026-08-06 16:23:40.148598Z	info	base	serviceinfo/service_info.go:280	add instance of {namespace: "Polaris", service: "polaris.discover"}: 30.163.87.177:8091, status: healthy:true;isolate:false;weight:100
2026-08-06 16:23:40.148601Z	info	base	serviceinfo/service_info.go:280	add instance of {namespace: "Polaris", service: "polaris.discover"}: 30.163.241.93:8091, status: healthy:true;isolate:false;weight:100
2026-08-06 16:23:40.148603Z	info	base	serviceinfo/service_info.go:280	add instance of {namespace: "Polaris", service: "polaris.discover"}: 11.143.46.240:8081, status: healthy:true;isolate:false;weight:100
2026-08-06 16:23:40.148605Z	info	base	serviceinfo/service_info.go:280	add instance of {namespace: "Polaris", service: "polaris.discover"}: 11.143.46.238:8091, status: healthy:true;isolate:false;weight:100
2026-08-06 16:23:40.148608Z	info	base	serviceinfo/service_info.go:280	add instance of {namespace: "Polaris", service: "polaris.discover"}: 11.181.40.156:8081, status: healthy:true;isolate:false;weight:100
2026-08-06 16:23:40.148610Z	info	base	serviceinfo/service_info.go:280	add instance of {namespace: "Polaris", service: "polaris.discover"}: 30.160.241.139:8081, status: healthy:true;isolate:false;weight:100
2026-08-06 16:23:40.148612Z	info	base	serviceinfo/service_info.go:280	add instance of {namespace: "Polaris", service: "polaris.discover"}: 30.163.241.125:8081, status: healthy:true;isolate:false;weight:100
2026-08-06 16:23:40.148615Z	info	base	serviceinfo/service_info.go:280	add instance of {namespace: "Polaris", service: "polaris.discover"}: 30.160.241.139:8091, status: healthy:true;isolate:false;weight:100
2026-08-06 16:23:40.148620Z	info	base	serviceinfo/service_info.go:280	add instance of {namespace: "Polaris", service: "polaris.discover"}: 30.163.61.120:8080, status: healthy:true;isolate:false;weight:100
2026-08-06 16:23:40.148623Z	info	base	serviceinfo/service_info.go:280	add instance of {namespace: "Polaris", service: "polaris.discover"}: 9.141.100.70:8081, status: healthy:true;isolate:false;weight:100
2026-08-06 16:23:40.148625Z	info	base	serviceinfo/service_info.go:280	add instance of {namespace: "Polaris", service: "polaris.discover"}: 11.143.46.240:8080, status: healthy:true;isolate:false;weight:100
2026-08-06 16:23:40.148627Z	info	base	serviceinfo/service_info.go:280	add instance of {namespace: "Polaris", service: "polaris.discover"}: 30.163.241.78:8080, status: healthy:true;isolate:false;weight:100
2026-08-06 16:23:40.148630Z	info	base	serviceinfo/service_info.go:280	add instance of {namespace: "Polaris", service: "polaris.discover"}: 30.163.241.118:8091, status: healthy:true;isolate:false;weight:100
2026-08-06 16:23:40.148632Z	info	base	serviceinfo/service_info.go:280	add instance of {namespace: "Polaris", service: "polaris.discover"}: 11.140.162.37:8091, status: healthy:true;isolate:false;weight:100
2026-08-06 16:23:40.148634Z	info	base	serviceinfo/service_info.go:280	add instance of {namespace: "Polaris", service: "polaris.discover"}: 30.163.241.31:8091, status: healthy:true;isolate:false;weight:100
2026-08-06 16:23:40.148637Z	info	base	serviceinfo/service_info.go:280	add instance of {namespace: "Polaris", service: "polaris.discover"}: 30.163.241.40:8080, status: healthy:true;isolate:false;weight:100
2026-08-06 16:23:40.148639Z	info	base	serviceinfo/service_info.go:280	add instance of {namespace: "Polaris", service: "polaris.discover"}: 30.160.241.254:8080, status: healthy:true;isolate:false;weight:100
2026-08-06 16:23:40.148641Z	info	base	serviceinfo/service_info.go:280	add instance of {namespace: "Polaris", service: "polaris.discover"}: 9.141.115.167:8080, status: healthy:true;isolate:false;weight:100
2026-08-06 16:23:40.148644Z	info	base	serviceinfo/service_info.go:280	add instance of {namespace: "Polaris", service: "polaris.discover"}: 9.141.115.148:8091, status: healthy:true;isolate:false;weight:100
2026-08-06 16:23:40.148646Z	info	base	serviceinfo/service_info.go:280	add instance of {namespace: "Polaris", service: "polaris.discover"}: 9.141.115.114:8081, status: healthy:true;isolate:false;weight:100
2026-08-06 16:23:40.148648Z	info	base	serviceinfo/service_info.go:280	add instance of {namespace: "Polaris", service: "polaris.discover"}: 30.163.241.125:8080, status: healthy:true;isolate:false;weight:100
2026-08-06 16:23:40.148650Z	info	base	serviceinfo/service_info.go:280	add instance of {namespace: "Polaris", service: "polaris.discover"}: 11.143.46.139:8080, status: healthy:true;isolate:false;weight:100
2026-08-06 16:23:40.148653Z	info	base	serviceinfo/service_info.go:280	add instance of {namespace: "Polaris", service: "polaris.discover"}: 11.143.46.201:8080, status: healthy:true;isolate:false;weight:100
2026-08-06 16:23:40.148657Z	info	base	serviceinfo/service_info.go:280	add instance of {namespace: "Polaris", service: "polaris.discover"}: 30.163.241.238:8080, status: healthy:true;isolate:false;weight:100
2026-08-06 16:23:40.148660Z	info	base	serviceinfo/service_info.go:280	add instance of {namespace: "Polaris", service: "polaris.discover"}: 11.143.46.237:8080, status: healthy:true;isolate:false;weight:100
2026-08-06 16:23:40.148662Z	info	base	serviceinfo/service_info.go:280	add instance of {namespace: "Polaris", service: "polaris.discover"}: 9.141.115.114:8080, status: healthy:true;isolate:false;weight:100
2026-08-06 16:23:40.148664Z	info	base	serviceinfo/service_info.go:280	add instance of {namespace: "Polaris", service: "polaris.discover"}: 9.141.115.167:8091, status: healthy:true;isolate:false;weight:100
2026-08-06 16:23:40.148666Z	info	base	serviceinfo/service_info.go:280	add instance of {namespace: "Polaris", service: "polaris.discover"}: 9.141.115.148:8081, status: healthy:true;isolate:false;weight:100
2026-08-06 16:23:40.148669Z	info	base	serviceinfo/service_info.go:280	add instance of {namespace: "Polaris", service: "polaris.discover"}: 11.140.162.37:8081, status: healthy:true;isolate:false;weight:100
2026-08-06 16:23:40.148671Z	info	base	serviceinfo/service_info.go:280	add instance of {namespace: "Polaris", service: "polaris.discover"}: 9.141.112.79:8091, status: healthy:true;isolate:false;weight:100
2026-08-06 16:23:40.148673Z	info	base	serviceinfo/service_info.go:280	add instance of {namespace: "Polaris", service: "polaris.discover"}: 9.141.115.167:8081, status: healthy:true;isolate:false;weight:100
2026-08-06 16:23:40.148675Z	info	base	serviceinfo/service_info.go:280	add instance of {namespace: "Polaris", service: "polaris.discover"}: 9.141.84.195:8081, status: healthy:true;isolate:false;weight:100
2026-08-06 16:23:40.148678Z	info	base	serviceinfo/service_info.go:280	add instance of {namespace: "Polaris", service: "polaris.discover"}: 30.163.241.46:8091, status: healthy:true;isolate:false;weight:100
2026-08-06 16:23:40.148680Z	info	base	serviceinfo/service_info.go:280	add instance of {namespace: "Polaris", service: "polaris.discover"}: 9.141.120.201:8091, status: healthy:true;isolate:false;weight:100
2026-08-06 16:23:40.148682Z	info	base	serviceinfo/service_info.go:280	add instance of {namespace: "Polaris", service: "polaris.discover"}: 30.163.87.177:8080, status: healthy:true;isolate:false;weight:100
2026-08-06 16:23:40.148685Z	info	base	serviceinfo/service_info.go:280	add instance of {namespace: "Polaris", service: "polaris.discover"}: 9.141.100.83:8080, status: healthy:true;isolate:false;weight:100
2026-08-06 16:23:40.148688Z	info	base	serviceinfo/service_info.go:280	add instance of {namespace: "Polaris", service: "polaris.discover"}: 30.160.241.254:8081, status: healthy:true;isolate:false;weight:100
2026-08-06 16:23:40.148690Z	info	base	serviceinfo/service_info.go:280	add instance of {namespace: "Polaris", service: "polaris.discover"}: 11.143.46.186:8081, status: healthy:true;isolate:false;weight:100
2026-08-06 16:23:40.148692Z	info	base	serviceinfo/service_info.go:280	add instance of {namespace: "Polaris", service: "polaris.discover"}: 9.141.120.2:8081, status: healthy:true;isolate:false;weight:100
2026-08-06 16:23:40.148695Z	info	base	serviceinfo/service_info.go:280	add instance of {namespace: "Polaris", service: "polaris.discover"}: 11.146.16.99:8081, status: healthy:true;isolate:false;weight:100
2026-08-06 16:23:40.148697Z	info	base	serviceinfo/service_info.go:280	add instance of {namespace: "Polaris", service: "polaris.discover"}: 9.141.64.229:8081, status: healthy:true;isolate:false;weight:100
2026-08-06 16:23:40.148699Z	info	base	serviceinfo/service_info.go:280	add instance of {namespace: "Polaris", service: "polaris.discover"}: 30.163.241.55:8091, status: healthy:true;isolate:false;weight:100
2026-08-06 16:23:40.148701Z	info	base	serviceinfo/service_info.go:280	add instance of {namespace: "Polaris", service: "polaris.discover"}: 30.163.61.101:8091, status: healthy:true;isolate:false;weight:100
2026-08-06 16:23:40.148704Z	info	base	serviceinfo/service_info.go:280	add instance of {namespace: "Polaris", service: "polaris.discover"}: 9.141.112.108:8080, status: healthy:true;isolate:false;weight:100
2026-08-06 16:23:40.148706Z	info	base	serviceinfo/service_info.go:280	add instance of {namespace: "Polaris", service: "polaris.discover"}: 11.146.16.180:8080, status: healthy:true;isolate:false;weight:100
2026-08-06 16:23:40.148709Z	info	base	serviceinfo/service_info.go:280	add instance of {namespace: "Polaris", service: "polaris.discover"}: 9.141.64.229:8091, status: healthy:true;isolate:false;weight:100
2026-08-06 16:23:40.148711Z	info	base	serviceinfo/service_info.go:280	add instance of {namespace: "Polaris", service: "polaris.discover"}: 11.143.46.240:8091, status: healthy:true;isolate:false;weight:100
2026-08-06 16:23:40.148713Z	info	base	serviceinfo/service_info.go:280	add instance of {namespace: "Polaris", service: "polaris.discover"}: 30.163.241.9:8091, status: healthy:true;isolate:false;weight:100
2026-08-06 16:23:40.148715Z	info	base	serviceinfo/service_info.go:280	add instance of {namespace: "Polaris", service: "polaris.discover"}: 11.143.41.233:8080, status: healthy:true;isolate:false;weight:100
2026-08-06 16:23:40.148718Z	info	base	serviceinfo/service_info.go:280	add instance of {namespace: "Polaris", service: "polaris.discover"}: 9.141.64.219:8080, status: healthy:true;isolate:false;weight:100
2026-08-06 16:23:40.148720Z	info	base	serviceinfo/service_info.go:280	add instance of {namespace: "Polaris", service: "polaris.discover"}: 9.141.84.195:8080, status: healthy:true;isolate:false;weight:100
2026-08-06 16:23:40.148722Z	info	base	serviceinfo/service_info.go:280	add instance of {namespace: "Polaris", service: "polaris.discover"}: 30.163.241.40:8091, status: healthy:true;isolate:false;weight:100
2026-08-06 16:23:40.148725Z	info	base	serviceinfo/service_info.go:280	add instance of {namespace: "Polaris", service: "polaris.discover"}: 11.146.16.15:8080, status: healthy:true;isolate:false;weight:100
2026-08-06 16:23:40.148727Z	info	base	serviceinfo/service_info.go:280	add instance of {namespace: "Polaris", service: "polaris.discover"}: 11.143.46.130:8081, status: healthy:true;isolate:false;weight:100
2026-08-06 16:23:40.148729Z	info	base	serviceinfo/service_info.go:280	add instance of {namespace: "Polaris", service: "polaris.discover"}: 11.146.16.99:8080, status: healthy:true;isolate:false;weight:100
2026-08-06 16:23:40.148732Z	info	base	serviceinfo/service_info.go:280	add instance of {namespace: "Polaris", service: "polaris.discover"}: 30.163.241.110:8080, status: healthy:true;isolate:false;weight:100
2026-08-06 16:23:40.148734Z	info	base	serviceinfo/service_info.go:280	add instance of {namespace: "Polaris", service: "polaris.discover"}: 9.141.112.228:8080, status: healthy:true;isolate:false;weight:100
2026-08-06 16:23:40.148737Z	info	base	serviceinfo/service_info.go:280	add instance of {namespace: "Polaris", service: "polaris.discover"}: 9.141.115.113:8091, status: healthy:true;isolate:false;weight:100
2026-08-06 16:23:40.148739Z	info	base	serviceinfo/service_info.go:280	add instance of {namespace: "Polaris", service: "polaris.discover"}: 11.143.46.217:8091, status: healthy:true;isolate:false;weight:100
2026-08-06 16:23:40.148741Z	info	base	serviceinfo/service_info.go:280	add instance of {namespace: "Polaris", service: "polaris.discover"}: 9.141.112.79:8081, status: healthy:true;isolate:false;weight:100
2026-08-06 16:23:40.148745Z	info	base	serviceinfo/service_info.go:280	add instance of {namespace: "Polaris", service: "polaris.discover"}: 30.160.192.7:8081, status: healthy:true;isolate:false;weight:100
2026-08-06 16:23:40.148748Z	info	base	serviceinfo/service_info.go:280	add instance of {namespace: "Polaris", service: "polaris.discover"}: 30.160.192.7:8080, status: healthy:true;isolate:false;weight:100
2026-08-06 16:23:40.148750Z	info	base	serviceinfo/service_info.go:280	add instance of {namespace: "Polaris", service: "polaris.discover"}: 9.141.120.192:8080, status: healthy:true;isolate:false;weight:100
2026-08-06 16:23:40.148752Z	info	base	serviceinfo/service_info.go:280	add instance of {namespace: "Polaris", service: "polaris.discover"}: 30.163.61.120:8081, status: healthy:true;isolate:false;weight:100
2026-08-06 16:23:40.148755Z	info	base	serviceinfo/service_info.go:280	add instance of {namespace: "Polaris", service: "polaris.discover"}: 11.140.162.241:8081, status: healthy:true;isolate:false;weight:100
2026-08-06 16:23:40.148757Z	info	base	serviceinfo/service_info.go:280	add instance of {namespace: "Polaris", service: "polaris.discover"}: 30.163.241.12:8091, status: healthy:true;isolate:false;weight:100
2026-08-06 16:23:40.148759Z	info	base	serviceinfo/service_info.go:280	add instance of {namespace: "Polaris", service: "polaris.discover"}: 9.141.120.201:8081, status: healthy:true;isolate:false;weight:100
2026-08-06 16:23:40.148761Z	info	base	serviceinfo/service_info.go:280	add instance of {namespace: "Polaris", service: "polaris.discover"}: 11.143.52.46:8091, status: healthy:true;isolate:false;weight:100
2026-08-06 16:23:40.148764Z	info	base	serviceinfo/service_info.go:280	add instance of {namespace: "Polaris", service: "polaris.discover"}: 30.163.241.147:8091, status: healthy:true;isolate:false;weight:100
2026-08-06 16:23:40.148766Z	info	base	serviceinfo/service_info.go:280	add instance of {namespace: "Polaris", service: "polaris.discover"}: 30.163.241.148:8080, status: healthy:true;isolate:false;weight:100
2026-08-06 16:23:40.148768Z	info	base	serviceinfo/service_info.go:280	add instance of {namespace: "Polaris", service: "polaris.discover"}: 9.141.112.108:8081, status: healthy:true;isolate:false;weight:100
2026-08-06 16:23:40.148770Z	info	base	serviceinfo/service_info.go:280	add instance of {namespace: "Polaris", service: "polaris.discover"}: 11.146.16.180:8091, status: healthy:true;isolate:false;weight:100
2026-08-06 16:23:40.148773Z	info	base	serviceinfo/service_info.go:280	add instance of {namespace: "Polaris", service: "polaris.discover"}: 9.141.120.201:8080, status: healthy:true;isolate:false;weight:100
2026-08-06 16:23:40.148775Z	info	base	serviceinfo/service_info.go:280	add instance of {namespace: "Polaris", service: "polaris.discover"}: 11.181.52.173:8081, status: healthy:true;isolate:false;weight:100
2026-08-06 16:23:40.148777Z	info	base	serviceinfo/service_info.go:280	add instance of {namespace: "Polaris", service: "polaris.discover"}: 11.143.52.113:8081, status: healthy:true;isolate:false;weight:100
2026-08-06 16:23:40.148780Z	info	base	serviceinfo/service_info.go:280	add instance of {namespace: "Polaris", service: "polaris.discover"}: 11.143.46.178:8091, status: healthy:true;isolate:false;weight:100
2026-08-06 16:23:40.148782Z	info	base	serviceinfo/service_info.go:280	add instance of {namespace: "Polaris", service: "polaris.discover"}: 9.141.120.202:8091, status: healthy:true;isolate:false;weight:100
2026-08-06 16:23:40.148785Z	info	base	serviceinfo/service_info.go:280	add instance of {namespace: "Polaris", service: "polaris.discover"}: 30.163.61.135:8091, status: healthy:true;isolate:false;weight:100
2026-08-06 16:23:40.148787Z	info	base	serviceinfo/service_info.go:280	add instance of {namespace: "Polaris", service: "polaris.discover"}: 11.181.52.173:8080, status: healthy:true;isolate:false;weight:100
2026-08-06 16:23:40.148789Z	info	base	serviceinfo/service_info.go:280	add instance of {namespace: "Polaris", service: "polaris.discover"}: 9.141.100.70:8080, status: healthy:true;isolate:false;weight:100
2026-08-06 16:23:40.148791Z	info	base	serviceinfo/service_info.go:280	add instance of {namespace: "Polaris", service: "polaris.discover"}: 9.141.112.55:8081, status: healthy:true;isolate:false;weight:100
2026-08-06 16:23:40.148794Z	info	base	serviceinfo/service_info.go:280	add instance of {namespace: "Polaris", service: "polaris.discover"}: 11.143.52.162:8081, status: healthy:true;isolate:false;weight:100
2026-08-06 16:23:40.148796Z	info	base	serviceinfo/service_info.go:280	add instance of {namespace: "Polaris", service: "polaris.discover"}: 11.143.52.137:8091, status: healthy:true;isolate:false;weight:100
2026-08-06 16:23:40.148798Z	info	base	serviceinfo/service_info.go:280	add instance of {namespace: "Polaris", service: "polaris.discover"}: 9.141.112.229:8081, status: healthy:true;isolate:false;weight:100
2026-08-06 16:23:40.148801Z	info	base	serviceinfo/service_info.go:280	add instance of {namespace: "Polaris", service: "polaris.discover"}: 9.141.66.92:8080, status: healthy:true;isolate:false;weight:100
2026-08-06 16:23:40.148803Z	info	base	serviceinfo/service_info.go:280	add instance of {namespace: "Polaris", service: "polaris.discover"}: 9.141.120.192:8091, status: healthy:true;isolate:false;weight:100
2026-08-06 16:23:40.148805Z	info	base	serviceinfo/service_info.go:280	add instance of {namespace: "Polaris", service: "polaris.discover"}: 30.163.241.125:8091, status: healthy:true;isolate:false;weight:100
2026-08-06 16:23:40.148807Z	info	base	serviceinfo/service_info.go:280	add instance of {namespace: "Polaris", service: "polaris.discover"}: 30.163.241.139:8081, status: healthy:true;isolate:false;weight:100
2026-08-06 16:23:40.148810Z	info	base	serviceinfo/service_info.go:280	add instance of {namespace: "Polaris", service: "polaris.discover"}: 21.200.76.141:8080, status: healthy:true;isolate:false;weight:100
2026-08-06 16:23:40.148814Z	info	base	serviceinfo/service_info.go:280	add instance of {namespace: "Polaris", service: "polaris.discover"}: 30.163.241.54:8080, status: healthy:true;isolate:false;weight:100
2026-08-06 16:23:40.148816Z	info	base	serviceinfo/service_info.go:280	add instance of {namespace: "Polaris", service: "polaris.discover"}: 11.181.52.35:8080, status: healthy:true;isolate:false;weight:100
2026-08-06 16:23:40.148818Z	info	base	serviceinfo/service_info.go:280	add instance of {namespace: "Polaris", service: "polaris.discover"}: 30.163.241.55:8081, status: healthy:true;isolate:false;weight:100
2026-08-06 16:23:40.148821Z	info	base	serviceinfo/service_info.go:280	add instance of {namespace: "Polaris", service: "polaris.discover"}: 30.160.192.7:8091, status: healthy:true;isolate:false;weight:100
2026-08-06 16:23:40.148823Z	info	base	serviceinfo/service_info.go:280	add instance of {namespace: "Polaris", service: "polaris.discover"}: 11.143.46.130:8091, status: healthy:true;isolate:false;weight:100
2026-08-06 16:23:40.148825Z	info	base	serviceinfo/service_info.go:280	add instance of {namespace: "Polaris", service: "polaris.discover"}: 11.143.52.46:8080, status: healthy:true;isolate:false;weight:100
2026-08-06 16:23:40.148827Z	info	base	serviceinfo/service_info.go:280	add instance of {namespace: "Polaris", service: "polaris.discover"}: 11.143.52.9:8081, status: healthy:true;isolate:false;weight:100
2026-08-06 16:23:40.148830Z	info	base	serviceinfo/service_info.go:280	add instance of {namespace: "Polaris", service: "polaris.discover"}: 9.141.100.70:8091, status: healthy:true;isolate:false;weight:100
2026-08-06 16:23:40.148832Z	info	base	serviceinfo/service_info.go:280	add instance of {namespace: "Polaris", service: "polaris.discover"}: 30.163.61.101:8081, status: healthy:true;isolate:false;weight:100
2026-08-06 16:23:40.148834Z	info	base	serviceinfo/service_info.go:280	add instance of {namespace: "Polaris", service: "polaris.discover"}: 11.143.46.237:8091, status: healthy:true;isolate:false;weight:100
2026-08-06 16:23:40.148836Z	info	base	serviceinfo/service_info.go:280	add instance of {namespace: "Polaris", service: "polaris.discover"}: 11.143.46.217:8080, status: healthy:true;isolate:false;weight:100
2026-08-06 16:23:40.148839Z	info	base	serviceinfo/service_info.go:280	add instance of {namespace: "Polaris", service: "polaris.discover"}: 11.143.52.61:8080, status: healthy:true;isolate:false;weight:100
2026-08-06 16:23:40.148841Z	info	base	serviceinfo/service_info.go:280	add instance of {namespace: "Polaris", service: "polaris.discover"}: 30.163.241.119:8080, status: healthy:true;isolate:false;weight:100
2026-08-06 16:23:40.148843Z	info	base	serviceinfo/service_info.go:280	add instance of {namespace: "Polaris", service: "polaris.discover"}: 30.163.241.110:8091, status: healthy:true;isolate:false;weight:100
2026-08-06 16:23:40.148846Z	info	base	serviceinfo/service_info.go:280	add instance of {namespace: "Polaris", service: "polaris.discover"}: 30.163.241.40:8081, status: healthy:true;isolate:false;weight:100
2026-08-06 16:23:40.148848Z	info	base	serviceinfo/service_info.go:280	add instance of {namespace: "Polaris", service: "polaris.discover"}: 11.143.46.178:8080, status: healthy:true;isolate:false;weight:100
2026-08-06 16:23:40.148850Z	info	base	serviceinfo/service_info.go:280	add instance of {namespace: "Polaris", service: "polaris.discover"}: 11.143.41.233:8091, status: healthy:true;isolate:false;weight:100
2026-08-06 16:23:40.148853Z	info	base	serviceinfo/service_info.go:280	add instance of {namespace: "Polaris", service: "polaris.discover"}: 11.181.42.102:8091, status: healthy:true;isolate:false;weight:100
2026-08-06 16:23:40.148855Z	info	base	serviceinfo/service_info.go:280	add instance of {namespace: "Polaris", service: "polaris.discover"}: 30.163.61.101:8080, status: healthy:true;isolate:false;weight:100
2026-08-06 16:23:40.148858Z	info	base	serviceinfo/service_info.go:280	add instance of {namespace: "Polaris", service: "polaris.discover"}: 30.160.193.207:8091, status: healthy:true;isolate:false;weight:100
2026-08-06 16:23:40.148860Z	info	base	serviceinfo/service_info.go:280	add instance of {namespace: "Polaris", service: "polaris.discover"}: 11.140.162.11:8080, status: healthy:true;isolate:false;weight:100
2026-08-06 16:23:40.148866Z	info	base	schedule/routines.go:229	item {namespace: "Polaris", service: "polaris.discover"} in task circuitBreakTask has added
2026-08-06 16:23:40.148871Z	info	base	schedule/routines.go:113	task circuitBreakTask started priority
2026-08-06 16:23:40.148903Z	error	base	common/cache_persist.go:131	fail to load cache from file svcV2#Polaris#polaris.discover#routing.json, svcKey: {namespace: "Polaris", service: "polaris.discover", event: routing}, error is Fail to Stat the cache file name /Users/zhengbangli/polaris/backup/svcV2#Polaris#polaris.discover#routing.json:  stat /Users/zhengbangli/polaris/backup/svcV2#Polaris#polaris.discover#routing.json: no such file or directory
2026-08-06 16:23:40.148917Z	info	base	common/cache_persist.go:183	Start to load cache from /Users/zhengbangli/polaris/backup/svc#Polaris#polaris.discover#routing.json
2026-08-06 16:23:40.149370Z	info	base	inmemory/inmemory.go:1302	load message for {namespace: "Polaris", service: "polaris.discover", event: routing} from file svc#Polaris#polaris.discover#routing.json, cache file modify time: 2026-08-06 16:22:53.047751 +0800 CST, direct available: true 

2026-08-06 16:23:40.149379Z	info	base	inmemory/inmemory.go:612	4747DF69-F4CD-4718-9EAB-2511CF1C7D97, start to register event handler for {namespace: "Polaris", service: "polaris.discover", event: routing}
2026-08-06 16:23:40.149385Z	info	base	common/register.go:53	4747DF69-F4CD-4718-9EAB-2511CF1C7D97, addTask: start to add first task for {namespace: "Polaris", service: "polaris.discover", event: routing, initialized: firstTask}
2026-08-06 16:23:40.149390Z	info	base	common/register.go:66	4747DF69-F4CD-4718-9EAB-2511CF1C7D97, addTask: finish add first task for {namespace: "Polaris", service: "polaris.discover", event: routing, initialized: firstTask}
2026-08-06 16:23:40.149394Z	info	base	inmemory/inmemory.go:614	4747DF69-F4CD-4718-9EAB-2511CF1C7D97, finish register event handler for {namespace: "Polaris", service: "polaris.discover", event: routing}, err <nil>
2026-08-06 16:23:40.149406Z	info	base	network/impl.go:413	get connection of builtin for System
2026-08-06 16:23:40.149536Z	info	base	network/impl.go:587	discover server updated to ready 1, event is {namespace: "Polaris", service: "polaris.discover", event: instance}
2026-08-06 16:23:40.149547Z	info	base	network/impl.go:587	discover server updated to ready 2, event is {namespace: "Polaris", service: "polaris.discover", event: routing}
2026-08-06 16:23:40.152480Z	info	base	grpc/creator.go:101	localAddress from connection is 30.26.152.44:51642, IP is 30.26.152.44, hashValue is 9814335246260940990
2026-08-06 16:23:40.690271Z	info	base	inmemory/model.go:503	4747DF69-F4CD-4718-9EAB-2511CF1C7D97, OnServiceUpdate: {namespace: "Polaris", service: "polaris.discover", event: instance}, status: CacheNotChanged, set cacheLoaded to false, oldRevision: d86a47f2c840a715ab743612502b0053c9e1c04a, newRevision: d86a47f2c840a715ab743612502b0053c9e1c04a
2026-08-06 16:23:40.690308Z	info	base	network/conn.go:116	release connection: {ID:2362017917,Address:9.141.66.219:8081,Service:{ServiceKey: {namespace: "Polaris", service: "polaris-default"}, ClusterType: builtin}}
2026-08-06 16:23:40.690351Z	info	base	network/impl.go:413	get connection of builtin for System
2026-08-06 16:23:40.982079Z	info	base	inmemory/model.go:503	4747DF69-F4CD-4718-9EAB-2511CF1C7D97, OnServiceUpdate: {namespace: "Polaris", service: "polaris.discover", event: routing}, status: CacheNotChanged, set cacheLoaded to false, oldRevision: 6f20d31f220046ccb69f43f51fcabfc3, newRevision: 6f20d31f220046ccb69f43f51fcabfc3
2026-08-06 16:23:40.982359Z	info	base	network/conn.go:116	release connection: {ID:3431366647,Address:9.141.65.110:8081,Service:{ServiceKey: {namespace: "Polaris", service: "polaris-default"}, ClusterType: builtin}}
2026-08-06 16:23:41.138480Z	info	base	network/impl.go:413	get connection of monitor for ReportStat
2026-08-06 16:23:41.138617Z	info	base	common/cache_persist.go:183	Start to load cache from /Users/zhengbangli/polaris/backup/svcV2#Polaris#polaris.monitor#instance.json
2026-08-06 16:23:41.150908Z	info	base	pb/service.go:201	service Polaris::polaris.monitor nearby enabled
2026-08-06 16:23:41.151407Z	warn	base	pb/service.go:235	service Polaris:polaris.monitor unmarshal slow start config fail EOF
2026-08-06 16:23:41.151439Z	info	base	inmemory/inmemory.go:1302	load message for {namespace: "Polaris", service: "polaris.monitor", event: instance} from file svcV2#Polaris#polaris.monitor#instance.json, cache file modify time: 2026-08-06 16:22:53.748015 +0800 CST, direct available: true 

2026-08-06 16:23:41.151453Z	info	base	inmemory/inmemory.go:612	4747DF69-F4CD-4718-9EAB-2511CF1C7D97, start to register event handler for {namespace: "Polaris", service: "polaris.monitor", event: instance}
2026-08-06 16:23:41.151466Z	info	base	common/register.go:53	4747DF69-F4CD-4718-9EAB-2511CF1C7D97, addTask: start to add first task for {namespace: "Polaris", service: "polaris.monitor", event: instance, initialized: firstTask}
2026-08-06 16:23:41.151477Z	info	base	common/register.go:66	4747DF69-F4CD-4718-9EAB-2511CF1C7D97, addTask: finish add first task for {namespace: "Polaris", service: "polaris.monitor", event: instance, initialized: firstTask}
2026-08-06 16:23:41.151485Z	info	base	inmemory/inmemory.go:614	4747DF69-F4CD-4718-9EAB-2511CF1C7D97, finish register event handler for {namespace: "Polaris", service: "polaris.monitor", event: instance}, err <nil>
2026-08-06 16:23:41.151526Z	info	base	common/discover.go:182	receive init task: {namespace: "Polaris", service: "polaris.monitor", event: instance, initialized: firstTask}
2026-08-06 16:23:41.151560Z	info	base	network/impl.go:413	get connection of discover for Discover
2026-08-06 16:23:41.151574Z	info	base	serviceinfo/service_info.go:277	service instances of {namespace: "Polaris", service: "polaris.monitor"} change, oldRevision , newRevision ea1cf66673b51382afa91b11f3568d001cd1ae9a, oldCount 0, newCount 404
2026-08-06 16:23:41.151582Z	info	base	serviceinfo/service_info.go:280	add instance of {namespace: "Polaris", service: "polaris.monitor"}: 9.136.55.192:8081, status: healthy:true;isolate:false;weight:100
2026-08-06 16:23:41.151588Z	info	base	serviceinfo/service_info.go:280	add instance of {namespace: "Polaris", service: "polaris.monitor"}: 21.106.233.85:8081, status: healthy:true;isolate:false;weight:100
2026-08-06 16:23:41.151592Z	info	base	serviceinfo/service_info.go:280	add instance of {namespace: "Polaris", service: "polaris.monitor"}: 11.142.156.190:8081, status: healthy:true;isolate:false;weight:100
2026-08-06 16:23:41.151596Z	info	base	serviceinfo/service_info.go:280	add instance of {namespace: "Polaris", service: "polaris.monitor"}: 11.142.156.188:8081, status: healthy:true;isolate:false;weight:100
2026-08-06 16:23:41.151600Z	info	base	serviceinfo/service_info.go:280	add instance of {namespace: "Polaris", service: "polaris.monitor"}: 9.141.115.23:8081, status: healthy:true;isolate:false;weight:100
2026-08-06 16:23:41.151604Z	info	base	serviceinfo/service_info.go:280	add instance of {namespace: "Polaris", service: "polaris.monitor"}: 21.21.137.248:8081, status: healthy:true;isolate:false;weight:100
2026-08-06 16:23:41.151607Z	info	base	serviceinfo/service_info.go:280	add instance of {namespace: "Polaris", service: "polaris.monitor"}: 9.136.29.175:8081, status: healthy:true;isolate:false;weight:100
2026-08-06 16:23:41.151611Z	info	base	serviceinfo/service_info.go:280	add instance of {namespace: "Polaris", service: "polaris.monitor"}: 9.141.113.199:8081, status: healthy:true;isolate:false;weight:100
2026-08-06 16:23:41.151615Z	info	base	serviceinfo/service_info.go:280	add instance of {namespace: "Polaris", service: "polaris.monitor"}: 9.141.65.30:8081, status: healthy:true;isolate:false;weight:100
2026-08-06 16:23:41.151618Z	info	base	serviceinfo/service_info.go:280	add instance of {namespace: "Polaris", service: "polaris.monitor"}: 11.135.192.210:8081, status: healthy:true;isolate:false;weight:100
2026-08-06 16:23:41.151622Z	info	base	serviceinfo/service_info.go:280	add instance of {namespace: "Polaris", service: "polaris.monitor"}: 21.21.137.216:8081, status: healthy:true;isolate:false;weight:100
2026-08-06 16:23:41.151626Z	info	base	serviceinfo/service_info.go:280	add instance of {namespace: "Polaris", service: "polaris.monitor"}: 30.160.241.61:8081, status: healthy:true;isolate:false;weight:100
2026-08-06 16:23:41.151630Z	info	base	serviceinfo/service_info.go:280	add instance of {namespace: "Polaris", service: "polaris.monitor"}: 11.59.215.162:8081, status: healthy:true;isolate:false;weight:100
2026-08-06 16:23:41.151633Z	info	base	serviceinfo/service_info.go:280	add instance of {namespace: "Polaris", service: "polaris.monitor"}: 9.141.115.124:8081, status: healthy:true;isolate:false;weight:100
2026-08-06 16:23:41.151637Z	info	base	serviceinfo/service_info.go:280	add instance of {namespace: "Polaris", service: "polaris.monitor"}: 9.141.115.30:8081, status: healthy:true;isolate:false;weight:100
2026-08-06 16:23:41.151640Z	info	base	serviceinfo/service_info.go:280	add instance of {namespace: "Polaris", service: "polaris.monitor"}: 9.136.29.167:8081, status: healthy:true;isolate:false;weight:100
2026-08-06 16:23:41.151644Z	info	base	serviceinfo/service_info.go:280	add instance of {namespace: "Polaris", service: "polaris.monitor"}: 9.141.71.100:8081, status: healthy:true;isolate:false;weight:100
2026-08-06 16:23:41.151648Z	info	base	serviceinfo/service_info.go:280	add instance of {namespace: "Polaris", service: "polaris.monitor"}: 11.135.192.96:8081, status: healthy:true;isolate:false;weight:100
2026-08-06 16:23:41.151651Z	info	base	serviceinfo/service_info.go:280	add instance of {namespace: "Polaris", service: "polaris.monitor"}: 11.140.166.179:8081, status: healthy:true;isolate:false;weight:100
2026-08-06 16:23:41.151655Z	info	base	serviceinfo/service_info.go:280	add instance of {namespace: "Polaris", service: "polaris.monitor"}: 21.21.137.213:8081, status: healthy:true;isolate:false;weight:100
2026-08-06 16:23:41.151658Z	info	base	serviceinfo/service_info.go:280	add instance of {namespace: "Polaris", service: "polaris.monitor"}: 30.160.241.99:8081, status: healthy:true;isolate:false;weight:100
2026-08-06 16:23:41.151662Z	info	base	serviceinfo/service_info.go:280	add instance of {namespace: "Polaris", service: "polaris.monitor"}: 9.141.67.85:8081, status: healthy:true;isolate:false;weight:100
2026-08-06 16:23:41.151665Z	info	base	serviceinfo/service_info.go:280	add instance of {namespace: "Polaris", service: "polaris.monitor"}: 21.21.137.215:8081, status: healthy:true;isolate:false;weight:100
2026-08-06 16:23:41.151669Z	info	base	serviceinfo/service_info.go:280	add instance of {namespace: "Polaris", service: "polaris.monitor"}: 11.142.156.122:8081, status: healthy:true;isolate:false;weight:100
2026-08-06 16:23:41.151673Z	info	base	serviceinfo/service_info.go:280	add instance of {namespace: "Polaris", service: "polaris.monitor"}: 9.136.82.25:8081, status: healthy:true;isolate:false;weight:100
2026-08-06 16:23:41.151677Z	info	base	serviceinfo/service_info.go:280	add instance of {namespace: "Polaris", service: "polaris.monitor"}: 11.140.162.40:8081, status: healthy:true;isolate:false;weight:100
2026-08-06 16:23:41.151680Z	info	base	serviceinfo/service_info.go:280	add instance of {namespace: "Polaris", service: "polaris.monitor"}: 30.160.241.104:8081, status: healthy:true;isolate:false;weight:100
2026-08-06 16:23:41.151684Z	info	base	serviceinfo/service_info.go:280	add instance of {namespace: "Polaris", service: "polaris.monitor"}: 30.175.164.147:8081, status: healthy:true;isolate:false;weight:100
2026-08-06 16:23:41.151687Z	info	base	serviceinfo/service_info.go:280	add instance of {namespace: "Polaris", service: "polaris.monitor"}: 9.141.115.90:8081, status: healthy:true;isolate:false;weight:100
2026-08-06 16:23:41.151691Z	info	base	serviceinfo/service_info.go:280	add instance of {namespace: "Polaris", service: "polaris.monitor"}: 21.106.233.108:8081, status: healthy:true;isolate:false;weight:100
2026-08-06 16:23:41.151694Z	info	base	serviceinfo/service_info.go:280	add instance of {namespace: "Polaris", service: "polaris.monitor"}: 9.136.54.123:8081, status: healthy:true;isolate:false;weight:100
2026-08-06 16:23:41.151698Z	info	base	serviceinfo/service_info.go:280	add instance of {namespace: "Polaris", service: "polaris.monitor"}: 11.150.115.12:8081, status: healthy:true;isolate:false;weight:100
2026-08-06 16:23:41.151701Z	info	base	serviceinfo/service_info.go:280	add instance of {namespace: "Polaris", service: "polaris.monitor"}: 9.141.71.73:8081, status: healthy:true;isolate:false;weight:100
2026-08-06 16:23:41.151704Z	info	base	serviceinfo/service_info.go:280	add instance of {namespace: "Polaris", service: "polaris.monitor"}: 21.21.137.210:8081, status: healthy:true;isolate:false;weight:100
2026-08-06 16:23:41.151708Z	info	base	serviceinfo/service_info.go:280	add instance of {namespace: "Polaris", service: "polaris.monitor"}: 11.140.163.138:8081, status: healthy:true;isolate:false;weight:100
2026-08-06 16:23:41.151712Z	info	base	serviceinfo/service_info.go:280	add instance of {namespace: "Polaris", service: "polaris.monitor"}: 9.141.110.52:8081, status: healthy:true;isolate:false;weight:100
2026-08-06 16:23:41.151715Z	info	base	serviceinfo/service_info.go:280	add instance of {namespace: "Polaris", service: "polaris.monitor"}: 21.21.137.243:8081, status: healthy:true;isolate:false;weight:100
2026-08-06 16:23:41.151719Z	info	base	serviceinfo/service_info.go:280	add instance of {namespace: "Polaris", service: "polaris.monitor"}: 11.135.192.212:8081, status: healthy:true;isolate:false;weight:100
2026-08-06 16:23:41.151722Z	info	base	serviceinfo/service_info.go:280	add instance of {namespace: "Polaris", service: "polaris.monitor"}: 21.21.137.254:8081, status: healthy:true;isolate:false;weight:100
2026-08-06 16:23:41.151726Z	info	base	serviceinfo/service_info.go:280	add instance of {namespace: "Polaris", service: "polaris.monitor"}: 21.106.233.63:8081, status: healthy:true;isolate:false;weight:100
2026-08-06 16:23:41.151731Z	info	base	serviceinfo/service_info.go:280	add instance of {namespace: "Polaris", service: "polaris.monitor"}: 11.135.192.158:8081, status: healthy:true;isolate:false;weight:100
2026-08-06 16:23:41.151735Z	info	base	serviceinfo/service_info.go:280	add instance of {namespace: "Polaris", service: "polaris.monitor"}: 9.136.82.116:8081, status: healthy:true;isolate:false;weight:100
2026-08-06 16:23:41.151739Z	info	base	serviceinfo/service_info.go:280	add instance of {namespace: "Polaris", service: "polaris.monitor"}: 11.142.130.90:8081, status: healthy:true;isolate:false;weight:100
2026-08-06 16:23:41.151742Z	info	base	serviceinfo/service_info.go:280	add instance of {namespace: "Polaris", service: "polaris.monitor"}: 9.141.115.183:8081, status: healthy:true;isolate:false;weight:100
2026-08-06 16:23:41.151747Z	info	base	serviceinfo/service_info.go:280	add instance of {namespace: "Polaris", service: "polaris.monitor"}: 21.21.137.226:8081, status: healthy:true;isolate:false;weight:100
2026-08-06 16:23:41.151751Z	info	base	serviceinfo/service_info.go:280	add instance of {namespace: "Polaris", service: "polaris.monitor"}: 30.160.241.115:8081, status: healthy:true;isolate:false;weight:100
2026-08-06 16:23:41.151755Z	info	base	serviceinfo/service_info.go:280	add instance of {namespace: "Polaris", service: "polaris.monitor"}: 11.135.192.176:8081, status: healthy:true;isolate:false;weight:100
2026-08-06 16:23:41.151759Z	info	base	serviceinfo/service_info.go:280	add instance of {namespace: "Polaris", service: "polaris.monitor"}: 11.140.166.113:8081, status: healthy:true;isolate:false;weight:100
2026-08-06 16:23:41.151763Z	info	base	serviceinfo/service_info.go:280	add instance of {namespace: "Polaris", service: "polaris.monitor"}: 9.136.29.80:8081, status: healthy:true;isolate:false;weight:100
2026-08-06 16:23:41.151767Z	info	base	serviceinfo/service_info.go:280	add instance of {namespace: "Polaris", service: "polaris.monitor"}: 21.106.233.54:8081, status: healthy:true;isolate:false;weight:100
2026-08-06 16:23:41.151771Z	info	base	serviceinfo/service_info.go:280	add instance of {namespace: "Polaris", service: "polaris.monitor"}: 9.141.66.65:8081, status: healthy:true;isolate:false;weight:100
2026-08-06 16:23:41.151777Z	info	base	serviceinfo/service_info.go:280	add instance of {namespace: "Polaris", service: "polaris.monitor"}: 9.141.113.31:8081, status: healthy:true;isolate:false;weight:100
2026-08-06 16:23:41.151781Z	info	base	serviceinfo/service_info.go:280	add instance of {namespace: "Polaris", service: "polaris.monitor"}: 9.141.100.249:8081, status: healthy:true;isolate:false;weight:100
2026-08-06 16:23:41.151786Z	info	base	serviceinfo/service_info.go:280	add instance of {namespace: "Polaris", service: "polaris.monitor"}: 30.160.241.57:8081, status: healthy:true;isolate:false;weight:100
2026-08-06 16:23:41.151790Z	info	base	serviceinfo/service_info.go:280	add instance of {namespace: "Polaris", service: "polaris.monitor"}: 9.141.115.25:8081, status: healthy:true;isolate:false;weight:100
2026-08-06 16:23:41.151794Z	info	base	serviceinfo/service_info.go:280	add instance of {namespace: "Polaris", service: "polaris.monitor"}: 9.141.104.197:8081, status: healthy:true;isolate:false;weight:100
2026-08-06 16:23:41.151797Z	info	base	serviceinfo/service_info.go:280	add instance of {namespace: "Polaris", service: "polaris.monitor"}: 9.141.115.27:8081, status: healthy:true;isolate:false;weight:100
2026-08-06 16:23:41.151803Z	info	base	serviceinfo/service_info.go:280	add instance of {namespace: "Polaris", service: "polaris.monitor"}: 21.21.137.200:8081, status: healthy:true;isolate:false;weight:100
2026-08-06 16:23:41.151807Z	info	base	serviceinfo/service_info.go:280	add instance of {namespace: "Polaris", service: "polaris.monitor"}: 30.160.241.98:8081, status: healthy:true;isolate:false;weight:100
2026-08-06 16:23:41.151811Z	info	base	serviceinfo/service_info.go:280	add instance of {namespace: "Polaris", service: "polaris.monitor"}: 9.141.115.35:8081, status: healthy:true;isolate:false;weight:100
2026-08-06 16:23:41.151815Z	info	base	serviceinfo/service_info.go:280	add instance of {namespace: "Polaris", service: "polaris.monitor"}: 9.141.122.97:8081, status: healthy:true;isolate:false;weight:100
2026-08-06 16:23:41.151819Z	info	base	serviceinfo/service_info.go:280	add instance of {namespace: "Polaris", service: "polaris.monitor"}: 11.142.156.70:8081, status: healthy:true;isolate:false;weight:100
2026-08-06 16:23:41.151822Z	info	base	serviceinfo/service_info.go:280	add instance of {namespace: "Polaris", service: "polaris.monitor"}: 21.106.233.114:8081, status: healthy:true;isolate:false;weight:100
2026-08-06 16:23:41.151826Z	info	base	serviceinfo/service_info.go:280	add instance of {namespace: "Polaris", service: "polaris.monitor"}: 11.142.156.59:8081, status: healthy:true;isolate:false;weight:100
2026-08-06 16:23:41.151829Z	info	base	serviceinfo/service_info.go:280	add instance of {namespace: "Polaris", service: "polaris.monitor"}: 11.142.130.113:8081, status: healthy:true;isolate:false;weight:100
2026-08-06 16:23:41.151833Z	info	base	serviceinfo/service_info.go:280	add instance of {namespace: "Polaris", service: "polaris.monitor"}: 21.21.137.249:8081, status: healthy:true;isolate:false;weight:100
2026-08-06 16:23:41.151837Z	info	base	serviceinfo/service_info.go:280	add instance of {namespace: "Polaris", service: "polaris.monitor"}: 9.141.115.76:8081, status: healthy:true;isolate:false;weight:100
2026-08-06 16:23:41.151841Z	info	base	serviceinfo/service_info.go:280	add instance of {namespace: "Polaris", service: "polaris.monitor"}: 21.106.233.92:8081, status: healthy:true;isolate:false;weight:100
2026-08-06 16:23:41.151844Z	info	base	serviceinfo/service_info.go:280	add instance of {namespace: "Polaris", service: "polaris.monitor"}: 11.142.130.85:8081, status: healthy:true;isolate:false;weight:100
2026-08-06 16:23:41.151848Z	info	base	serviceinfo/service_info.go:280	add instance of {namespace: "Polaris", service: "polaris.monitor"}: 11.135.192.62:8081, status: healthy:true;isolate:false;weight:100
2026-08-06 16:23:41.151851Z	info	base	serviceinfo/service_info.go:280	add instance of {namespace: "Polaris", service: "polaris.monitor"}: 11.150.115.109:8081, status: healthy:true;isolate:false;weight:100
2026-08-06 16:23:41.151855Z	info	base	serviceinfo/service_info.go:280	add instance of {namespace: "Polaris", service: "polaris.monitor"}: 30.160.241.112:8081, status: healthy:true;isolate:false;weight:100
2026-08-06 16:23:41.151859Z	info	base	serviceinfo/service_info.go:280	add instance of {namespace: "Polaris", service: "polaris.monitor"}: 21.106.233.103:8081, status: healthy:true;isolate:false;weight:100
2026-08-06 16:23:41.151864Z	info	base	serviceinfo/service_info.go:280	add instance of {namespace: "Polaris", service: "polaris.monitor"}: 21.106.233.95:8081, status: healthy:true;isolate:false;weight:100
2026-08-06 16:23:41.151868Z	info	base	serviceinfo/service_info.go:280	add instance of {namespace: "Polaris", service: "polaris.monitor"}: 11.135.192.230:8081, status: healthy:true;isolate:false;weight:100
2026-08-06 16:23:41.151872Z	info	base	serviceinfo/service_info.go:280	add instance of {namespace: "Polaris", service: "polaris.monitor"}: 11.150.115.78:8081, status: healthy:true;isolate:false;weight:100
2026-08-06 16:23:41.151877Z	info	base	serviceinfo/service_info.go:280	add instance of {namespace: "Polaris", service: "polaris.monitor"}: 9.141.115.57:8081, status: healthy:true;isolate:false;weight:100
2026-08-06 16:23:41.151881Z	info	base	serviceinfo/service_info.go:280	add instance of {namespace: "Polaris", service: "polaris.monitor"}: 11.135.192.129:8081, status: healthy:true;isolate:false;weight:100
2026-08-06 16:23:41.151884Z	info	base	serviceinfo/service_info.go:280	add instance of {namespace: "Polaris", service: "polaris.monitor"}: 9.141.122.148:8081, status: healthy:true;isolate:false;weight:100
2026-08-06 16:23:41.151896Z	info	base	serviceinfo/service_info.go:280	add instance of {namespace: "Polaris", service: "polaris.monitor"}: 9.141.120.90:8081, status: healthy:true;isolate:false;weight:100
2026-08-06 16:23:41.151901Z	info	base	serviceinfo/service_info.go:280	add instance of {namespace: "Polaris", service: "polaris.monitor"}: 21.21.137.238:8081, status: healthy:true;isolate:false;weight:100
2026-08-06 16:23:41.151904Z	info	base	serviceinfo/service_info.go:280	add instance of {namespace: "Polaris", service: "polaris.monitor"}: 9.141.122.202:8081, status: healthy:true;isolate:false;weight:100
2026-08-06 16:23:41.151908Z	info	base	serviceinfo/service_info.go:280	add instance of {namespace: "Polaris", service: "polaris.monitor"}: 11.135.192.32:8081, status: healthy:true;isolate:false;weight:100
2026-08-06 16:23:41.151913Z	info	base	serviceinfo/service_info.go:280	add instance of {namespace: "Polaris", service: "polaris.monitor"}: 9.141.122.82:8081, status: healthy:true;isolate:false;weight:100
2026-08-06 16:23:41.151918Z	info	base	serviceinfo/service_info.go:280	add instance of {namespace: "Polaris", service: "polaris.monitor"}: 30.160.241.113:8081, status: healthy:true;isolate:false;weight:100
2026-08-06 16:23:41.151922Z	info	base	serviceinfo/service_info.go:280	add instance of {namespace: "Polaris", service: "polaris.monitor"}: 11.59.215.178:8081, status: healthy:true;isolate:false;weight:100
2026-08-06 16:23:41.151926Z	info	base	serviceinfo/service_info.go:280	add instance of {namespace: "Polaris", service: "polaris.monitor"}: 9.141.120.23:8081, status: healthy:true;isolate:false;weight:100
2026-08-06 16:23:41.151931Z	info	base	serviceinfo/service_info.go:280	add instance of {namespace: "Polaris", service: "polaris.monitor"}: 21.21.137.214:8081, status: healthy:true;isolate:false;weight:100
2026-08-06 16:23:41.151935Z	info	base	serviceinfo/service_info.go:280	add instance of {namespace: "Polaris", service: "polaris.monitor"}: 30.160.241.76:8081, status: healthy:true;isolate:false;weight:100
2026-08-06 16:23:41.151939Z	info	base	serviceinfo/service_info.go:280	add instance of {namespace: "Polaris", service: "polaris.monitor"}: 21.21.137.195:8081, status: healthy:true;isolate:false;weight:100
2026-08-06 16:23:41.151943Z	info	base	serviceinfo/service_info.go:280	add instance of {namespace: "Polaris", service: "polaris.monitor"}: 9.141.120.56:8081, status: healthy:true;isolate:false;weight:100
2026-08-06 16:23:41.151946Z	info	base	serviceinfo/service_info.go:280	add instance of {namespace: "Polaris", service: "polaris.monitor"}: 11.142.156.222:8081, status: healthy:true;isolate:false;weight:100
2026-08-06 16:23:41.151951Z	info	base	serviceinfo/service_info.go:280	add instance of {namespace: "Polaris", service: "polaris.monitor"}: 11.150.115.191:8081, status: healthy:true;isolate:false;weight:100
2026-08-06 16:23:41.151955Z	info	base	serviceinfo/service_info.go:280	add instance of {namespace: "Polaris", service: "polaris.monitor"}: 9.141.96.196:8081, status: healthy:true;isolate:false;weight:100
2026-08-06 16:23:41.151960Z	info	base	serviceinfo/service_info.go:280	add instance of {namespace: "Polaris", service: "polaris.monitor"}: 9.141.100.250:8081, status: healthy:true;isolate:false;weight:100
2026-08-06 16:23:41.151964Z	info	base	serviceinfo/service_info.go:280	add instance of {namespace: "Polaris", service: "polaris.monitor"}: 11.150.115.41:8081, status: healthy:true;isolate:false;weight:100
2026-08-06 16:23:41.151968Z	info	base	serviceinfo/service_info.go:280	add instance of {namespace: "Polaris", service: "polaris.monitor"}: 9.141.115.38:8081, status: healthy:true;isolate:false;weight:100
2026-08-06 16:23:41.151972Z	info	base	serviceinfo/service_info.go:280	add instance of {namespace: "Polaris", service: "polaris.monitor"}: 9.136.2.35:8081, status: healthy:true;isolate:false;weight:100
2026-08-06 16:23:41.151977Z	info	base	serviceinfo/service_info.go:280	add instance of {namespace: "Polaris", service: "polaris.monitor"}: 11.135.192.224:8081, status: healthy:true;isolate:false;weight:100
2026-08-06 16:23:41.151981Z	info	base	serviceinfo/service_info.go:280	add instance of {namespace: "Polaris", service: "polaris.monitor"}: 11.135.214.137:8081, status: healthy:true;isolate:false;weight:100
2026-08-06 16:23:41.151986Z	info	base	serviceinfo/service_info.go:280	add instance of {namespace: "Polaris", service: "polaris.monitor"}: 11.135.192.58:8081, status: healthy:true;isolate:false;weight:100
2026-08-06 16:23:41.151989Z	info	base	serviceinfo/service_info.go:280	add instance of {namespace: "Polaris", service: "polaris.monitor"}: 11.135.192.240:8081, status: healthy:true;isolate:false;weight:100
2026-08-06 16:23:41.151993Z	info	base	serviceinfo/service_info.go:280	add instance of {namespace: "Polaris", service: "polaris.monitor"}: 11.140.163.15:8081, status: healthy:true;isolate:false;weight:100
2026-08-06 16:23:41.151997Z	info	base	serviceinfo/service_info.go:280	add instance of {namespace: "Polaris", service: "polaris.monitor"}: 9.141.71.53:8081, status: healthy:true;isolate:false;weight:100
2026-08-06 16:23:41.152001Z	info	base	serviceinfo/service_info.go:280	add instance of {namespace: "Polaris", service: "polaris.monitor"}: 11.135.192.243:8081, status: healthy:true;isolate:false;weight:100
2026-08-06 16:23:41.152005Z	info	base	serviceinfo/service_info.go:280	add instance of {namespace: "Polaris", service: "polaris.monitor"}: 11.140.166.159:8081, status: healthy:true;isolate:false;weight:100
2026-08-06 16:23:41.152009Z	info	base	serviceinfo/service_info.go:280	add instance of {namespace: "Polaris", service: "polaris.monitor"}: 11.135.192.53:8081, status: healthy:true;isolate:false;weight:100
2026-08-06 16:23:41.152013Z	info	base	serviceinfo/service_info.go:280	add instance of {namespace: "Polaris", service: "polaris.monitor"}: 30.160.241.150:8081, status: healthy:true;isolate:false;weight:100
2026-08-06 16:23:41.152017Z	info	base	serviceinfo/service_info.go:280	add instance of {namespace: "Polaris", service: "polaris.monitor"}: 21.21.137.237:8081, status: healthy:true;isolate:false;weight:100
2026-08-06 16:23:41.152020Z	info	base	serviceinfo/service_info.go:280	add instance of {namespace: "Polaris", service: "polaris.monitor"}: 9.141.100.224:8081, status: healthy:true;isolate:false;weight:100
2026-08-06 16:23:41.152024Z	info	base	serviceinfo/service_info.go:280	add instance of {namespace: "Polaris", service: "polaris.monitor"}: 9.136.28.5:8081, status: healthy:true;isolate:false;weight:100
2026-08-06 16:23:41.152027Z	info	base	serviceinfo/service_info.go:280	add instance of {namespace: "Polaris", service: "polaris.monitor"}: 11.140.163.116:8081, status: healthy:true;isolate:false;weight:100
2026-08-06 16:23:41.152031Z	info	base	serviceinfo/service_info.go:280	add instance of {namespace: "Polaris", service: "polaris.monitor"}: 30.160.241.253:8081, status: healthy:true;isolate:false;weight:100
2026-08-06 16:23:41.152034Z	info	base	serviceinfo/service_info.go:280	add instance of {namespace: "Polaris", service: "polaris.monitor"}: 11.142.132.255:8081, status: healthy:true;isolate:false;weight:100
2026-08-06 16:23:41.152037Z	info	base	serviceinfo/service_info.go:280	add instance of {namespace: "Polaris", service: "polaris.monitor"}: 21.21.137.224:8081, status: healthy:true;isolate:false;weight:100
2026-08-06 16:23:41.152041Z	info	base	serviceinfo/service_info.go:280	add instance of {namespace: "Polaris", service: "polaris.monitor"}: 11.135.192.179:8081, status: healthy:true;isolate:false;weight:100
2026-08-06 16:23:41.152044Z	info	base	serviceinfo/service_info.go:280	add instance of {namespace: "Polaris", service: "polaris.monitor"}: 11.142.156.149:8081, status: healthy:true;isolate:false;weight:100
2026-08-06 16:23:41.152063Z	info	base	serviceinfo/service_info.go:280	add instance of {namespace: "Polaris", service: "polaris.monitor"}: 11.135.192.75:8081, status: healthy:true;isolate:false;weight:100
2026-08-06 16:23:41.152067Z	info	base	serviceinfo/service_info.go:280	add instance of {namespace: "Polaris", service: "polaris.monitor"}: 30.47.130.117:8081, status: healthy:true;isolate:false;weight:100
2026-08-06 16:23:41.152070Z	info	base	serviceinfo/service_info.go:280	add instance of {namespace: "Polaris", service: "polaris.monitor"}: 30.160.241.86:8081, status: healthy:true;isolate:false;weight:100
2026-08-06 16:23:41.152074Z	info	base	serviceinfo/service_info.go:280	add instance of {namespace: "Polaris", service: "polaris.monitor"}: 21.21.137.196:8081, status: healthy:true;isolate:false;weight:100
2026-08-06 16:23:41.152078Z	info	base	serviceinfo/service_info.go:280	add instance of {namespace: "Polaris", service: "polaris.monitor"}: 11.135.192.141:8081, status: healthy:true;isolate:false;weight:100
2026-08-06 16:23:41.152082Z	info	base	serviceinfo/service_info.go:280	add instance of {namespace: "Polaris", service: "polaris.monitor"}: 11.135.192.221:8081, status: healthy:true;isolate:false;weight:100
2026-08-06 16:23:41.152085Z	info	base	serviceinfo/service_info.go:280	add instance of {namespace: "Polaris", service: "polaris.monitor"}: 21.106.233.74:8081, status: healthy:true;isolate:false;weight:100
2026-08-06 16:23:41.152090Z	info	base	serviceinfo/service_info.go:280	add instance of {namespace: "Polaris", service: "polaris.monitor"}: 11.135.192.188:8081, status: healthy:true;isolate:false;weight:100
2026-08-06 16:23:41.152093Z	info	base	serviceinfo/service_info.go:280	add instance of {namespace: "Polaris", service: "polaris.monitor"}: 30.160.192.151:8081, status: healthy:true;isolate:false;weight:100
2026-08-06 16:23:41.152097Z	info	base	serviceinfo/service_info.go:280	add instance of {namespace: "Polaris", service: "polaris.monitor"}: 9.141.120.57:8081, status: healthy:true;isolate:false;weight:100
2026-08-06 16:23:41.152101Z	info	base	serviceinfo/service_info.go:280	add instance of {namespace: "Polaris", service: "polaris.monitor"}: 11.142.156.226:8081, status: healthy:true;isolate:false;weight:100
2026-08-06 16:23:41.152104Z	info	base	serviceinfo/service_info.go:280	add instance of {namespace: "Polaris", service: "polaris.monitor"}: 11.142.156.205:8081, status: healthy:true;isolate:false;weight:100
2026-08-06 16:23:41.152108Z	info	base	serviceinfo/service_info.go:280	add instance of {namespace: "Polaris", service: "polaris.monitor"}: 11.140.162.119:8081, status: healthy:true;isolate:false;weight:100
2026-08-06 16:23:41.152112Z	info	base	serviceinfo/service_info.go:280	add instance of {namespace: "Polaris", service: "polaris.monitor"}: 9.141.110.16:8081, status: healthy:true;isolate:false;weight:100
2026-08-06 16:23:41.152115Z	info	base	serviceinfo/service_info.go:280	add instance of {namespace: "Polaris", service: "polaris.monitor"}: 11.142.132.116:8081, status: healthy:true;isolate:false;weight:100
2026-08-06 16:23:41.152120Z	info	base	serviceinfo/service_info.go:280	add instance of {namespace: "Polaris", service: "polaris.monitor"}: 11.135.192.137:8081, status: healthy:true;isolate:false;weight:100
2026-08-06 16:23:41.152125Z	info	base	serviceinfo/service_info.go:280	add instance of {namespace: "Polaris", service: "polaris.monitor"}: 30.175.164.199:8081, status: healthy:true;isolate:false;weight:100
2026-08-06 16:23:41.152130Z	info	base	serviceinfo/service_info.go:280	add instance of {namespace: "Polaris", service: "polaris.monitor"}: 9.141.115.46:8081, status: healthy:true;isolate:false;weight:100
2026-08-06 16:23:41.152134Z	info	base	serviceinfo/service_info.go:280	add instance of {namespace: "Polaris", service: "polaris.monitor"}: 11.135.192.149:8081, status: healthy:true;isolate:false;weight:100
2026-08-06 16:23:41.152138Z	info	base	serviceinfo/service_info.go:280	add instance of {namespace: "Polaris", service: "polaris.monitor"}: 11.135.192.117:8081, status: healthy:true;isolate:false;weight:100
2026-08-06 16:23:41.152143Z	info	base	serviceinfo/service_info.go:280	add instance of {namespace: "Polaris", service: "polaris.monitor"}: 11.135.192.103:8081, status: healthy:true;isolate:false;weight:100
2026-08-06 16:23:41.152146Z	info	base	serviceinfo/service_info.go:280	add instance of {namespace: "Polaris", service: "polaris.monitor"}: 21.21.137.199:8081, status: healthy:true;isolate:false;weight:100
2026-08-06 16:23:41.152175Z	info	base	serviceinfo/service_info.go:280	add instance of {namespace: "Polaris", service: "polaris.monitor"}: 9.141.100.212:8081, status: healthy:true;isolate:false;weight:100
2026-08-06 16:23:41.152187Z	info	base	serviceinfo/service_info.go:280	add instance of {namespace: "Polaris", service: "polaris.monitor"}: 9.136.103.190:8081, status: healthy:true;isolate:false;weight:100
2026-08-06 16:23:41.152194Z	info	base	serviceinfo/service_info.go:280	add instance of {namespace: "Polaris", service: "polaris.monitor"}: 9.141.122.78:8081, status: healthy:true;isolate:false;weight:100
2026-08-06 16:23:41.152199Z	info	base	serviceinfo/service_info.go:280	add instance of {namespace: "Polaris", service: "polaris.monitor"}: 9.141.100.90:8081, status: healthy:true;isolate:false;weight:100
2026-08-06 16:23:41.152204Z	info	base	serviceinfo/service_info.go:280	add instance of {namespace: "Polaris", service: "polaris.monitor"}: 11.135.192.80:8081, status: healthy:true;isolate:false;weight:100
2026-08-06 16:23:41.152208Z	info	base	serviceinfo/service_info.go:280	add instance of {namespace: "Polaris", service: "polaris.monitor"}: 9.141.66.58:8081, status: healthy:true;isolate:false;weight:100
2026-08-06 16:23:41.152213Z	info	base	serviceinfo/service_info.go:280	add instance of {namespace: "Polaris", service: "polaris.monitor"}: 9.141.110.22:8081, status: healthy:true;isolate:false;weight:80
2026-08-06 16:23:41.152217Z	info	base	serviceinfo/service_info.go:280	add instance of {namespace: "Polaris", service: "polaris.monitor"}: 21.106.233.68:8081, status: healthy:true;isolate:false;weight:100
2026-08-06 16:23:41.152221Z	info	base	serviceinfo/service_info.go:280	add instance of {namespace: "Polaris", service: "polaris.monitor"}: 11.135.192.249:8081, status: healthy:true;isolate:false;weight:100
2026-08-06 16:23:41.152225Z	info	base	serviceinfo/service_info.go:280	add instance of {namespace: "Polaris", service: "polaris.monitor"}: 11.135.192.25:8081, status: healthy:true;isolate:false;weight:100
2026-08-06 16:23:41.152229Z	info	base	serviceinfo/service_info.go:280	add instance of {namespace: "Polaris", service: "polaris.monitor"}: 9.136.69.28:8081, status: healthy:true;isolate:false;weight:100
2026-08-06 16:23:41.152233Z	info	base	serviceinfo/service_info.go:280	add instance of {namespace: "Polaris", service: "polaris.monitor"}: 11.135.192.112:8081, status: healthy:true;isolate:false;weight:100
2026-08-06 16:23:41.152237Z	info	base	serviceinfo/service_info.go:280	add instance of {namespace: "Polaris", service: "polaris.monitor"}: 11.140.163.184:8081, status: healthy:true;isolate:false;weight:100
2026-08-06 16:23:41.152242Z	info	base	serviceinfo/service_info.go:280	add instance of {namespace: "Polaris", service: "polaris.monitor"}: 11.135.192.100:8081, status: healthy:true;isolate:false;weight:100
2026-08-06 16:23:41.152245Z	info	base	serviceinfo/service_info.go:280	add instance of {namespace: "Polaris", service: "polaris.monitor"}: 9.141.67.87:8081, status: healthy:true;isolate:false;weight:100
2026-08-06 16:23:41.152249Z	info	base	serviceinfo/service_info.go:280	add instance of {namespace: "Polaris", service: "polaris.monitor"}: 9.141.122.139:8081, status: healthy:true;isolate:false;weight:100
2026-08-06 16:23:41.152253Z	info	base	serviceinfo/service_info.go:280	add instance of {namespace: "Polaris", service: "polaris.monitor"}: 30.160.241.109:8081, status: healthy:true;isolate:false;weight:100
2026-08-06 16:23:41.152257Z	info	base	serviceinfo/service_info.go:280	add instance of {namespace: "Polaris", service: "polaris.monitor"}: 11.135.192.198:8081, status: healthy:true;isolate:false;weight:100
2026-08-06 16:23:41.152260Z	info	base	serviceinfo/service_info.go:280	add instance of {namespace: "Polaris", service: "polaris.monitor"}: 9.141.113.247:8081, status: healthy:true;isolate:false;weight:100
2026-08-06 16:23:41.152264Z	info	base	serviceinfo/service_info.go:280	add instance of {namespace: "Polaris", service: "polaris.monitor"}: 11.135.192.153:8081, status: healthy:true;isolate:false;weight:100
2026-08-06 16:23:41.152268Z	info	base	serviceinfo/service_info.go:280	add instance of {namespace: "Polaris", service: "polaris.monitor"}: 11.135.192.244:8081, status: healthy:true;isolate:false;weight:100
2026-08-06 16:23:41.152271Z	info	base	serviceinfo/service_info.go:280	add instance of {namespace: "Polaris", service: "polaris.monitor"}: 9.141.120.43:8081, status: healthy:true;isolate:false;weight:100
2026-08-06 16:23:41.152275Z	info	base	serviceinfo/service_info.go:280	add instance of {namespace: "Polaris", service: "polaris.monitor"}: 9.141.122.191:8081, status: healthy:true;isolate:false;weight:100
2026-08-06 16:23:41.152279Z	info	base	serviceinfo/service_info.go:280	add instance of {namespace: "Polaris", service: "polaris.monitor"}: 9.141.122.86:8081, status: healthy:true;isolate:false;weight:100
2026-08-06 16:23:41.152283Z	info	base	serviceinfo/service_info.go:280	add instance of {namespace: "Polaris", service: "polaris.monitor"}: 11.140.162.109:8081, status: healthy:true;isolate:false;weight:100
2026-08-06 16:23:41.152287Z	info	base	serviceinfo/service_info.go:280	add instance of {namespace: "Polaris", service: "polaris.monitor"}: 21.21.137.209:8081, status: healthy:true;isolate:false;weight:100
2026-08-06 16:23:41.152290Z	info	base	serviceinfo/service_info.go:280	add instance of {namespace: "Polaris", service: "polaris.monitor"}: 11.135.192.253:8081, status: healthy:true;isolate:false;weight:100
2026-08-06 16:23:41.152294Z	info	base	serviceinfo/service_info.go:280	add instance of {namespace: "Polaris", service: "polaris.monitor"}: 21.21.137.240:8081, status: healthy:true;isolate:false;weight:100
2026-08-06 16:23:41.152298Z	info	base	serviceinfo/service_info.go:280	add instance of {namespace: "Polaris", service: "polaris.monitor"}: 9.141.66.111:8081, status: healthy:true;isolate:false;weight:100
2026-08-06 16:23:41.152301Z	info	base	serviceinfo/service_info.go:280	add instance of {namespace: "Polaris", service: "polaris.monitor"}: 11.142.156.152:8081, status: healthy:true;isolate:false;weight:100
2026-08-06 16:23:41.152305Z	info	base	serviceinfo/service_info.go:280	add instance of {namespace: "Polaris", service: "polaris.monitor"}: 9.141.115.15:8081, status: healthy:true;isolate:false;weight:100
2026-08-06 16:23:41.152308Z	info	base	serviceinfo/service_info.go:280	add instance of {namespace: "Polaris", service: "polaris.monitor"}: 21.106.233.101:8081, status: healthy:true;isolate:false;weight:100
2026-08-06 16:23:41.152311Z	info	base	serviceinfo/service_info.go:280	add instance of {namespace: "Polaris", service: "polaris.monitor"}: 21.21.137.228:8081, status: healthy:true;isolate:false;weight:100
2026-08-06 16:23:41.152315Z	info	base	serviceinfo/service_info.go:280	add instance of {namespace: "Polaris", service: "polaris.monitor"}: 11.135.192.216:8081, status: healthy:true;isolate:false;weight:100
2026-08-06 16:23:41.152318Z	info	base	serviceinfo/service_info.go:280	add instance of {namespace: "Polaris", service: "polaris.monitor"}: 9.136.103.248:8081, status: healthy:true;isolate:false;weight:100
2026-08-06 16:23:41.152322Z	info	base	serviceinfo/service_info.go:280	add instance of {namespace: "Polaris", service: "polaris.monitor"}: 11.140.163.170:8081, status: healthy:true;isolate:false;weight:100
2026-08-06 16:23:41.152325Z	info	base	serviceinfo/service_info.go:280	add instance of {namespace: "Polaris", service: "polaris.monitor"}: 11.135.192.127:8081, status: healthy:true;isolate:false;weight:100
2026-08-06 16:23:41.152329Z	info	base	serviceinfo/service_info.go:280	add instance of {namespace: "Polaris", service: "polaris.monitor"}: 11.140.163.111:8081, status: healthy:true;isolate:false;weight:100
2026-08-06 16:23:41.152332Z	info	base	serviceinfo/service_info.go:280	add instance of {namespace: "Polaris", service: "polaris.monitor"}: 9.136.55.105:8081, status: healthy:true;isolate:false;weight:100
2026-08-06 16:23:41.152336Z	info	base	serviceinfo/service_info.go:280	add instance of {namespace: "Polaris", service: "polaris.monitor"}: 11.135.192.151:8081, status: healthy:true;isolate:false;weight:100
2026-08-06 16:23:41.152339Z	info	base	serviceinfo/service_info.go:280	add instance of {namespace: "Polaris", service: "polaris.monitor"}: 21.21.137.247:8081, status: healthy:true;isolate:false;weight:100
2026-08-06 16:23:41.152343Z	info	base	serviceinfo/service_info.go:280	add instance of {namespace: "Polaris", service: "polaris.monitor"}: 21.21.137.225:8081, status: healthy:true;isolate:false;weight:100
2026-08-06 16:23:41.152346Z	info	base	serviceinfo/service_info.go:280	add instance of {namespace: "Polaris", service: "polaris.monitor"}: 9.141.122.157:8081, status: healthy:true;isolate:false;weight:100
2026-08-06 16:23:41.152349Z	info	base	serviceinfo/service_info.go:280	add instance of {namespace: "Polaris", service: "polaris.monitor"}: 11.140.162.152:8081, status: healthy:true;isolate:false;weight:100
2026-08-06 16:23:41.152352Z	info	base	serviceinfo/service_info.go:280	add instance of {namespace: "Polaris", service: "polaris.monitor"}: 9.141.122.163:8081, status: healthy:true;isolate:false;weight:100
2026-08-06 16:23:41.152356Z	info	base	serviceinfo/service_info.go:280	add instance of {namespace: "Polaris", service: "polaris.monitor"}: 11.135.192.3:8081, status: healthy:true;isolate:false;weight:100
2026-08-06 16:23:41.152359Z	info	base	serviceinfo/service_info.go:280	add instance of {namespace: "Polaris", service: "polaris.monitor"}: 21.21.137.230:8081, status: healthy:true;isolate:false;weight:100
2026-08-06 16:23:41.152362Z	info	base	serviceinfo/service_info.go:280	add instance of {namespace: "Polaris", service: "polaris.monitor"}: 9.141.113.25:8081, status: healthy:true;isolate:false;weight:100
2026-08-06 16:23:41.152365Z	info	base	serviceinfo/service_info.go:280	add instance of {namespace: "Polaris", service: "polaris.monitor"}: 9.136.31.223:8081, status: healthy:true;isolate:false;weight:100
2026-08-06 16:23:41.152369Z	info	base	serviceinfo/service_info.go:280	add instance of {namespace: "Polaris", service: "polaris.monitor"}: 11.135.192.250:8081, status: healthy:true;isolate:false;weight:100
2026-08-06 16:23:41.152372Z	info	base	serviceinfo/service_info.go:280	add instance of {namespace: "Polaris", service: "polaris.monitor"}: 9.141.115.37:8081, status: healthy:true;isolate:false;weight:100
2026-08-06 16:23:41.152375Z	info	base	serviceinfo/service_info.go:280	add instance of {namespace: "Polaris", service: "polaris.monitor"}: 9.141.120.253:8081, status: healthy:true;isolate:false;weight:100
2026-08-06 16:23:41.152378Z	info	base	serviceinfo/service_info.go:280	add instance of {namespace: "Polaris", service: "polaris.monitor"}: 11.135.192.2:8081, status: healthy:true;isolate:false;weight:100
2026-08-06 16:23:41.152382Z	info	base	serviceinfo/service_info.go:280	add instance of {namespace: "Polaris", service: "polaris.monitor"}: 11.135.192.46:8081, status: healthy:true;isolate:false;weight:100
2026-08-06 16:23:41.152385Z	info	base	serviceinfo/service_info.go:280	add instance of {namespace: "Polaris", service: "polaris.monitor"}: 21.21.137.208:8081, status: healthy:true;isolate:false;weight:100
2026-08-06 16:23:41.152388Z	info	base	serviceinfo/service_info.go:280	add instance of {namespace: "Polaris", service: "polaris.monitor"}: 21.21.137.231:8081, status: healthy:true;isolate:false;weight:100
2026-08-06 16:23:41.152391Z	info	base	serviceinfo/service_info.go:280	add instance of {namespace: "Polaris", service: "polaris.monitor"}: 9.141.66.69:8081, status: healthy:true;isolate:false;weight:100
2026-08-06 16:23:41.152395Z	info	base	serviceinfo/service_info.go:280	add instance of {namespace: "Polaris", service: "polaris.monitor"}: 30.160.192.13:8081, status: healthy:true;isolate:false;weight:100
2026-08-06 16:23:41.152400Z	info	base	serviceinfo/service_info.go:280	add instance of {namespace: "Polaris", service: "polaris.monitor"}: 11.140.162.155:8081, status: healthy:true;isolate:false;weight:100
2026-08-06 16:23:41.152404Z	info	base	serviceinfo/service_info.go:280	add instance of {namespace: "Polaris", service: "polaris.monitor"}: 21.106.233.79:8081, status: healthy:true;isolate:false;weight:100
2026-08-06 16:23:41.152410Z	info	base	serviceinfo/service_info.go:280	add instance of {namespace: "Polaris", service: "polaris.monitor"}: 11.135.192.218:8081, status: healthy:true;isolate:false;weight:100
2026-08-06 16:23:41.152415Z	info	base	serviceinfo/service_info.go:280	add instance of {namespace: "Polaris", service: "polaris.monitor"}: 11.142.130.77:8081, status: healthy:true;isolate:false;weight:100
2026-08-06 16:23:41.152421Z	info	base	serviceinfo/service_info.go:280	add instance of {namespace: "Polaris", service: "polaris.monitor"}: 30.160.241.60:8081, status: healthy:true;isolate:false;weight:100
2026-08-06 16:23:41.152424Z	info	base	serviceinfo/service_info.go:280	add instance of {namespace: "Polaris", service: "polaris.monitor"}: 9.141.122.125:8081, status: healthy:true;isolate:false;weight:100
2026-08-06 16:23:41.152427Z	info	base	serviceinfo/service_info.go:280	add instance of {namespace: "Polaris", service: "polaris.monitor"}: 11.135.192.54:8081, status: healthy:true;isolate:false;weight:100
2026-08-06 16:23:41.152430Z	info	base	serviceinfo/service_info.go:280	add instance of {namespace: "Polaris", service: "polaris.monitor"}: 9.141.100.221:8081, status: healthy:true;isolate:false;weight:100
2026-08-06 16:23:41.152433Z	info	base	serviceinfo/service_info.go:280	add instance of {namespace: "Polaris", service: "polaris.monitor"}: 30.160.241.156:8081, status: healthy:true;isolate:false;weight:100
2026-08-06 16:23:41.152436Z	info	base	serviceinfo/service_info.go:280	add instance of {namespace: "Polaris", service: "polaris.monitor"}: 21.106.233.65:8081, status: healthy:true;isolate:false;weight:100
2026-08-06 16:23:41.152440Z	info	base	serviceinfo/service_info.go:280	add instance of {namespace: "Polaris", service: "polaris.monitor"}: 30.175.164.150:8081, status: healthy:true;isolate:false;weight:100
2026-08-06 16:23:41.152443Z	info	base	serviceinfo/service_info.go:280	add instance of {namespace: "Polaris", service: "polaris.monitor"}: 11.150.115.149:8081, status: healthy:true;isolate:false;weight:100
2026-08-06 16:23:41.152446Z	info	base	serviceinfo/service_info.go:280	add instance of {namespace: "Polaris", service: "polaris.monitor"}: 9.136.77.197:8081, status: healthy:true;isolate:false;weight:100
2026-08-06 16:23:41.152449Z	info	base	serviceinfo/service_info.go:280	add instance of {namespace: "Polaris", service: "polaris.monitor"}: 21.21.137.244:8081, status: healthy:true;isolate:false;weight:100
2026-08-06 16:23:41.152452Z	info	base	serviceinfo/service_info.go:280	add instance of {namespace: "Polaris", service: "polaris.monitor"}: 9.141.104.199:8081, status: healthy:true;isolate:false;weight:100
2026-08-06 16:23:41.152456Z	info	base	serviceinfo/service_info.go:280	add instance of {namespace: "Polaris", service: "polaris.monitor"}: 11.135.192.200:8081, status: healthy:true;isolate:false;weight:100
2026-08-06 16:23:41.152459Z	info	base	serviceinfo/service_info.go:280	add instance of {namespace: "Polaris", service: "polaris.monitor"}: 11.135.192.77:8081, status: healthy:true;isolate:false;weight:100
2026-08-06 16:23:41.152462Z	info	base	serviceinfo/service_info.go:280	add instance of {namespace: "Polaris", service: "polaris.monitor"}: 11.142.135.1:8081, status: healthy:true;isolate:false;weight:100
2026-08-06 16:23:41.152465Z	info	base	serviceinfo/service_info.go:280	add instance of {namespace: "Polaris", service: "polaris.monitor"}: 21.21.137.202:8081, status: healthy:true;isolate:false;weight:100
2026-08-06 16:23:41.152468Z	info	base	serviceinfo/service_info.go:280	add instance of {namespace: "Polaris", service: "polaris.monitor"}: 11.135.192.108:8081, status: healthy:true;isolate:false;weight:100
2026-08-06 16:23:41.152473Z	info	base	serviceinfo/service_info.go:280	add instance of {namespace: "Polaris", service: "polaris.monitor"}: 21.106.233.120:8081, status: healthy:true;isolate:false;weight:100
2026-08-06 16:23:41.152476Z	info	base	serviceinfo/service_info.go:280	add instance of {namespace: "Polaris", service: "polaris.monitor"}: 11.135.192.73:8081, status: healthy:true;isolate:false;weight:100
2026-08-06 16:23:41.152480Z	info	base	serviceinfo/service_info.go:280	add instance of {namespace: "Polaris", service: "polaris.monitor"}: 9.141.115.33:8081, status: healthy:true;isolate:false;weight:100
2026-08-06 16:23:41.152483Z	info	base	serviceinfo/service_info.go:280	add instance of {namespace: "Polaris", service: "polaris.monitor"}: 11.135.192.121:8081, status: healthy:true;isolate:false;weight:100
2026-08-06 16:23:41.152486Z	info	base	serviceinfo/service_info.go:280	add instance of {namespace: "Polaris", service: "polaris.monitor"}: 21.21.137.207:8081, status: healthy:true;isolate:false;weight:100
2026-08-06 16:23:41.152489Z	info	base	serviceinfo/service_info.go:280	add instance of {namespace: "Polaris", service: "polaris.monitor"}: 21.21.137.204:8081, status: healthy:true;isolate:false;weight:100
2026-08-06 16:23:41.152492Z	info	base	serviceinfo/service_info.go:280	add instance of {namespace: "Polaris", service: "polaris.monitor"}: 11.142.132.99:8081, status: healthy:true;isolate:false;weight:100
2026-08-06 16:23:41.152496Z	info	base	serviceinfo/service_info.go:280	add instance of {namespace: "Polaris", service: "polaris.monitor"}: 21.21.137.198:8081, status: healthy:true;isolate:false;weight:100
2026-08-06 16:23:41.152499Z	info	base	serviceinfo/service_info.go:280	add instance of {namespace: "Polaris", service: "polaris.monitor"}: 9.141.115.36:8081, status: healthy:true;isolate:false;weight:100
2026-08-06 16:23:41.152502Z	info	base	serviceinfo/service_info.go:280	add instance of {namespace: "Polaris", service: "polaris.monitor"}: 11.140.162.110:8081, status: healthy:true;isolate:false;weight:100
2026-08-06 16:23:41.152505Z	info	base	serviceinfo/service_info.go:280	add instance of {namespace: "Polaris", service: "polaris.monitor"}: 30.160.241.137:8081, status: healthy:true;isolate:false;weight:100
2026-08-06 16:23:41.152508Z	info	base	serviceinfo/service_info.go:280	add instance of {namespace: "Polaris", service: "polaris.monitor"}: 9.141.115.6:8081, status: healthy:true;isolate:false;weight:100
2026-08-06 16:23:41.152511Z	info	base	serviceinfo/service_info.go:280	add instance of {namespace: "Polaris", service: "polaris.monitor"}: 9.141.113.113:8081, status: healthy:true;isolate:false;weight:100
2026-08-06 16:23:41.152514Z	info	base	serviceinfo/service_info.go:280	add instance of {namespace: "Polaris", service: "polaris.monitor"}: 21.21.137.241:8081, status: healthy:true;isolate:false;weight:100
2026-08-06 16:23:41.152518Z	info	base	serviceinfo/service_info.go:280	add instance of {namespace: "Polaris", service: "polaris.monitor"}: 11.140.163.46:8081, status: healthy:true;isolate:false;weight:100
2026-08-06 16:23:41.152523Z	info	base	serviceinfo/service_info.go:280	add instance of {namespace: "Polaris", service: "polaris.monitor"}: 11.140.166.207:8081, status: healthy:true;isolate:false;weight:100
2026-08-06 16:23:41.152530Z	info	base	serviceinfo/service_info.go:280	add instance of {namespace: "Polaris", service: "polaris.monitor"}: 11.135.192.85:8081, status: healthy:true;isolate:false;weight:100
2026-08-06 16:23:41.152533Z	info	base	serviceinfo/service_info.go:280	add instance of {namespace: "Polaris", service: "polaris.monitor"}: 9.136.54.43:8081, status: healthy:true;isolate:false;weight:100
2026-08-06 16:23:41.152536Z	info	base	serviceinfo/service_info.go:280	add instance of {namespace: "Polaris", service: "polaris.monitor"}: 9.141.66.89:8081, status: healthy:true;isolate:false;weight:100
2026-08-06 16:23:41.152539Z	info	base	serviceinfo/service_info.go:280	add instance of {namespace: "Polaris", service: "polaris.monitor"}: 9.136.31.182:8081, status: healthy:true;isolate:false;weight:100
2026-08-06 16:23:41.152543Z	info	base	serviceinfo/service_info.go:280	add instance of {namespace: "Polaris", service: "polaris.monitor"}: 9.141.115.184:8081, status: healthy:true;isolate:false;weight:100
2026-08-06 16:23:41.152546Z	info	base	serviceinfo/service_info.go:280	add instance of {namespace: "Polaris", service: "polaris.monitor"}: 9.141.64.235:8081, status: healthy:true;isolate:false;weight:100
2026-08-06 16:23:41.152549Z	info	base	serviceinfo/service_info.go:280	add instance of {namespace: "Polaris", service: "polaris.monitor"}: 9.141.113.190:8081, status: healthy:true;isolate:false;weight:100
2026-08-06 16:23:41.152552Z	info	base	serviceinfo/service_info.go:280	add instance of {namespace: "Polaris", service: "polaris.monitor"}: 9.141.115.69:8081, status: healthy:true;isolate:false;weight:100
2026-08-06 16:23:41.152555Z	info	base	serviceinfo/service_info.go:280	add instance of {namespace: "Polaris", service: "polaris.monitor"}: 9.136.82.84:8081, status: healthy:true;isolate:false;weight:100
2026-08-06 16:23:41.152558Z	info	base	serviceinfo/service_info.go:280	add instance of {namespace: "Polaris", service: "polaris.monitor"}: 30.160.192.130:8081, status: healthy:true;isolate:false;weight:100
2026-08-06 16:23:41.152561Z	info	base	serviceinfo/service_info.go:280	add instance of {namespace: "Polaris", service: "polaris.monitor"}: 21.21.137.217:8081, status: healthy:true;isolate:false;weight:100
2026-08-06 16:23:41.152564Z	info	base	serviceinfo/service_info.go:280	add instance of {namespace: "Polaris", service: "polaris.monitor"}: 9.141.104.208:8081, status: healthy:true;isolate:false;weight:100
2026-08-06 16:23:41.152567Z	info	base	serviceinfo/service_info.go:280	add instance of {namespace: "Polaris", service: "polaris.monitor"}: 9.136.82.204:8081, status: healthy:true;isolate:false;weight:100
2026-08-06 16:23:41.152570Z	info	base	serviceinfo/service_info.go:280	add instance of {namespace: "Polaris", service: "polaris.monitor"}: 9.141.65.3:8081, status: healthy:true;isolate:false;weight:100
2026-08-06 16:23:41.152573Z	info	base	serviceinfo/service_info.go:280	add instance of {namespace: "Polaris", service: "polaris.monitor"}: 21.21.137.220:8081, status: healthy:true;isolate:false;weight:100
2026-08-06 16:23:41.152576Z	info	base	serviceinfo/service_info.go:280	add instance of {namespace: "Polaris", service: "polaris.monitor"}: 11.135.192.122:8081, status: healthy:true;isolate:false;weight:100
2026-08-06 16:23:41.152579Z	info	base	serviceinfo/service_info.go:280	add instance of {namespace: "Polaris", service: "polaris.monitor"}: 9.141.110.90:8081, status: healthy:true;isolate:false;weight:100
2026-08-06 16:23:41.152582Z	info	base	serviceinfo/service_info.go:280	add instance of {namespace: "Polaris", service: "polaris.monitor"}: 9.141.113.130:8081, status: healthy:true;isolate:false;weight:100
2026-08-06 16:23:41.152585Z	info	base	serviceinfo/service_info.go:280	add instance of {namespace: "Polaris", service: "polaris.monitor"}: 21.106.233.81:8081, status: healthy:true;isolate:false;weight:100
2026-08-06 16:23:41.152588Z	info	base	serviceinfo/service_info.go:280	add instance of {namespace: "Polaris", service: "polaris.monitor"}: 9.141.71.113:8081, status: healthy:true;isolate:false;weight:100
2026-08-06 16:23:41.152591Z	info	base	serviceinfo/service_info.go:280	add instance of {namespace: "Polaris", service: "polaris.monitor"}: 11.140.162.50:8081, status: healthy:true;isolate:false;weight:100
2026-08-06 16:23:41.152594Z	info	base	serviceinfo/service_info.go:280	add instance of {namespace: "Polaris", service: "polaris.monitor"}: 9.141.100.246:8081, status: healthy:true;isolate:false;weight:100
2026-08-06 16:23:41.152597Z	info	base	serviceinfo/service_info.go:280	add instance of {namespace: "Polaris", service: "polaris.monitor"}: 9.141.100.87:8081, status: healthy:true;isolate:false;weight:100
2026-08-06 16:23:41.152604Z	info	base	serviceinfo/service_info.go:280	add instance of {namespace: "Polaris", service: "polaris.monitor"}: 9.141.110.111:8081, status: healthy:true;isolate:false;weight:100
2026-08-06 16:23:41.152607Z	info	base	serviceinfo/service_info.go:280	add instance of {namespace: "Polaris", service: "polaris.monitor"}: 11.140.163.44:8081, status: healthy:true;isolate:false;weight:100
2026-08-06 16:23:41.152610Z	info	base	serviceinfo/service_info.go:280	add instance of {namespace: "Polaris", service: "polaris.monitor"}: 21.106.233.118:8081, status: healthy:true;isolate:false;weight:100
2026-08-06 16:23:41.152613Z	info	base	serviceinfo/service_info.go:280	add instance of {namespace: "Polaris", service: "polaris.monitor"}: 9.141.66.15:8081, status: healthy:true;isolate:false;weight:100
2026-08-06 16:23:41.152616Z	info	base	serviceinfo/service_info.go:280	add instance of {namespace: "Polaris", service: "polaris.monitor"}: 21.21.137.201:8081, status: healthy:true;isolate:false;weight:100
2026-08-06 16:23:41.152619Z	info	base	serviceinfo/service_info.go:280	add instance of {namespace: "Polaris", service: "polaris.monitor"}: 9.136.53.240:8081, status: healthy:true;isolate:false;weight:100
2026-08-06 16:23:41.152622Z	info	base	serviceinfo/service_info.go:280	add instance of {namespace: "Polaris", service: "polaris.monitor"}: 9.141.104.192:8081, status: healthy:true;isolate:false;weight:100
2026-08-06 16:23:41.152625Z	info	base	serviceinfo/service_info.go:280	add instance of {namespace: "Polaris", service: "polaris.monitor"}: 9.141.115.70:8081, status: healthy:true;isolate:false;weight:100
2026-08-06 16:23:41.152628Z	info	base	serviceinfo/service_info.go:280	add instance of {namespace: "Polaris", service: "polaris.monitor"}: 11.140.162.189:8081, status: healthy:true;isolate:false;weight:100
2026-08-06 16:23:41.152635Z	info	base	serviceinfo/service_info.go:280	add instance of {namespace: "Polaris", service: "polaris.monitor"}: 9.141.104.162:8081, status: healthy:true;isolate:false;weight:100
2026-08-06 16:23:41.152638Z	info	base	serviceinfo/service_info.go:280	add instance of {namespace: "Polaris", service: "polaris.monitor"}: 11.150.115.69:8081, status: healthy:true;isolate:false;weight:100
2026-08-06 16:23:41.152641Z	info	base	serviceinfo/service_info.go:280	add instance of {namespace: "Polaris", service: "polaris.monitor"}: 9.141.100.46:8081, status: healthy:true;isolate:false;weight:100
2026-08-06 16:23:41.152644Z	info	base	serviceinfo/service_info.go:280	add instance of {namespace: "Polaris", service: "polaris.monitor"}: 9.141.115.129:8081, status: healthy:true;isolate:false;weight:100
2026-08-06 16:23:41.152647Z	info	base	serviceinfo/service_info.go:280	add instance of {namespace: "Polaris", service: "polaris.monitor"}: 21.21.137.211:8081, status: healthy:true;isolate:false;weight:100
2026-08-06 16:23:41.152650Z	info	base	serviceinfo/service_info.go:280	add instance of {namespace: "Polaris", service: "polaris.monitor"}: 21.21.137.194:8081, status: healthy:true;isolate:false;weight:100
2026-08-06 16:23:41.152653Z	info	base	serviceinfo/service_info.go:280	add instance of {namespace: "Polaris", service: "polaris.monitor"}: 9.136.102.110:8081, status: healthy:true;isolate:false;weight:100
2026-08-06 16:23:41.152657Z	info	base	serviceinfo/service_info.go:280	add instance of {namespace: "Polaris", service: "polaris.monitor"}: 9.141.115.42:8081, status: healthy:true;isolate:false;weight:100
2026-08-06 16:23:41.152660Z	info	base	serviceinfo/service_info.go:280	add instance of {namespace: "Polaris", service: "polaris.monitor"}: 11.135.192.99:8081, status: healthy:true;isolate:false;weight:100
2026-08-06 16:23:41.152663Z	info	base	serviceinfo/service_info.go:280	add instance of {namespace: "Polaris", service: "polaris.monitor"}: 9.141.115.142:8081, status: healthy:true;isolate:false;weight:100
2026-08-06 16:23:41.152666Z	info	base	serviceinfo/service_info.go:280	add instance of {namespace: "Polaris", service: "polaris.monitor"}: 11.135.192.173:8081, status: healthy:true;isolate:false;weight:100
2026-08-06 16:23:41.152669Z	info	base	serviceinfo/service_info.go:280	add instance of {namespace: "Polaris", service: "polaris.monitor"}: 11.140.166.19:8081, status: healthy:true;isolate:false;weight:100
2026-08-06 16:23:41.152673Z	info	base	serviceinfo/service_info.go:280	add instance of {namespace: "Polaris", service: "polaris.monitor"}: 9.141.122.230:8081, status: healthy:true;isolate:false;weight:100
2026-08-06 16:23:41.152676Z	info	base	serviceinfo/service_info.go:280	add instance of {namespace: "Polaris", service: "polaris.monitor"}: 9.141.113.136:8081, status: healthy:true;isolate:false;weight:100
2026-08-06 16:23:41.152681Z	info	base	serviceinfo/service_info.go:280	add instance of {namespace: "Polaris", service: "polaris.monitor"}: 9.136.78.14:8081, status: healthy:true;isolate:false;weight:100
2026-08-06 16:23:41.152689Z	info	base	serviceinfo/service_info.go:280	add instance of {namespace: "Polaris", service: "polaris.monitor"}: 11.135.192.251:8081, status: healthy:true;isolate:false;weight:100
2026-08-06 16:23:41.152692Z	info	base	serviceinfo/service_info.go:280	add instance of {namespace: "Polaris", service: "polaris.monitor"}: 11.135.192.48:8081, status: healthy:true;isolate:false;weight:100
2026-08-06 16:23:41.152695Z	info	base	serviceinfo/service_info.go:280	add instance of {namespace: "Polaris", service: "polaris.monitor"}: 11.135.192.63:8081, status: healthy:true;isolate:false;weight:100
2026-08-06 16:23:41.152699Z	info	base	serviceinfo/service_info.go:280	add instance of {namespace: "Polaris", service: "polaris.monitor"}: 30.175.164.146:8081, status: healthy:true;isolate:false;weight:100
2026-08-06 16:23:41.152702Z	info	base	serviceinfo/service_info.go:280	add instance of {namespace: "Polaris", service: "polaris.monitor"}: 11.135.192.105:8081, status: healthy:true;isolate:false;weight:100
2026-08-06 16:23:41.152705Z	info	base	serviceinfo/service_info.go:280	add instance of {namespace: "Polaris", service: "polaris.monitor"}: 11.140.163.199:8081, status: healthy:true;isolate:false;weight:100
2026-08-06 16:23:41.152708Z	info	base	serviceinfo/service_info.go:280	add instance of {namespace: "Polaris", service: "polaris.monitor"}: 9.136.31.230:8081, status: healthy:true;isolate:false;weight:100
2026-08-06 16:23:41.152711Z	info	base	serviceinfo/service_info.go:280	add instance of {namespace: "Polaris", service: "polaris.monitor"}: 11.142.130.64:8081, status: healthy:true;isolate:false;weight:100
2026-08-06 16:23:41.152714Z	info	base	serviceinfo/service_info.go:280	add instance of {namespace: "Polaris", service: "polaris.monitor"}: 9.141.120.39:8081, status: healthy:true;isolate:false;weight:100
2026-08-06 16:23:41.152717Z	info	base	serviceinfo/service_info.go:280	add instance of {namespace: "Polaris", service: "polaris.monitor"}: 9.141.115.31:8081, status: healthy:true;isolate:false;weight:100
2026-08-06 16:23:41.152720Z	info	base	serviceinfo/service_info.go:280	add instance of {namespace: "Polaris", service: "polaris.monitor"}: 11.135.192.217:8081, status: healthy:true;isolate:false;weight:100
2026-08-06 16:23:41.152723Z	info	base	serviceinfo/service_info.go:280	add instance of {namespace: "Polaris", service: "polaris.monitor"}: 11.135.192.140:8081, status: healthy:true;isolate:false;weight:100
2026-08-06 16:23:41.152726Z	info	base	serviceinfo/service_info.go:280	add instance of {namespace: "Polaris", service: "polaris.monitor"}: 11.140.163.251:8081, status: healthy:true;isolate:false;weight:100
2026-08-06 16:23:41.152732Z	info	base	serviceinfo/service_info.go:280	add instance of {namespace: "Polaris", service: "polaris.monitor"}: 11.135.192.133:8081, status: healthy:true;isolate:false;weight:100
2026-08-06 16:23:41.152737Z	info	base	serviceinfo/service_info.go:280	add instance of {namespace: "Polaris", service: "polaris.monitor"}: 11.135.192.106:8081, status: healthy:true;isolate:false;weight:100
2026-08-06 16:23:41.152746Z	info	base	serviceinfo/service_info.go:280	add instance of {namespace: "Polaris", service: "polaris.monitor"}: 9.141.115.201:8081, status: healthy:true;isolate:false;weight:100
2026-08-06 16:23:41.152749Z	info	base	serviceinfo/service_info.go:280	add instance of {namespace: "Polaris", service: "polaris.monitor"}: 11.140.163.160:8081, status: healthy:true;isolate:false;weight:100
2026-08-06 16:23:41.152753Z	info	base	serviceinfo/service_info.go:280	add instance of {namespace: "Polaris", service: "polaris.monitor"}: 9.141.120.34:8081, status: healthy:true;isolate:false;weight:100
2026-08-06 16:23:41.152758Z	info	base	serviceinfo/service_info.go:280	add instance of {namespace: "Polaris", service: "polaris.monitor"}: 30.160.241.131:8081, status: healthy:true;isolate:false;weight:100
2026-08-06 16:23:41.152761Z	info	base	serviceinfo/service_info.go:280	add instance of {namespace: "Polaris", service: "polaris.monitor"}: 9.141.110.41:8081, status: healthy:true;isolate:false;weight:100
2026-08-06 16:23:41.152764Z	info	base	serviceinfo/service_info.go:280	add instance of {namespace: "Polaris", service: "polaris.monitor"}: 11.135.192.215:8081, status: healthy:true;isolate:false;weight:100
2026-08-06 16:23:41.152767Z	info	base	serviceinfo/service_info.go:280	add instance of {namespace: "Polaris", service: "polaris.monitor"}: 30.160.241.142:8081, status: healthy:true;isolate:false;weight:100
2026-08-06 16:23:41.152770Z	info	base	serviceinfo/service_info.go:280	add instance of {namespace: "Polaris", service: "polaris.monitor"}: 9.141.122.221:8081, status: healthy:true;isolate:false;weight:100
2026-08-06 16:23:41.152773Z	info	base	serviceinfo/service_info.go:280	add instance of {namespace: "Polaris", service: "polaris.monitor"}: 21.21.137.242:8081, status: healthy:true;isolate:false;weight:100
2026-08-06 16:23:41.152777Z	info	base	serviceinfo/service_info.go:280	add instance of {namespace: "Polaris", service: "polaris.monitor"}: 11.142.134.99:8081, status: healthy:true;isolate:false;weight:100
2026-08-06 16:23:41.152780Z	info	base	serviceinfo/service_info.go:280	add instance of {namespace: "Polaris", service: "polaris.monitor"}: 9.141.110.31:8081, status: healthy:true;isolate:false;weight:100
2026-08-06 16:23:41.152783Z	info	base	serviceinfo/service_info.go:280	add instance of {namespace: "Polaris", service: "polaris.monitor"}: 21.21.137.227:8081, status: healthy:true;isolate:false;weight:100
2026-08-06 16:23:41.152786Z	info	base	serviceinfo/service_info.go:280	add instance of {namespace: "Polaris", service: "polaris.monitor"}: 9.141.113.29:8081, status: healthy:true;isolate:false;weight:100
2026-08-06 16:23:41.152790Z	info	base	serviceinfo/service_info.go:280	add instance of {namespace: "Polaris", service: "polaris.monitor"}: 21.106.233.80:8081, status: healthy:true;isolate:false;weight:100
2026-08-06 16:23:41.152793Z	info	base	serviceinfo/service_info.go:280	add instance of {namespace: "Polaris", service: "polaris.monitor"}: 11.142.132.163:8081, status: healthy:true;isolate:false;weight:100
2026-08-06 16:23:41.152797Z	info	base	serviceinfo/service_info.go:280	add instance of {namespace: "Polaris", service: "polaris.monitor"}: 9.141.115.173:8081, status: healthy:true;isolate:false;weight:100
2026-08-06 16:23:41.152801Z	info	base	serviceinfo/service_info.go:280	add instance of {namespace: "Polaris", service: "polaris.monitor"}: 11.135.192.186:8081, status: healthy:true;isolate:false;weight:100
2026-08-06 16:23:41.152804Z	info	base	serviceinfo/service_info.go:280	add instance of {namespace: "Polaris", service: "polaris.monitor"}: 11.135.192.191:8081, status: healthy:true;isolate:false;weight:100
2026-08-06 16:23:41.152807Z	info	base	serviceinfo/service_info.go:280	add instance of {namespace: "Polaris", service: "polaris.monitor"}: 9.136.15.144:8081, status: healthy:true;isolate:false;weight:100
2026-08-06 16:23:41.152811Z	info	base	serviceinfo/service_info.go:280	add instance of {namespace: "Polaris", service: "polaris.monitor"}: 30.160.241.219:8081, status: healthy:true;isolate:false;weight:100
2026-08-06 16:23:41.152815Z	info	base	serviceinfo/service_info.go:280	add instance of {namespace: "Polaris", service: "polaris.monitor"}: 11.135.192.233:8081, status: healthy:true;isolate:false;weight:100
2026-08-06 16:23:41.152819Z	info	base	serviceinfo/service_info.go:280	add instance of {namespace: "Polaris", service: "polaris.monitor"}: 11.135.192.245:8081, status: healthy:true;isolate:false;weight:100
2026-08-06 16:23:41.152823Z	info	base	serviceinfo/service_info.go:280	add instance of {namespace: "Polaris", service: "polaris.monitor"}: 9.141.110.19:8081, status: healthy:true;isolate:false;weight:100
2026-08-06 16:23:41.152826Z	info	base	serviceinfo/service_info.go:280	add instance of {namespace: "Polaris", service: "polaris.monitor"}: 9.141.120.58:8081, status: healthy:true;isolate:false;weight:100
2026-08-06 16:23:41.152829Z	info	base	serviceinfo/service_info.go:280	add instance of {namespace: "Polaris", service: "polaris.monitor"}: 9.141.120.25:8081, status: healthy:true;isolate:false;weight:100
2026-08-06 16:23:41.152832Z	info	base	serviceinfo/service_info.go:280	add instance of {namespace: "Polaris", service: "polaris.monitor"}: 21.21.137.197:8081, status: healthy:true;isolate:false;weight:100
2026-08-06 16:23:41.152836Z	info	base	serviceinfo/service_info.go:280	add instance of {namespace: "Polaris", service: "polaris.monitor"}: 9.141.113.140:8081, status: healthy:true;isolate:false;weight:100
2026-08-06 16:23:41.152840Z	info	base	serviceinfo/service_info.go:280	add instance of {namespace: "Polaris", service: "polaris.monitor"}: 11.140.163.213:8081, status: healthy:true;isolate:false;weight:100
2026-08-06 16:23:41.152843Z	info	base	serviceinfo/service_info.go:280	add instance of {namespace: "Polaris", service: "polaris.monitor"}: 11.135.192.235:8081, status: healthy:true;isolate:false;weight:100
2026-08-06 16:23:41.152847Z	info	base	serviceinfo/service_info.go:280	add instance of {namespace: "Polaris", service: "polaris.monitor"}: 9.141.115.5:8081, status: healthy:true;isolate:false;weight:100
2026-08-06 16:23:41.152851Z	info	base	serviceinfo/service_info.go:280	add instance of {namespace: "Polaris", service: "polaris.monitor"}: 9.141.115.63:8081, status: healthy:true;isolate:false;weight:100
2026-08-06 16:23:41.152854Z	info	base	serviceinfo/service_info.go:280	add instance of {namespace: "Polaris", service: "polaris.monitor"}: 9.141.115.72:8081, status: healthy:true;isolate:false;weight:100
2026-08-06 16:23:41.152858Z	info	base	serviceinfo/service_info.go:280	add instance of {namespace: "Polaris", service: "polaris.monitor"}: 9.141.96.247:8081, status: healthy:true;isolate:false;weight:100
2026-08-06 16:23:41.152861Z	info	base	serviceinfo/service_info.go:280	add instance of {namespace: "Polaris", service: "polaris.monitor"}: 21.21.137.222:8081, status: healthy:true;isolate:false;weight:100
2026-08-06 16:23:41.152864Z	info	base	serviceinfo/service_info.go:280	add instance of {namespace: "Polaris", service: "polaris.monitor"}: 30.160.241.87:8081, status: healthy:true;isolate:false;weight:100
2026-08-06 16:23:41.152867Z	info	base	serviceinfo/service_info.go:280	add instance of {namespace: "Polaris", service: "polaris.monitor"}: 9.141.122.12:8081, status: healthy:true;isolate:false;weight:100
2026-08-06 16:23:41.152871Z	info	base	serviceinfo/service_info.go:280	add instance of {namespace: "Polaris", service: "polaris.monitor"}: 21.106.233.70:8081, status: healthy:true;isolate:false;weight:100
2026-08-06 16:23:41.152874Z	info	base	serviceinfo/service_info.go:280	add instance of {namespace: "Polaris", service: "polaris.monitor"}: 21.21.137.235:8081, status: healthy:true;isolate:false;weight:100
2026-08-06 16:23:41.152877Z	info	base	serviceinfo/service_info.go:280	add instance of {namespace: "Polaris", service: "polaris.monitor"}: 9.141.66.96:8081, status: healthy:true;isolate:false;weight:100
2026-08-06 16:23:41.152880Z	info	base	serviceinfo/service_info.go:280	add instance of {namespace: "Polaris", service: "polaris.monitor"}: 9.141.115.10:8081, status: healthy:true;isolate:false;weight:100
2026-08-06 16:23:41.152883Z	info	base	serviceinfo/service_info.go:280	add instance of {namespace: "Polaris", service: "polaris.monitor"}: 11.135.192.130:8081, status: healthy:true;isolate:false;weight:100
2026-08-06 16:23:41.152887Z	info	base	serviceinfo/service_info.go:280	add instance of {namespace: "Polaris", service: "polaris.monitor"}: 9.141.113.119:8081, status: healthy:true;isolate:false;weight:100
2026-08-06 16:23:41.152891Z	info	base	serviceinfo/service_info.go:280	add instance of {namespace: "Polaris", service: "polaris.monitor"}: 21.21.137.218:8081, status: healthy:true;isolate:false;weight:100
2026-08-06 16:23:41.152895Z	info	base	serviceinfo/service_info.go:280	add instance of {namespace: "Polaris", service: "polaris.monitor"}: 11.150.115.185:8081, status: healthy:true;isolate:false;weight:100
2026-08-06 16:23:41.152899Z	info	base	serviceinfo/service_info.go:280	add instance of {namespace: "Polaris", service: "polaris.monitor"}: 11.135.192.185:8081, status: healthy:true;isolate:false;weight:100
2026-08-06 16:23:41.152951Z	info	base	serviceinfo/service_info.go:280	add instance of {namespace: "Polaris", service: "polaris.monitor"}: 21.106.233.55:8081, status: healthy:true;isolate:false;weight:100
2026-08-06 16:23:41.152955Z	info	base	serviceinfo/service_info.go:280	add instance of {namespace: "Polaris", service: "polaris.monitor"}: 9.141.120.40:8081, status: healthy:true;isolate:false;weight:100
2026-08-06 16:23:41.152959Z	info	base	serviceinfo/service_info.go:280	add instance of {namespace: "Polaris", service: "polaris.monitor"}: 11.135.192.146:8081, status: healthy:true;isolate:false;weight:100
2026-08-06 16:23:41.152962Z	info	base	serviceinfo/service_info.go:280	add instance of {namespace: "Polaris", service: "polaris.monitor"}: 21.106.233.106:8081, status: healthy:true;isolate:false;weight:100
2026-08-06 16:23:41.152966Z	info	base	serviceinfo/service_info.go:280	add instance of {namespace: "Polaris", service: "polaris.monitor"}: 9.136.104.103:8081, status: healthy:true;isolate:false;weight:100
2026-08-06 16:23:41.152969Z	info	base	serviceinfo/service_info.go:280	add instance of {namespace: "Polaris", service: "polaris.monitor"}: 9.141.115.20:8081, status: healthy:true;isolate:false;weight:100
2026-08-06 16:23:41.152972Z	info	base	serviceinfo/service_info.go:280	add instance of {namespace: "Polaris", service: "polaris.monitor"}: 9.141.120.236:8081, status: healthy:true;isolate:false;weight:100
2026-08-06 16:23:41.152975Z	info	base	serviceinfo/service_info.go:280	add instance of {namespace: "Polaris", service: "polaris.monitor"}: 11.135.192.183:8081, status: healthy:true;isolate:false;weight:100
2026-08-06 16:23:41.152978Z	info	base	serviceinfo/service_info.go:280	add instance of {namespace: "Polaris", service: "polaris.monitor"}: 9.141.100.35:8081, status: healthy:true;isolate:false;weight:100
2026-08-06 16:23:41.152981Z	info	base	serviceinfo/service_info.go:280	add instance of {namespace: "Polaris", service: "polaris.monitor"}: 11.140.162.28:8081, status: healthy:true;isolate:false;weight:100
2026-08-06 16:23:41.152985Z	info	base	serviceinfo/service_info.go:280	add instance of {namespace: "Polaris", service: "polaris.monitor"}: 30.160.241.93:8081, status: healthy:true;isolate:false;weight:100
2026-08-06 16:23:41.152988Z	info	base	serviceinfo/service_info.go:280	add instance of {namespace: "Polaris", service: "polaris.monitor"}: 21.21.137.251:8081, status: healthy:true;isolate:false;weight:100
2026-08-06 16:23:41.152991Z	info	base	serviceinfo/service_info.go:280	add instance of {namespace: "Polaris", service: "polaris.monitor"}: 21.21.137.221:8081, status: healthy:true;isolate:false;weight:100
2026-08-06 16:23:41.152994Z	info	base	serviceinfo/service_info.go:280	add instance of {namespace: "Polaris", service: "polaris.monitor"}: 9.141.115.126:8081, status: healthy:true;isolate:false;weight:100
2026-08-06 16:23:41.152997Z	info	base	serviceinfo/service_info.go:280	add instance of {namespace: "Polaris", service: "polaris.monitor"}: 30.175.164.155:8081, status: healthy:true;isolate:false;weight:100
2026-08-06 16:23:41.153000Z	info	base	serviceinfo/service_info.go:280	add instance of {namespace: "Polaris", service: "polaris.monitor"}: 21.21.137.203:8081, status: healthy:true;isolate:false;weight:100
2026-08-06 16:23:41.153003Z	info	base	serviceinfo/service_info.go:280	add instance of {namespace: "Polaris", service: "polaris.monitor"}: 11.135.192.90:8081, status: healthy:true;isolate:false;weight:100
2026-08-06 16:23:41.153006Z	info	base	serviceinfo/service_info.go:280	add instance of {namespace: "Polaris", service: "polaris.monitor"}: 11.142.156.139:8081, status: healthy:true;isolate:false;weight:100
2026-08-06 16:23:41.153009Z	info	base	serviceinfo/service_info.go:280	add instance of {namespace: "Polaris", service: "polaris.monitor"}: 11.140.166.215:8081, status: healthy:true;isolate:false;weight:100
2026-08-06 16:23:41.153012Z	info	base	serviceinfo/service_info.go:280	add instance of {namespace: "Polaris", service: "polaris.monitor"}: 21.21.137.250:8081, status: healthy:true;isolate:false;weight:100
2026-08-06 16:23:41.153015Z	info	base	serviceinfo/service_info.go:280	add instance of {namespace: "Polaris", service: "polaris.monitor"}: 11.142.156.160:8081, status: healthy:true;isolate:false;weight:100
2026-08-06 16:23:41.153018Z	info	base	serviceinfo/service_info.go:280	add instance of {namespace: "Polaris", service: "polaris.monitor"}: 21.21.137.223:8081, status: healthy:true;isolate:false;weight:100
2026-08-06 16:23:41.153022Z	info	base	serviceinfo/service_info.go:280	add instance of {namespace: "Polaris", service: "polaris.monitor"}: 9.141.113.131:8081, status: healthy:true;isolate:false;weight:100
2026-08-06 16:23:41.153025Z	info	base	serviceinfo/service_info.go:280	add instance of {namespace: "Polaris", service: "polaris.monitor"}: 9.141.122.116:8081, status: healthy:true;isolate:false;weight:100
2026-08-06 16:23:41.153028Z	info	base	serviceinfo/service_info.go:280	add instance of {namespace: "Polaris", service: "polaris.monitor"}: 9.141.104.250:8081, status: healthy:true;isolate:false;weight:100
2026-08-06 16:23:41.153031Z	info	base	serviceinfo/service_info.go:280	add instance of {namespace: "Polaris", service: "polaris.monitor"}: 11.135.192.119:8081, status: healthy:true;isolate:false;weight:100
2026-08-06 16:23:41.153034Z	info	base	serviceinfo/service_info.go:280	add instance of {namespace: "Polaris", service: "polaris.monitor"}: 9.141.115.48:8081, status: healthy:true;isolate:false;weight:100
2026-08-06 16:23:41.153037Z	info	base	serviceinfo/service_info.go:280	add instance of {namespace: "Polaris", service: "polaris.monitor"}: 11.135.192.47:8081, status: healthy:true;isolate:false;weight:100
2026-08-06 16:23:41.153040Z	info	base	serviceinfo/service_info.go:280	add instance of {namespace: "Polaris", service: "polaris.monitor"}: 9.141.120.50:8081, status: healthy:true;isolate:false;weight:100
2026-08-06 16:23:41.153043Z	info	base	serviceinfo/service_info.go:280	add instance of {namespace: "Polaris", service: "polaris.monitor"}: 21.21.137.246:8081, status: healthy:true;isolate:false;weight:100
2026-08-06 16:23:41.153046Z	info	base	serviceinfo/service_info.go:280	add instance of {namespace: "Polaris", service: "polaris.monitor"}: 9.141.115.127:8081, status: healthy:true;isolate:false;weight:100
2026-08-06 16:23:41.153049Z	info	base	serviceinfo/service_info.go:280	add instance of {namespace: "Polaris", service: "polaris.monitor"}: 9.136.69.245:8081, status: healthy:true;isolate:false;weight:100
2026-08-06 16:23:41.153055Z	info	base	serviceinfo/service_info.go:280	add instance of {namespace: "Polaris", service: "polaris.monitor"}: 11.135.192.61:8081, status: healthy:true;isolate:false;weight:100
2026-08-06 16:23:41.153058Z	info	base	serviceinfo/service_info.go:280	add instance of {namespace: "Polaris", service: "polaris.monitor"}: 11.142.156.231:8081, status: healthy:true;isolate:false;weight:100
2026-08-06 16:23:41.153061Z	info	base	serviceinfo/service_info.go:280	add instance of {namespace: "Polaris", service: "polaris.monitor"}: 11.142.156.167:8081, status: healthy:true;isolate:false;weight:100
2026-08-06 16:23:41.153064Z	info	base	serviceinfo/service_info.go:280	add instance of {namespace: "Polaris", service: "polaris.monitor"}: 9.141.113.252:8081, status: healthy:true;isolate:false;weight:100
2026-08-06 16:23:41.153067Z	info	base	serviceinfo/service_info.go:280	add instance of {namespace: "Polaris", service: "polaris.monitor"}: 11.135.192.229:8081, status: healthy:true;isolate:false;weight:100
2026-08-06 16:23:41.153070Z	info	base	serviceinfo/service_info.go:280	add instance of {namespace: "Polaris", service: "polaris.monitor"}: 21.21.137.205:8081, status: healthy:true;isolate:false;weight:100
2026-08-06 16:23:41.153074Z	info	base	serviceinfo/service_info.go:280	add instance of {namespace: "Polaris", service: "polaris.monitor"}: 11.142.156.228:8081, status: healthy:true;isolate:false;weight:100
2026-08-06 16:23:41.153077Z	info	base	serviceinfo/service_info.go:280	add instance of {namespace: "Polaris", service: "polaris.monitor"}: 11.142.156.175:8081, status: healthy:true;isolate:false;weight:100
2026-08-06 16:23:41.153081Z	info	base	serviceinfo/service_info.go:280	add instance of {namespace: "Polaris", service: "polaris.monitor"}: 21.106.233.111:8081, status: healthy:true;isolate:false;weight:100
2026-08-06 16:23:41.153084Z	info	base	serviceinfo/service_info.go:280	add instance of {namespace: "Polaris", service: "polaris.monitor"}: 21.21.137.234:8081, status: healthy:true;isolate:false;weight:100
2026-08-06 16:23:41.153088Z	info	base	serviceinfo/service_info.go:280	add instance of {namespace: "Polaris", service: "polaris.monitor"}: 9.141.120.37:8081, status: healthy:true;isolate:false;weight:100
2026-08-06 16:23:41.153092Z	info	base	serviceinfo/service_info.go:280	add instance of {namespace: "Polaris", service: "polaris.monitor"}: 11.140.163.242:8081, status: healthy:true;isolate:false;weight:100
2026-08-06 16:23:41.153095Z	info	base	serviceinfo/service_info.go:280	add instance of {namespace: "Polaris", service: "polaris.monitor"}: 9.141.113.203:8081, status: healthy:true;isolate:false;weight:100
2026-08-06 16:23:41.153099Z	info	base	serviceinfo/service_info.go:280	add instance of {namespace: "Polaris", service: "polaris.monitor"}: 9.141.113.100:8081, status: healthy:true;isolate:false;weight:100
2026-08-06 16:23:41.153102Z	info	base	serviceinfo/service_info.go:280	add instance of {namespace: "Polaris", service: "polaris.monitor"}: 11.140.163.106:8081, status: healthy:true;isolate:false;weight:100
2026-08-06 16:23:41.153105Z	info	base	serviceinfo/service_info.go:280	add instance of {namespace: "Polaris", service: "polaris.monitor"}: 21.21.137.239:8081, status: healthy:true;isolate:false;weight:100
2026-08-06 16:23:41.153108Z	info	base	serviceinfo/service_info.go:280	add instance of {namespace: "Polaris", service: "polaris.monitor"}: 21.21.137.236:8081, status: healthy:true;isolate:false;weight:100
2026-08-06 16:23:41.153111Z	info	base	serviceinfo/service_info.go:280	add instance of {namespace: "Polaris", service: "polaris.monitor"}: 30.160.241.158:8081, status: healthy:true;isolate:false;weight:100
2026-08-06 16:23:41.153114Z	info	base	serviceinfo/service_info.go:280	add instance of {namespace: "Polaris", service: "polaris.monitor"}: 11.135.192.60:8081, status: healthy:true;isolate:false;weight:100
2026-08-06 16:23:41.153117Z	info	base	serviceinfo/service_info.go:280	add instance of {namespace: "Polaris", service: "polaris.monitor"}: 9.141.71.77:8081, status: healthy:true;isolate:false;weight:100
2026-08-06 16:23:41.153120Z	info	base	serviceinfo/service_info.go:280	add instance of {namespace: "Polaris", service: "polaris.monitor"}: 21.21.137.206:8081, status: healthy:true;isolate:false;weight:100
2026-08-06 16:23:41.153123Z	info	base	serviceinfo/service_info.go:280	add instance of {namespace: "Polaris", service: "polaris.monitor"}: 11.135.192.150:8081, status: healthy:true;isolate:false;weight:100
2026-08-06 16:23:41.153126Z	info	base	serviceinfo/service_info.go:280	add instance of {namespace: "Polaris", service: "polaris.monitor"}: 21.21.137.253:8081, status: healthy:true;isolate:false;weight:100
2026-08-06 16:23:41.153129Z	info	base	serviceinfo/service_info.go:280	add instance of {namespace: "Polaris", service: "polaris.monitor"}: 30.160.241.63:8081, status: healthy:true;isolate:false;weight:100
2026-08-06 16:23:41.153132Z	info	base	serviceinfo/service_info.go:280	add instance of {namespace: "Polaris", service: "polaris.monitor"}: 21.21.137.245:8081, status: healthy:true;isolate:false;weight:100
2026-08-06 16:23:41.153136Z	info	base	serviceinfo/service_info.go:280	add instance of {namespace: "Polaris", service: "polaris.monitor"}: 9.141.113.103:8081, status: healthy:true;isolate:false;weight:100
2026-08-06 16:23:41.153139Z	info	base	serviceinfo/service_info.go:280	add instance of {namespace: "Polaris", service: "polaris.monitor"}: 11.140.162.202:8081, status: healthy:true;isolate:false;weight:100
2026-08-06 16:23:41.153142Z	info	base	serviceinfo/service_info.go:280	add instance of {namespace: "Polaris", service: "polaris.monitor"}: 21.21.137.229:8081, status: healthy:true;isolate:false;weight:100
2026-08-06 16:23:41.153145Z	info	base	serviceinfo/service_info.go:280	add instance of {namespace: "Polaris", service: "polaris.monitor"}: 9.141.110.23:8081, status: healthy:true;isolate:false;weight:100
2026-08-06 16:23:41.153148Z	info	base	serviceinfo/service_info.go:280	add instance of {namespace: "Polaris", service: "polaris.monitor"}: 11.135.192.83:8081, status: healthy:true;isolate:false;weight:100
2026-08-06 16:23:41.153152Z	info	base	serviceinfo/service_info.go:280	add instance of {namespace: "Polaris", service: "polaris.monitor"}: 9.141.115.188:8081, status: healthy:true;isolate:false;weight:100
2026-08-06 16:23:41.153155Z	info	base	serviceinfo/service_info.go:280	add instance of {namespace: "Polaris", service: "polaris.monitor"}: 11.135.192.102:8081, status: healthy:true;isolate:false;weight:100
2026-08-06 16:23:41.153165Z	info	base	schedule/routines.go:229	item {namespace: "Polaris", service: "polaris.monitor"} in task circuitBreakTask has added
2026-08-06 16:23:41.153195Z	info	base	common/cache_persist.go:183	Start to load cache from /Users/zhengbangli/polaris/backup/svcV2#Polaris#polaris.monitor#routing.json
2026-08-06 16:23:41.153823Z	info	base	inmemory/inmemory.go:1302	load message for {namespace: "Polaris", service: "polaris.monitor", event: routing} from file svcV2#Polaris#polaris.monitor#routing.json, cache file modify time: 2026-08-06 16:22:53.747889 +0800 CST, direct available: true 

2026-08-06 16:23:41.153833Z	info	base	inmemory/inmemory.go:612	4747DF69-F4CD-4718-9EAB-2511CF1C7D97, start to register event handler for {namespace: "Polaris", service: "polaris.monitor", event: routing}
2026-08-06 16:23:41.153840Z	info	base	common/register.go:53	4747DF69-F4CD-4718-9EAB-2511CF1C7D97, addTask: start to add first task for {namespace: "Polaris", service: "polaris.monitor", event: routing, initialized: firstTask}
2026-08-06 16:23:41.153846Z	info	base	common/register.go:66	4747DF69-F4CD-4718-9EAB-2511CF1C7D97, addTask: finish add first task for {namespace: "Polaris", service: "polaris.monitor", event: routing, initialized: firstTask}
2026-08-06 16:23:41.153851Z	info	base	inmemory/inmemory.go:614	4747DF69-F4CD-4718-9EAB-2511CF1C7D97, finish register event handler for {namespace: "Polaris", service: "polaris.monitor", event: routing}, err <nil>
2026-08-06 16:23:41.361090Z	info	base	network/conn.go:116	release connection: {ID:1832742299,Address:11.135.192.245:8081,Service:{ServiceKey: {namespace: "Polaris", service: "polaris.monitor"}, ClusterType: monitor}}
2026-08-06 16:23:41.458782Z	info	base	common/discover.go:182	receive init task: {namespace: "Polaris", service: "polaris.monitor", event: routing, initialized: firstTask}
2026-08-06 16:23:41.479701Z	info	base	inmemory/model.go:503	4747DF69-F4CD-4718-9EAB-2511CF1C7D97, OnServiceUpdate: {namespace: "Polaris", service: "polaris.monitor", event: instance}, status: CacheNotChanged, set cacheLoaded to false, oldRevision: ea1cf66673b51382afa91b11f3568d001cd1ae9a, newRevision: ea1cf66673b51382afa91b11f3568d001cd1ae9a
2026-08-06 16:23:41.480022Z	info	base	inmemory/model.go:503	4747DF69-F4CD-4718-9EAB-2511CF1C7D97, OnServiceUpdate: {namespace: "Polaris", service: "polaris.monitor", event: routing}, status: CacheNotChanged, set cacheLoaded to false, oldRevision: 3a00e45a08dc4b45b5b3dd83110835e9, newRevision: 3a00e45a08dc4b45b5b3dd83110835e9
2026-08-06 16:23:45.138221Z	info	base	common/cache_persist.go:183	Start to load cache from /Users/zhengbangli/polaris/backup/svcV2#Test#lzb_nearby_router#instance.json
2026-08-06 16:23:45.140032Z	info	base	pb/service.go:201	service Test::lzb_nearby_router nearby enabled
2026-08-06 16:23:45.140118Z	warn	base	pb/service.go:235	service Test:lzb_nearby_router unmarshal slow start config fail EOF
2026-08-06 16:23:45.140146Z	info	base	inmemory/inmemory.go:1302	load message for {namespace: "Test", service: "lzb_nearby_router", event: instance} from file svcV2#Test#lzb_nearby_router#instance.json, cache file modify time: 2026-08-06 16:22:57.547332 +0800 CST, direct available: true 

2026-08-06 16:23:45.140160Z	info	base	inmemory/inmemory.go:612	4747DF69-F4CD-4718-9EAB-2511CF1C7D97, start to register event handler for {namespace: "Test", service: "lzb_nearby_router", event: instance}
2026-08-06 16:23:45.140173Z	info	base	common/register.go:53	4747DF69-F4CD-4718-9EAB-2511CF1C7D97, addTask: start to add first task for {namespace: "Test", service: "lzb_nearby_router", event: instance, initialized: firstTask}
2026-08-06 16:23:45.140189Z	info	base	common/register.go:66	4747DF69-F4CD-4718-9EAB-2511CF1C7D97, addTask: finish add first task for {namespace: "Test", service: "lzb_nearby_router", event: instance, initialized: firstTask}
2026-08-06 16:23:45.140200Z	info	base	inmemory/inmemory.go:614	4747DF69-F4CD-4718-9EAB-2511CF1C7D97, finish register event handler for {namespace: "Test", service: "lzb_nearby_router", event: instance}, err <nil>
2026-08-06 16:23:45.140220Z	info	base	serviceinfo/service_info.go:277	service instances of {namespace: "Test", service: "lzb_nearby_router"} change, oldRevision , newRevision ac5dc607bdd8072e2d316283e3d2a8b4f1466546, oldCount 0, newCount 20
2026-08-06 16:23:45.140219Z	info	base	common/discover.go:182	receive init task: {namespace: "Test", service: "lzb_nearby_router", event: instance, initialized: firstTask}
2026-08-06 16:23:45.140230Z	info	base	serviceinfo/service_info.go:280	add instance of {namespace: "Test", service: "lzb_nearby_router"}: 1.1.1.7:8000, status: healthy:false;isolate:false;weight:100
2026-08-06 16:23:45.140276Z	info	base	serviceinfo/service_info.go:280	add instance of {namespace: "Test", service: "lzb_nearby_router"}: 1.1.1.5:8000, status: healthy:true;isolate:false;weight:100
2026-08-06 16:23:45.140287Z	info	base	serviceinfo/service_info.go:280	add instance of {namespace: "Test", service: "lzb_nearby_router"}: 1.1.2.9:8000, status: healthy:true;isolate:false;weight:100
2026-08-06 16:23:45.140294Z	info	base	serviceinfo/service_info.go:280	add instance of {namespace: "Test", service: "lzb_nearby_router"}: 1.1.1.8:8000, status: healthy:false;isolate:false;weight:100
2026-08-06 16:23:45.140300Z	info	base	serviceinfo/service_info.go:280	add instance of {namespace: "Test", service: "lzb_nearby_router"}: 1.1.1.4:8000, status: healthy:true;isolate:false;weight:100
2026-08-06 16:23:45.140306Z	info	base	serviceinfo/service_info.go:280	add instance of {namespace: "Test", service: "lzb_nearby_router"}: 1.1.2.3:8000, status: healthy:false;isolate:false;weight:100
2026-08-06 16:23:45.140312Z	info	base	serviceinfo/service_info.go:280	add instance of {namespace: "Test", service: "lzb_nearby_router"}: 1.1.2.7:8000, status: healthy:true;isolate:false;weight:100
2026-08-06 16:23:45.140317Z	info	base	serviceinfo/service_info.go:280	add instance of {namespace: "Test", service: "lzb_nearby_router"}: 1.1.2.6:8000, status: healthy:true;isolate:false;weight:100
2026-08-06 16:23:45.140323Z	info	base	serviceinfo/service_info.go:280	add instance of {namespace: "Test", service: "lzb_nearby_router"}: 1.1.2.4:8000, status: healthy:true;isolate:false;weight:200
2026-08-06 16:23:45.140328Z	info	base	serviceinfo/service_info.go:280	add instance of {namespace: "Test", service: "lzb_nearby_router"}: 1.1.2.1:8000, status: healthy:false;isolate:false;weight:100
2026-08-06 16:23:45.140334Z	info	base	serviceinfo/service_info.go:280	add instance of {namespace: "Test", service: "lzb_nearby_router"}: 1.1.1.9:8000, status: healthy:false;isolate:false;weight:100
2026-08-06 16:23:45.140340Z	info	base	serviceinfo/service_info.go:280	add instance of {namespace: "Test", service: "lzb_nearby_router"}: 1.1.1.10:8000, status: healthy:false;isolate:false;weight:100
2026-08-06 16:23:45.140346Z	info	base	serviceinfo/service_info.go:280	add instance of {namespace: "Test", service: "lzb_nearby_router"}: 1.1.2.5:8000, status: healthy:true;isolate:false;weight:1000
2026-08-06 16:23:45.140369Z	info	base	serviceinfo/service_info.go:280	add instance of {namespace: "Test", service: "lzb_nearby_router"}: 1.1.2.2:8000, status: healthy:false;isolate:false;weight:100
2026-08-06 16:23:45.140375Z	info	base	serviceinfo/service_info.go:280	add instance of {namespace: "Test", service: "lzb_nearby_router"}: 1.1.1.6:8000, status: healthy:false;isolate:false;weight:100
2026-08-06 16:23:45.140384Z	info	base	serviceinfo/service_info.go:280	add instance of {namespace: "Test", service: "lzb_nearby_router"}: 1.1.1.2:8000, status: healthy:true;isolate:false;weight:100
2026-08-06 16:23:45.140389Z	info	base	serviceinfo/service_info.go:280	add instance of {namespace: "Test", service: "lzb_nearby_router"}: 1.1.1.1:8000, status: healthy:true;isolate:false;weight:100
2026-08-06 16:23:45.140395Z	info	base	serviceinfo/service_info.go:280	add instance of {namespace: "Test", service: "lzb_nearby_router"}: 1.1.1.3:8000, status: healthy:true;isolate:false;weight:100
2026-08-06 16:23:45.140400Z	info	base	serviceinfo/service_info.go:280	add instance of {namespace: "Test", service: "lzb_nearby_router"}: 1.1.2.8:8000, status: healthy:true;isolate:false;weight:100
2026-08-06 16:23:45.140406Z	info	base	serviceinfo/service_info.go:280	add instance of {namespace: "Test", service: "lzb_nearby_router"}: 1.1.2.10:8000, status: healthy:true;isolate:false;weight:100
2026-08-06 16:23:45.140416Z	info	base	schedule/routines.go:229	item {namespace: "Test", service: "lzb_nearby_router"} in task circuitBreakTask has added
2026-08-06 16:23:45.140444Z	info	base	common/cache_persist.go:183	Start to load cache from /Users/zhengbangli/polaris/backup/svcV2#Test#lzb_nearby_router#routing.json
2026-08-06 16:23:45.140936Z	info	base	inmemory/inmemory.go:1302	load message for {namespace: "Test", service: "lzb_nearby_router", event: routing} from file svcV2#Test#lzb_nearby_router#routing.json, cache file modify time: 2026-08-06 16:22:57.547212 +0800 CST, direct available: true 

2026-08-06 16:23:45.140955Z	info	base	inmemory/inmemory.go:612	4747DF69-F4CD-4718-9EAB-2511CF1C7D97, start to register event handler for {namespace: "Test", service: "lzb_nearby_router", event: routing}
2026-08-06 16:23:45.140964Z	info	base	common/register.go:53	4747DF69-F4CD-4718-9EAB-2511CF1C7D97, addTask: start to add first task for {namespace: "Test", service: "lzb_nearby_router", event: routing, initialized: firstTask}
2026-08-06 16:23:45.140977Z	info	base	common/register.go:66	4747DF69-F4CD-4718-9EAB-2511CF1C7D97, addTask: finish add first task for {namespace: "Test", service: "lzb_nearby_router", event: routing, initialized: firstTask}
2026-08-06 16:23:45.140986Z	info	base	inmemory/inmemory.go:614	4747DF69-F4CD-4718-9EAB-2511CF1C7D97, finish register event handler for {namespace: "Test", service: "lzb_nearby_router", event: routing}, err <nil>
2026-08-06 16:23:45.141002Z	info	base	common/discover.go:182	receive init task: {namespace: "Test", service: "lzb_nearby_router", event: routing, initialized: firstTask}
2026-08-06 16:23:45.164514Z	info	base	inmemory/model.go:503	4747DF69-F4CD-4718-9EAB-2511CF1C7D97, OnServiceUpdate: {namespace: "Test", service: "lzb_nearby_router", event: routing}, status: CacheNotChanged, set cacheLoaded to false, oldRevision: f678b8a3d1514d19aac90100c3ac0f88, newRevision: f678b8a3d1514d19aac90100c3ac0f88
2026-08-06 16:23:45.164740Z	info	base	inmemory/model.go:503	4747DF69-F4CD-4718-9EAB-2511CF1C7D97, OnServiceUpdate: {namespace: "Test", service: "lzb_nearby_router", event: instance}, status: CacheNotChanged, set cacheLoaded to false, oldRevision: ac5dc607bdd8072e2d316283e3d2a8b4f1466546, newRevision: ac5dc607bdd8072e2d316283e3d2a8b4f1466546
2026-08-06 16:23:47.237862Z	info	base	network/impl.go:413	get connection of discover for Discover
2026-08-06 16:23:50.168271Z	info	base	network/conn.go:116	release connection: {ID:3805015006,Address:11.143.46.238:8081,Service:{ServiceKey: {namespace: "Polaris", service: "polaris.discover"}, ClusterType: discover}}
2026-08-06 16:24:08.140207Z	info	base	schedule/routines.go:84	task quota-metric has been destroy
2026-08-06 16:24:08.140261Z	info	base	schedule/routines.go:84	task circuitBreakTask has been destroy
2026-08-06 16:24:08.140278Z	info	base	schedule/routines.go:84	task sdkConfigReportTask has been destroy
